[Licensing::Module] Trying to connect to existing licensing client channel...
Built from '6000.0/staging' branch; Version is '6000.0.75f1 (26349cd2a5c8) revision 2503836'; Using compiler version '193933523'; Build Type 'Release'
[Licensing::IpcConnector] Channel LicenseClient-Voidream doesn't exist
OS: 'Windows 11  (10.0.28120) Enterprise' Language: 'zh' Physical Memory: 32487 MB
BatchMode: 1, IsHumanControllingUs: 0, StartBugReporterOnCrash: 0, Is64bit: 1
System  architecture: x64
Process architecture: x64
Date: 2026-08-19T06:12:58Z
[Licensing::Module] Successfully launched the LicensingClient (PId: 31848)

COMMAND LINE ARGUMENTS:
C:\Program Files\Unity\Hub\Editor\6000.0.75f1\Editor\Unity.exe
-batchmode
-quit
-nographics
-projectPath
C:\Users\wjy25\Documents\Re-Threebody\upstream\ReUI
-logFile
C:\Users\wjy25\Documents\Re-Threebody\upstream\ReUI\adventure-compile2.log
Successfully changed project path to: C:\Users\wjy25\Documents\Re-Threebody\upstream\ReUI
C:/Users/wjy25/Documents/Re-Threebody/upstream/ReUI
[UnityMemory] Configuration Parameters - Can be set up in boot.config
    "memorysetup-bucket-allocator-granularity=16"
    "memorysetup-bucket-allocator-bucket-count=8"
    "memorysetup-bucket-allocator-block-size=33554432"
    "memorysetup-bucket-allocator-block-count=8"
    "memorysetup-main-allocator-block-size=16777216"
    "memorysetup-thread-allocator-block-size=16777216"
    "memorysetup-gfx-main-allocator-block-size=16777216"
    "memorysetup-gfx-thread-allocator-block-size=16777216"
    "memorysetup-cache-allocator-block-size=4194304"
    "memorysetup-typetree-allocator-block-size=2097152"
    "memorysetup-profiler-bucket-allocator-granularity=16"
    "memorysetup-profiler-bucket-allocator-bucket-count=8"
    "memorysetup-profiler-bucket-allocator-block-size=33554432"
    "memorysetup-profiler-bucket-allocator-block-count=8"
    "memorysetup-profiler-allocator-block-size=16777216"
    "memorysetup-profiler-editor-allocator-block-size=1048576"
    "memorysetup-temp-allocator-size-main=16777216"
    "memorysetup-job-temp-allocator-block-size=2097152"
    "memorysetup-job-temp-allocator-block-size-background=1048576"
    "memorysetup-job-temp-allocator-reduction-small-platforms=262144"
    "memorysetup-allocator-temp-initial-block-size-main=262144"
    "memorysetup-allocator-temp-initial-block-size-worker=262144"
    "memorysetup-temp-allocator-size-background-worker=32768"
    "memorysetup-temp-allocator-size-job-worker=262144"
    "memorysetup-temp-allocator-size-preload-manager=33554432"
    "memorysetup-temp-allocator-size-nav-mesh-worker=65536"
    "memorysetup-temp-allocator-size-audio-worker=65536"
    "memorysetup-temp-allocator-size-cloud-worker=32768"
    "memorysetup-temp-allocator-size-gi-baking-worker=262144"
    "memorysetup-temp-allocator-size-gi-baking-worker=262144"
    "memorysetup-temp-allocator-size-gi-baking-worker=262144"
    "memorysetup-temp-allocator-size-gi-baking-worker=262144"
    "memorysetup-temp-allocator-size-gi-baking-worker=262144"
    "memorysetup-temp-allocator-size-gfx=262144"
Player connection [32860]  Target information:

Player connection [32860]  * "[IP] 172.18.16.1 [Port] 55504 [Flags] 2 [Guid] 3560478246 [EditorId] 3560478246 [Version] 1048832 [Id] WindowsEditor(7,WIN-006UKCKR5SD) [Debug] 1 [PackageName] WindowsEditor [ProjectName] Editor" 

Player connection [32860]  * "[IP] 198.18.0.1 [Port] 55504 [Flags] 2 [Guid] 3560478246 [EditorId] 3560478246 [Version] 1048832 [Id] WindowsEditor(7,WIN-006UKCKR5SD) [Debug] 1 [PackageName] WindowsEditor [ProjectName] Editor" 

Player connection [32860]  * "[IP] 192.168.1.105 [Port] 55504 [Flags] 2 [Guid] 3560478246 [EditorId] 3560478246 [Version] 1048832 [Id] WindowsEditor(7,WIN-006UKCKR5SD) [Debug] 1 [PackageName] WindowsEditor [ProjectName] Editor" 

Player connection [32860] Host joined multi-casting on [225.0.0.222:54997]...
Player connection [32860] Host joined alternative multi-casting on [225.0.0.222:34997]...
Input System module state changed to: Initialized.
[Physics::Module] Initialized fallback backend.
[Physics::Module] Id: 0xdecafbad
[Licensing::IpcConnector] Successfully connected to: "LicenseClient-Voidream" at "2026-08-19T06:12:59.1566813Z"
[Package Manager] Connected to IPC stream "Upm-24644" after 0.3 seconds.
Library Redirect Path: Library/
[Licensing::Client] Code 10 while verifying Licensing Client signature (process Id: 31848, path: "C:/Program Files/Unity/Hub/Editor/6000.0.75f1/Editor/Data/Resources/Licensing/Client/Unity.Licensing.Client.exe")
[Licensing::Module] LicensingClient has failed validation; ignoring
[Physics::Module] Selected backend.
[Physics::Module] Name: PhysX
[Physics::Module] Id: 0xf2b8ea05
[Physics::Module] SDK Version: 4.1.2
[Physics::Module] Integration Version: 1.0.0
[Physics::Module] Threading Mode: Multi-Threaded
[Licensing::Client] Handshaking with LicensingClient:
  Version:                 1.17.4+4293ba1
  Session Id:              ed44a10860014af7af286d50d245e460
  Correlation Id:          b77d2f44ff8a824476a33000371557ee
  External correlation Id: 471548528333190502
  Machine Id:              WeJfFlhUrXm/oUJXcgBJuMWLvIg=
[Licensing::Module] Successfully connected to LicensingClient on channel: "LicenseClient-Voidream" (connect: 0.38s, validation: 0.27s, handshake: 0.05s)
[Licensing::IpcConnector] Successfully connected to: "LicenseClient-Voidream-notifications" at "2026-08-19T06:12:59.483106Z"
[Licensing::Module] Connected to LicensingClient (PId: 31848, launch time: 0.00, total connection time: 0.71s)
[Licensing::Module] Error: Access token is unavailable; failed to update
[Licensing::Client] Successfully resolved entitlement details
[Licensing::Module] License group:
  Id: 20067615106968-UnityPersXXXX
  Product: Unity Personal
  Type: Assigned
  Expiration: Unlimited
[Licensing::Module] Licensing is not yet initialized.
[Licensing::Client] Successfully updated license, isAsync: True, time: 0.01
[Licensing::Client] Successfully resolved entitlement details
[Licensing::Module] Licensing Background thread has ended after 0.79s
[Licensing::Module] Licensing is initialized (took 0.01s).
[Licensing::Client] Successfully resolved entitlement details
Refreshing native plugins compatible for Editor in 1.39 ms, found 0 plugins.
Preloading 0 native plugins for Editor in 0.00 ms.
Initialize engine version: 6000.0.75f1 (26349cd2a5c8)
[Subsystems] Discovering subsystems at path C:/Program Files/Unity/Hub/Editor/6000.0.75f1/Editor/Data/Resources/UnitySubsystems
[Subsystems] Discovering subsystems at path C:/Users/wjy25/Documents/Re-Threebody/upstream/ReUI/Assets
Forcing GfxDevice: Null
GfxDevice: creating device client; kGfxThreadingModeNonThreaded
NullGfxDevice:
    Version:  NULL 1.0 [1.0]
    Renderer: Null Device
    Vendor:   Unity Technologies
Initialize mono
Mono path[0] = 'C:/Program Files/Unity/Hub/Editor/6000.0.75f1/Editor/Data/Managed'
Mono path[1] = 'C:/Program Files/Unity/Hub/Editor/6000.0.75f1/Editor/Data/MonoBleedingEdge/lib/mono/unityjit-win32'
Mono config path = 'C:/Program Files/Unity/Hub/Editor/6000.0.75f1/Editor/Data/MonoBleedingEdge/etc'
Using monoOptions --debugger-agent=transport=dt_socket,embedding=1,server=y,suspend=n,address=127.0.0.1:56644
Using cacheserver namespaces - metadata:defaultmetadata, artifacts:defaultartifacts
Using cacheserver namespaces - metadata:defaultmetadata, artifacts:defaultartifacts
ImportWorker Server TCP listen port: 0
AcceleratorClientConnectionCallback - disconnected - :0
Begin MonoManager ReloadAssembly
Registering precompiled unity dll's ...
Register platform support module: C:/Program Files/Unity/Hub/Editor/6000.0.75f1/Editor/Data/PlaybackEngines/WindowsStandaloneSupport/UnityEditor.WindowsStandalone.Extensions.dll
Register platform support module: C:/Program Files/Unity/Hub/Editor/6000.0.75f1/Editor/Data/PlaybackEngines/AndroidPlayer/UnityEditor.Android.Extensions.dll
Registered in 0.002511 seconds.
- Loaded All Assemblies, in  0.273 seconds
Native extension for Android target not found
Android Extension - Scanning For ADB Devices 215 ms
Native extension for WindowsStandalone target not found
Package Manager log level set to [2]
Mono: successfully reloaded assembly
- Finished resetting the current domain, in  0.458 seconds
Domain Reload Profiling: 730ms
	BeginReloadAssembly (90ms)
		ExecutionOrderSort (0ms)
		DisableScriptedObjects (0ms)
		BackupInstance (0ms)
		ReleaseScriptingObjects (0ms)
		CreateAndSetChildDomain (0ms)
	RebuildCommonClasses (27ms)
	RebuildNativeTypeToScriptingClass (8ms)
	initialDomainReloadingComplete (34ms)
	LoadAllAssembliesAndSetupDomain (113ms)
		LoadAssemblies (89ms)
		RebuildTransferFunctionScriptingTraits (0ms)
		AnalyzeDomain (110ms)
			TypeCache.Refresh (109ms)
				TypeCache.ScanAssembly (100ms)
			BuildScriptInfoCaches (0ms)
			ResolveRequiredComponents (0ms)
	FinalizeReload (458ms)
		ReleaseScriptCaches (0ms)
		RebuildScriptCaches (0ms)
		SetupLoadedEditorAssemblies (434ms)
			LogAssemblyErrors (0ms)
			InitializePlatformSupportModulesInManaged (278ms)
			SetLoadedEditorAssemblies (3ms)
			BeforeProcessingInitializeOnLoad (37ms)
			ProcessInitializeOnLoadAttributes (77ms)
			ProcessInitializeOnLoadMethodAttributes (38ms)
			AfterProcessingInitializeOnLoad (0ms)
			EditorAssembliesLoaded (0ms)
		ExecutionOrderSort2 (0ms)
		AwakeInstancesAfterBackupRestoration (0ms)
[Licensing::Client] Successfully resolved entitlement details
[Licensing::Client] Successfully resolved entitlement details
Application.AssetDatabase Initial Refresh Start
[Package Manager] Restoring resolved packages state from cache
[Licensing::Client] Successfully resolved entitlement details
[Package Manager] Registered 50 packages:
  Packages from [https://package.openupm.com]:
    com.google.external-dependency-manager@1.2.187 (location: C:\Users\wjy25\Documents\Re-Threebody\upstream\ReUI\Library\PackageCache\com.google.external-dependency-manager@f5312a5700af)
  Packages from [https://packages.unity.com]:
    com.unity.ads@4.17.0 (location: C:\Users\wjy25\Documents\Re-Threebody\upstream\ReUI\Library\PackageCache\com.unity.ads@c6e6f61ed7d9)
    com.unity.ide.visualstudio@2.0.27 (location: C:\Users\wjy25\Documents\Re-Threebody\upstream\ReUI\Library\PackageCache\com.unity.ide.visualstudio@dc1ddd4f09b6)
    com.unity.inputsystem@1.19.0 (location: C:\Users\wjy25\Documents\Re-Threebody\upstream\ReUI\Library\PackageCache\com.unity.inputsystem@21a28c3a6c83)
    com.unity.purchasing@5.3.1 (location: C:\Users\wjy25\Documents\Re-Threebody\upstream\ReUI\Library\PackageCache\com.unity.purchasing@b69b97f74d28)
    com.unity.toolchain.win-x86_64-linux-x86_64@2.0.11 (location: C:\Users\wjy25\Documents\Re-Threebody\upstream\ReUI\Library\PackageCache\com.unity.toolchain.win-x86_64-linux-x86_64@3c4c356523ed)
    com.unity.sysroot@2.0.10 (location: C:\Users\wjy25\Documents\Re-Threebody\upstream\ReUI\Library\PackageCache\com.unity.sysroot@7bbbb9339c14)
    com.unity.sysroot.linux-x86_64@2.0.9 (location: C:\Users\wjy25\Documents\Re-Threebody\upstream\ReUI\Library\PackageCache\com.unity.sysroot.linux-x86_64@1998d1c7730e)
    com.unity.services.core@1.16.0 (location: C:\Users\wjy25\Documents\Re-Threebody\upstream\ReUI\Library\PackageCache\com.unity.services.core@8ba50f624741)
    com.unity.nuget.newtonsoft-json@3.2.1 (location: C:\Users\wjy25\Documents\Re-Threebody\upstream\ReUI\Library\PackageCache\com.unity.nuget.newtonsoft-json@74deb55db2a0)
  Built-in packages:
    com.unity.2d.sprite@1.0.0 (location: C:\Users\wjy25\Documents\Re-Threebody\upstream\ReUI\Library\PackageCache\com.unity.2d.sprite@0eb6ea2c7181)
    com.unity.multiplayer.center@1.0.0 (location: C:\Users\wjy25\Documents\Re-Threebody\upstream\ReUI\Library\PackageCache\com.unity.multiplayer.center@f3fb577b3546)
    com.unity.test-framework@1.6.0 (location: C:\Users\wjy25\Documents\Re-Threebody\upstream\ReUI\Library\PackageCache\com.unity.test-framework@082c24152fd4)
    com.unity.ugui@2.0.0 (location: C:\Users\wjy25\Documents\Re-Threebody\upstream\ReUI\Library\PackageCache\com.unity.ugui@7537063fea2b)
    com.unity.ui@2.0.0 (location: C:\Users\wjy25\Documents\Re-Threebody\upstream\ReUI\Library\PackageCache\com.unity.ui@ccd6582d7949)
    com.unity.modules.accessibility@1.0.0 (location: C:\Users\wjy25\Documents\Re-Threebody\upstream\ReUI\Library\PackageCache\com.unity.modules.accessibility)
    com.unity.modules.ai@1.0.0 (location: C:\Users\wjy25\Documents\Re-Threebody\upstream\ReUI\Library\PackageCache\com.unity.modules.ai)
    com.unity.modules.androidjni@1.0.0 (location: C:\Users\wjy25\Documents\Re-Threebody\upstream\ReUI\Library\PackageCache\com.unity.modules.androidjni)
    com.unity.modules.animation@1.0.0 (location: C:\Users\wjy25\Documents\Re-Threebody\upstream\ReUI\Library\PackageCache\com.unity.modules.animation)
    com.unity.modules.assetbundle@1.0.0 (location: C:\Users\wjy25\Documents\Re-Threebody\upstream\ReUI\Library\PackageCache\com.unity.modules.assetbundle)
    com.unity.modules.audio@1.0.0 (location: C:\Users\wjy25\Documents\Re-Threebody\upstream\ReUI\Library\PackageCache\com.unity.modules.audio)
    com.unity.modules.cloth@1.0.0 (location: C:\Users\wjy25\Documents\Re-Threebody\upstream\ReUI\Library\PackageCache\com.unity.modules.cloth)
    com.unity.modules.director@1.0.0 (location: C:\Users\wjy25\Documents\Re-Threebody\upstream\ReUI\Library\PackageCache\com.unity.modules.director)
    com.unity.modules.imageconversion@1.0.0 (location: C:\Users\wjy25\Documents\Re-Threebody\upstream\ReUI\Library\PackageCache\com.unity.modules.imageconversion)
    com.unity.modules.imgui@1.0.0 (location: C:\Users\wjy25\Documents\Re-Threebody\upstream\ReUI\Library\PackageCache\com.unity.modules.imgui)
    com.unity.modules.jsonserialize@1.0.0 (location: C:\Users\wjy25\Documents\Re-Threebody\upstream\ReUI\Library\PackageCache\com.unity.modules.jsonserialize)
    com.unity.modules.particlesystem@1.0.0 (location: C:\Users\wjy25\Documents\Re-Threebody\upstream\ReUI\Library\PackageCache\com.unity.modules.particlesystem)
    com.unity.modules.physics@1.0.0 (location: C:\Users\wjy25\Documents\Re-Threebody\upstream\ReUI\Library\PackageCache\com.unity.modules.physics)
    com.unity.modules.physics2d@1.0.0 (location: C:\Users\wjy25\Documents\Re-Threebody\upstream\ReUI\Library\PackageCache\com.unity.modules.physics2d)
    com.unity.modules.screencapture@1.0.0 (location: C:\Users\wjy25\Documents\Re-Threebody\upstream\ReUI\Library\PackageCache\com.unity.modules.screencapture)
    com.unity.modules.terrain@1.0.0 (location: C:\Users\wjy25\Documents\Re-Threebody\upstream\ReUI\Library\PackageCache\com.unity.modules.terrain)
    com.unity.modules.terrainphysics@1.0.0 (location: C:\Users\wjy25\Documents\Re-Threebody\upstream\ReUI\Library\PackageCache\com.unity.modules.terrainphysics)
    com.unity.modules.tilemap@1.0.0 (location: C:\Users\wjy25\Documents\Re-Threebody\upstream\ReUI\Library\PackageCache\com.unity.modules.tilemap)
    com.unity.modules.ui@1.0.0 (location: C:\Users\wjy25\Documents\Re-Threebody\upstream\ReUI\Library\PackageCache\com.unity.modules.ui)
    com.unity.modules.uielements@1.0.0 (location: C:\Users\wjy25\Documents\Re-Threebody\upstream\ReUI\Library\PackageCache\com.unity.modules.uielements)
    com.unity.modules.umbra@1.0.0 (location: C:\Users\wjy25\Documents\Re-Threebody\upstream\ReUI\Library\PackageCache\com.unity.modules.umbra)
    com.unity.modules.unityanalytics@1.0.0 (location: C:\Users\wjy25\Documents\Re-Threebody\upstream\ReUI\Library\PackageCache\com.unity.modules.unityanalytics)
    com.unity.modules.unitywebrequest@1.0.0 (location: C:\Users\wjy25\Documents\Re-Threebody\upstream\ReUI\Library\PackageCache\com.unity.modules.unitywebrequest)
    com.unity.modules.unitywebrequestassetbundle@1.0.0 (location: C:\Users\wjy25\Documents\Re-Threebody\upstream\ReUI\Library\PackageCache\com.unity.modules.unitywebrequestassetbundle)
    com.unity.modules.unitywebrequestaudio@1.0.0 (location: C:\Users\wjy25\Documents\Re-Threebody\upstream\ReUI\Library\PackageCache\com.unity.modules.unitywebrequestaudio)
    com.unity.modules.unitywebrequesttexture@1.0.0 (location: C:\Users\wjy25\Documents\Re-Threebody\upstream\ReUI\Library\PackageCache\com.unity.modules.unitywebrequesttexture)
    com.unity.modules.unitywebrequestwww@1.0.0 (location: C:\Users\wjy25\Documents\Re-Threebody\upstream\ReUI\Library\PackageCache\com.unity.modules.unitywebrequestwww)
    com.unity.modules.vehicles@1.0.0 (location: C:\Users\wjy25\Documents\Re-Threebody\upstream\ReUI\Library\PackageCache\com.unity.modules.vehicles)
    com.unity.modules.video@1.0.0 (location: C:\Users\wjy25\Documents\Re-Threebody\upstream\ReUI\Library\PackageCache\com.unity.modules.video)
    com.unity.modules.vr@1.0.0 (location: C:\Users\wjy25\Documents\Re-Threebody\upstream\ReUI\Library\PackageCache\com.unity.modules.vr)
    com.unity.modules.wind@1.0.0 (location: C:\Users\wjy25\Documents\Re-Threebody\upstream\ReUI\Library\PackageCache\com.unity.modules.wind)
    com.unity.modules.xr@1.0.0 (location: C:\Users\wjy25\Documents\Re-Threebody\upstream\ReUI\Library\PackageCache\com.unity.modules.xr)
    com.unity.modules.subsystems@1.0.0 (location: C:\Users\wjy25\Documents\Re-Threebody\upstream\ReUI\Library\PackageCache\com.unity.modules.subsystems)
    com.unity.modules.hierarchycore@1.0.0 (location: C:\Users\wjy25\Documents\Re-Threebody\upstream\ReUI\Library\PackageCache\com.unity.modules.hierarchycore)
    com.unity.ext.nunit@2.0.5 (location: C:\Users\wjy25\Documents\Re-Threebody\upstream\ReUI\Library\PackageCache\com.unity.ext.nunit@031a54704bff)
[Subsystems] No new subsystems found in resolved package list.
[Package Manager] Done registering packages in 0.02 seconds
[ScriptCompilation] Requested script compilation because: Assetdatabase observed changes in script compilation related files
Assembly for Assembly Definition File 'Assets/Modules/GalaxyMap/GalaxyMap.asmdef' will not be compiled, because it has no scripts associated with it.
Starting: C:\Program Files\Unity\Hub\Editor\6000.0.75f1\Editor\Data\bee_backend.exe --ipc --defer-dag-verification --dagfile="Library/Bee/1300b0aE.dag" --continue-on-failure --profile="Library/Bee/backend1.traceevents" ScriptAssemblies
WorkingDir: C:/Users/wjy25/Documents/Re-Threebody/upstream/ReUI
DisplayProgressbar: Compiling Scripts
ExitCode: 3 Duration: 0s570ms
[845/851    0s] Csc Library/Bee/artifacts/1300b0aE.dag/Assembly-CSharp.dll (+2 others)
##### CommandLine
"C:\Program Files\Unity\Hub\Editor\6000.0.75f1\Editor\Data\NetCoreRuntime\dotnet.exe" exec "C:/Program Files/Unity/Hub/Editor/6000.0.75f1/Editor/Data/DotNetSdkRoslyn/csc.dll" /nostdlib /noconfig /shared "@Library/Bee/artifacts/1300b0aE.dag/Assembly-CSharp.rsp" "@Library/Bee/artifacts/1300b0aE.dag/Assembly-CSharp.rsp2"
##### Contents of Library\Bee\artifacts\1300b0aE.dag\Assembly-CSharp.rsp
-target:library
-out:"Library/Bee/artifacts/1300b0aE.dag/Assembly-CSharp.dll"
-refout:"Library/Bee/artifacts/1300b0aE.dag/Assembly-CSharp.ref.dll"
-define:UNITY_6000_0_75
-define:UNITY_6000_0
-define:UNITY_6000
-define:UNITY_5_3_OR_NEWER
-define:UNITY_5_4_OR_NEWER
-define:UNITY_5_5_OR_NEWER
-define:UNITY_5_6_OR_NEWER
-define:UNITY_2017_1_OR_NEWER
-define:UNITY_2017_2_OR_NEWER
-define:UNITY_2017_3_OR_NEWER
-define:UNITY_2017_4_OR_NEWER
-define:UNITY_2018_1_OR_NEWER
-define:UNITY_2018_2_OR_NEWER
-define:UNITY_2018_3_OR_NEWER
-define:UNITY_2018_4_OR_NEWER
-define:UNITY_2019_1_OR_NEWER
-define:UNITY_2019_2_OR_NEWER
-define:UNITY_2019_3_OR_NEWER
-define:UNITY_2019_4_OR_NEWER
-define:UNITY_2020_1_OR_NEWER
-define:UNITY_2020_2_OR_NEWER
-define:UNITY_2020_3_OR_NEWER
-define:UNITY_2021_1_OR_NEWER
-define:UNITY_2021_2_OR_NEWER
-define:UNITY_2021_3_OR_NEWER
-define:UNITY_2022_1_OR_NEWER
-define:UNITY_2022_2_OR_NEWER
-define:UNITY_2022_3_OR_NEWER
-define:UNITY_2023_1_OR_NEWER
-define:UNITY_2023_2_OR_NEWER
-define:UNITY_2023_3_OR_NEWER
-define:UNITY_6000_0_OR_NEWER
-define:UNITY_INCLUDE_TESTS
-define:ENABLE_AR
-define:ENABLE_AUDIO
-define:ENABLE_CACHING
-define:ENABLE_CLOTH
-define:ENABLE_EVENT_QUEUE
-define:ENABLE_MICROPHONE
-define:ENABLE_MULTIPLE_DISPLAYS
-define:ENABLE_PHYSICS
-define:ENABLE_TEXTURE_STREAMING
-define:ENABLE_LZMA
-define:ENABLE_UNITYEVENTS
-define:ENABLE_VR
-define:ENABLE_WEBCAM
-define:ENABLE_UNITYWEBREQUEST
-define:ENABLE_WWW
-define:ENABLE_CLOUD_SERVICES
-define:ENABLE_CLOUD_SERVICES_ADS
-define:ENABLE_CLOUD_SERVICES_USE_WEBREQUEST
-define:ENABLE_UNITY_CONSENT
-define:ENABLE_UNITY_CLOUD_IDENTIFIERS
-define:ENABLE_CLOUD_SERVICES_CRASH_REPORTING
-define:ENABLE_CLOUD_SERVICES_NATIVE_CRASH_REPORTING
-define:ENABLE_CLOUD_SERVICES_PURCHASING
-define:ENABLE_CLOUD_SERVICES_ANALYTICS
-define:ENABLE_CLOUD_SERVICES_BUILD
-define:ENABLE_EDITOR_GAME_SERVICES
-define:ENABLE_UNITY_GAME_SERVICES_ANALYTICS_SUPPORT
-define:ENABLE_CLOUD_LICENSE
-define:ENABLE_EDITOR_HUB_LICENSE
-define:ENABLE_WEBSOCKET_CLIENT
-define:ENABLE_GENERATE_NATIVE_PLUGINS_FOR_ASSEMBLIES_API
-define:ENABLE_DIRECTOR_AUDIO
-define:ENABLE_DIRECTOR_TEXTURE
-define:ENABLE_MANAGED_JOBS
-define:ENABLE_MANAGED_TRANSFORM_JOBS
-define:ENABLE_MANAGED_ANIMATION_JOBS
-define:ENABLE_MANAGED_AUDIO_JOBS
-define:ENABLE_ENGINE_CODE_STRIPPING
-define:ENABLE_ONSCREEN_KEYBOARD
-define:ENABLE_MANAGED_UNITYTLS
-define:INCLUDE_DYNAMIC_GI
-define:ENABLE_SCRIPTING_GC_WBARRIERS
-define:PLATFORM_SUPPORTS_MONO
-define:ENABLE_MARSHALLING_TESTS
-define:ENABLE_VIDEO
-define:ENABLE_NAVIGATION_OFFMESHLINK_TO_NAVMESHLINK
-define:ENABLE_ACCELERATOR_CLIENT_DEBUGGING
-define:ENABLE_ACCESSIBILITY
-define:TEXTCORE_1_0_OR_NEWER
-define:EDITOR_ONLY_NAVMESH_BUILDER_DEPRECATED
-define:PLATFORM_ANDROID
-define:UNITY_ANDROID
-define:UNITY_ANDROID_API
-define:ENABLE_EGL
-define:ENABLE_NETWORK
-define:ENABLE_RUNTIME_GI
-define:ENABLE_CRUNCH_TEXTURE_COMPRESSION
-define:ENABLE_CLOUD_SERVICES_ENGINE_DIAGNOSTICS
-define:ENABLE_FIREBASE_IDENTIFIERS
-define:UNITY_CAN_SHOW_SPLASH_SCREEN
-define:UNITY_HAS_GOOGLEVR
-define:UNITY_HAS_TANGO
-define:ENABLE_SPATIALTRACKING
-define:ENABLE_ETC_COMPRESSION
-define:PLATFORM_EXTENDS_VULKAN_DEVICE
-define:PLATFORM_HAS_MULTIPLE_SWAPCHAINS
-define:UNITY_ANDROID_SUPPORTS_SHADOWFILES
-define:PLATFORM_UPDATES_TIME_OUTSIDE_OF_PLAYER_LOOP
-define:PLATFORM_EXTENDS_VULKAN_PIPELINE_CACHE
-define:PLATFORM_SUPPORTS_SPLIT_GRAPHICS_JOBS
-define:PLATFORM_HAS_ADDITIONAL_API_CHECKS
-define:PLATFORM_IMPLEMENTS_INSIGHTS_ANR
-define:PLATFORM_SUPPORTS_INSIGHTS_DEVICE_INFO
-define:ENABLE_ANDROID_ADVERTISING_IDS
-define:PLATFORM_HAS_BUGGY_MSAA_RESOLVE
-define:ENABLE_ANDROID_APP_SET_ID
-define:ENABLE_INSIGHTS_PLATFORM_SPECIFIC_RESOURCES
-define:PLATFORM_REQUIRES_TETHERED_VULKAN_COMMAND_POOL
-define:ENABLE_UNITYADS_RUNTIME
-define:UNITY_UNITYADS_API
-define:ENABLE_MONO
-define:NET_STANDARD_2_0
-define:NET_STANDARD
-define:NET_STANDARD_2_1
-define:NETSTANDARD
-define:NETSTANDARD2_1
-define:ENABLE_PROFILER
-define:DEBUG
-define:TRACE
-define:UNITY_ASSERTIONS
-define:UNITY_EDITOR
-define:UNITY_EDITOR_64
-define:UNITY_EDITOR_WIN
-define:ENABLE_UNITY_COLLECTIONS_CHECKS
-define:ENABLE_BURST_AOT
-define:UNITY_TEAM_LICENSE
-define:ENABLE_CUSTOM_RENDER_TEXTURE
-define:ENABLE_DIRECTOR
-define:ENABLE_LOCALIZATION
-define:ENABLE_SPRITES
-define:ENABLE_TERRAIN
-define:ENABLE_TILEMAP
-define:ENABLE_TIMELINE
-define:ENABLE_INPUT_SYSTEM
-define:TEXTCORE_FONT_ENGINE_1_5_OR_NEWER
-define:TEXTCORE_TEXT_ENGINE_1_5_OR_NEWER
-define:UNITY_ASSERTIONS
-define:ADS_GOOGLE
-define:IAP_UNITY
-define:LICENSE_OPENSOURCE
-define:STORE_GOOGLE
-define:CSHARP_7_OR_LATER
-define:CSHARP_7_3_OR_NEWER
-r:"Assets/Plugins/Zenject/OptionalExtras/ReflectionBaking/Lib/Zenject.ReflectionBaking.Mono.Cecil.Mdb.dll"
-r:"Assets/Plugins/Zenject/OptionalExtras/ReflectionBaking/Lib/Zenject.ReflectionBaking.Mono.Cecil.Pdb.dll"
-r:"Assets/Plugins/Zenject/OptionalExtras/ReflectionBaking/Lib/Zenject.ReflectionBaking.Mono.Cecil.Rocks.dll"
-r:"Assets/Plugins/Zenject/OptionalExtras/ReflectionBaking/Lib/Zenject.ReflectionBaking.Mono.Cecil.dll"
-r:"Assets/Plugins/Zenject/Source/Usage/Zenject-usage.dll"
-r:"Assets/SimpleZip/Plugins/IonicZlib.dll"
-r:"C:/Program Files/Unity/Hub/Editor/6000.0.75f1/Editor/Data/Managed/UnityEngine/UnityEditor.AccessibilityModule.dll"
-r:"C:/Program Files/Unity/Hub/Editor/6000.0.75f1/Editor/Data/Managed/UnityEngine/UnityEditor.AdaptivePerformanceModule.dll"
-r:"C:/Program Files/Unity/Hub/Editor/6000.0.75f1/Editor/Data/Managed/UnityEngine/UnityEditor.BuildProfileModule.dll"
-r:"C:/Program Files/Unity/Hub/Editor/6000.0.75f1/Editor/Data/Managed/UnityEngine/UnityEditor.CoreBusinessMetricsModule.dll"
-r:"C:/Program Files/Unity/Hub/Editor/6000.0.75f1/Editor/Data/Managed/UnityEngine/UnityEditor.CoreModule.dll"
-r:"C:/Program Files/Unity/Hub/Editor/6000.0.75f1/Editor/Data/Managed/UnityEngine/UnityEditor.DeviceSimulatorModule.dll"
-r:"C:/Program Files/Unity/Hub/Editor/6000.0.75f1/Editor/Data/Managed/UnityEngine/UnityEditor.DiagnosticsModule.dll"
-r:"C:/Program Files/Unity/Hub/Editor/6000.0.75f1/Editor/Data/Managed/UnityEngine/UnityEditor.EditorToolbarModule.dll"
-r:"C:/Program Files/Unity/Hub/Editor/6000.0.75f1/Editor/Data/Managed/UnityEngine/UnityEditor.EmbreeModule.dll"
-r:"C:/Program Files/Unity/Hub/Editor/6000.0.75f1/Editor/Data/Managed/UnityEngine/UnityEditor.GIModule.dll"
-r:"C:/Program Files/Unity/Hub/Editor/6000.0.75f1/Editor/Data/Managed/UnityEngine/UnityEditor.GraphViewModule.dll"
-r:"C:/Program Files/Unity/Hub/Editor/6000.0.75f1/Editor/Data/Managed/UnityEngine/UnityEditor.GraphicsStateCollectionSerializerModule.dll"
-r:"C:/Program Files/Unity/Hub/Editor/6000.0.75f1/Editor/Data/Managed/UnityEngine/UnityEditor.GridAndSnapModule.dll"
-r:"C:/Program Files/Unity/Hub/Editor/6000.0.75f1/Editor/Data/Managed/UnityEngine/UnityEditor.GridModule.dll"
-r:"C:/Program Files/Unity/Hub/Editor/6000.0.75f1/Editor/Data/Managed/UnityEngine/UnityEditor.MultiplayerModule.dll"
-r:"C:/Program Files/Unity/Hub/Editor/6000.0.75f1/Editor/Data/Managed/UnityEngine/UnityEditor.Physics2DModule.dll"
-r:"C:/Program Files/Unity/Hub/Editor/6000.0.75f1/Editor/Data/Managed/UnityEngine/UnityEditor.PhysicsModule.dll"
-r:"C:/Program Files/Unity/Hub/Editor/6000.0.75f1/Editor/Data/Managed/UnityEngine/UnityEditor.PresetsUIModule.dll"
-r:"C:/Program Files/Unity/Hub/Editor/6000.0.75f1/Editor/Data/Managed/UnityEngine/UnityEditor.PropertiesModule.dll"
-r:"C:/Program Files/Unity/Hub/Editor/6000.0.75f1/Editor/Data/Managed/UnityEngine/UnityEditor.QuickInstallModule.dll"
-r:"C:/Program Files/Unity/Hub/Editor/6000.0.75f1/Editor/Data/Managed/UnityEngine/UnityEditor.QuickSearchModule.dll"
-r:"C:/Program Files/Unity/Hub/Editor/6000.0.75f1/Editor/Data/Managed/UnityEngine/UnityEditor.SafeModeModule.dll"
-r:"C:/Program Files/Unity/Hub/Editor/6000.0.75f1/Editor/Data/Managed/UnityEngine/UnityEditor.SceneTemplateModule.dll"
-r:"C:/Program Files/Unity/Hub/Editor/6000.0.75f1/Editor/Data/Managed/UnityEngine/UnityEditor.SceneViewModule.dll"
-r:"C:/Program Files/Unity/Hub/Editor/6000.0.75f1/Editor/Data/Managed/UnityEngine/UnityEditor.ShaderFoundryModule.dll"
-r:"C:/Program Files/Unity/Hub/Editor/6000.0.75f1/Editor/Data/Managed/UnityEngine/UnityEditor.SketchUpModule.dll"
-r:"C:/Program Files/Unity/Hub/Editor/6000.0.75f1/Editor/Data/Managed/UnityEngine/UnityEditor.SpriteMaskModule.dll"
-r:"C:/Program Files/Unity/Hub/Editor/6000.0.75f1/Editor/Data/Managed/UnityEngine/UnityEditor.SpriteShapeModule.dll"
-r:"C:/Program Files/Unity/Hub/Editor/6000.0.75f1/Editor/Data/Managed/UnityEngine/UnityEditor.SubstanceModule.dll"
-r:"C:/Program Files/Unity/Hub/Editor/6000.0.75f1/Editor/Data/Managed/UnityEngine/UnityEditor.TerrainModule.dll"
-r:"C:/Program Files/Unity/Hub/Editor/6000.0.75f1/Editor/Data/Managed/UnityEngine/UnityEditor.TextCoreFontEngineModule.dll"
-r:"C:/Program Files/Unity/Hub/Editor/6000.0.75f1/Editor/Data/Managed/UnityEngine/UnityEditor.TextCoreTextEngineModule.dll"
-r:"C:/Program Files/Unity/Hub/Editor/6000.0.75f1/Editor/Data/Managed/UnityEngine/UnityEditor.TextRenderingModule.dll"
-r:"C:/Program Files/Unity/Hub/Editor/6000.0.75f1/Editor/Data/Managed/UnityEngine/UnityEditor.TilemapModule.dll"
-r:"C:/Program Files/Unity/Hub/Editor/6000.0.75f1/Editor/Data/Managed/UnityEngine/UnityEditor.TreeModule.dll"
-r:"C:/Program Files/Unity/Hub/Editor/6000.0.75f1/Editor/Data/Managed/UnityEngine/UnityEditor.UIAutomationModule.dll"
-r:"C:/Program Files/Unity/Hub/Editor/6000.0.75f1/Editor/Data/Managed/UnityEngine/UnityEditor.UIBuilderModule.dll"
-r:"C:/Program Files/Unity/Hub/Editor/6000.0.75f1/Editor/Data/Managed/UnityEngine/UnityEditor.UIElementsModule.dll"
-r:"C:/Program Files/Unity/Hub/Editor/6000.0.75f1/Editor/Data/Managed/UnityEngine/UnityEditor.UIElementsSamplesModule.dll"
-r:"C:/Program Files/Unity/Hub/Editor/6000.0.75f1/Editor/Data/Managed/UnityEngine/UnityEditor.UmbraModule.dll"
-r:"C:/Program Files/Unity/Hub/Editor/6000.0.75f1/Editor/Data/Managed/UnityEngine/UnityEditor.UnityConnectModule.dll"
-r:"C:/Program Files/Unity/Hub/Editor/6000.0.75f1/Editor/Data/Managed/UnityEngine/UnityEditor.VFXModule.dll"
-r:"C:/Program Files/Unity/Hub/Editor/6000.0.75f1/Editor/Data/Managed/UnityEngine/UnityEditor.VideoModule.dll"
-r:"C:/Program Files/Unity/Hub/Editor/6000.0.75f1/Editor/Data/Managed/UnityEngine/UnityEditor.XRModule.dll"
-r:"C:/Program Files/Unity/Hub/Editor/6000.0.75f1/Editor/Data/Managed/UnityEngine/UnityEditor.dll"
-r:"C:/Program Files/Unity/Hub/Editor/6000.0.75f1/Editor/Data/Managed/UnityEngine/UnityEngine.AIModule.dll"
-r:"C:/Program Files/Unity/Hub/Editor/6000.0.75f1/Editor/Data/Managed/UnityEngine/UnityEngine.ARModule.dll"
-r:"C:/Program Files/Unity/Hub/Editor/6000.0.75f1/Editor/Data/Managed/UnityEngine/UnityEngine.AccessibilityModule.dll"
-r:"C:/Program Files/Unity/Hub/Editor/6000.0.75f1/Editor/Data/Managed/UnityEngine/UnityEngine.AndroidJNIModule.dll"
-r:"C:/Program Files/Unity/Hub/Editor/6000.0.75f1/Editor/Data/Managed/UnityEngine/UnityEngine.AnimationModule.dll"
-r:"C:/Program Files/Unity/Hub/Editor/6000.0.75f1/Editor/Data/Managed/UnityEngine/UnityEngine.AssetBundleModule.dll"
-r:"C:/Program Files/Unity/Hub/Editor/6000.0.75f1/Editor/Data/Managed/UnityEngine/UnityEngine.AudioModule.dll"
-r:"C:/Program Files/Unity/Hub/Editor/6000.0.75f1/Editor/Data/Managed/UnityEngine/UnityEngine.ClothModule.dll"
-r:"C:/Program Files/Unity/Hub/Editor/6000.0.75f1/Editor/Data/Managed/UnityEngine/UnityEngine.ContentLoadModule.dll"
-r:"C:/Program Files/Unity/Hub/Editor/6000.0.75f1/Editor/Data/Managed/UnityEngine/UnityEngine.CoreModule.dll"
-r:"C:/Program Files/Unity/Hub/Editor/6000.0.75f1/Editor/Data/Managed/UnityEngine/UnityEngine.CrashReportingModule.dll"
-r:"C:/Program Files/Unity/Hub/Editor/6000.0.75f1/Editor/Data/Managed/UnityEngine/UnityEngine.DSPGraphModule.dll"
-r:"C:/Program Files/Unity/Hub/Editor/6000.0.75f1/Editor/Data/Managed/UnityEngine/UnityEngine.DirectorModule.dll"
-r:"C:/Program Files/Unity/Hub/Editor/6000.0.75f1/Editor/Data/Managed/UnityEngine/UnityEngine.GIModule.dll"
-r:"C:/Program Files/Unity/Hub/Editor/6000.0.75f1/Editor/Data/Managed/UnityEngine/UnityEngine.GameCenterModule.dll"
-r:"C:/Program Files/Unity/Hub/Editor/6000.0.75f1/Editor/Data/Managed/UnityEngine/UnityEngine.GraphicsStateCollectionSerializerModule.dll"
-r:"C:/Program Files/Unity/Hub/Editor/6000.0.75f1/Editor/Data/Managed/UnityEngine/UnityEngine.GridModule.dll"
-r:"C:/Program Files/Unity/Hub/Editor/6000.0.75f1/Editor/Data/Managed/UnityEngine/UnityEngine.HierarchyCoreModule.dll"
-r:"C:/Program Files/Unity/Hub/Editor/6000.0.75f1/Editor/Data/Managed/UnityEngine/UnityEngine.HotReloadModule.dll"
-r:"C:/Program Files/Unity/Hub/Editor/6000.0.75f1/Editor/Data/Managed/UnityEngine/UnityEngine.IMGUIModule.dll"
-r:"C:/Program Files/Unity/Hub/Editor/6000.0.75f1/Editor/Data/Managed/UnityEngine/UnityEngine.IdentifiersModule.dll"
-r:"C:/Program Files/Unity/Hub/Editor/6000.0.75f1/Editor/Data/Managed/UnityEngine/UnityEngine.ImageConversionModule.dll"
-r:"C:/Program Files/Unity/Hub/Editor/6000.0.75f1/Editor/Data/Managed/UnityEngine/UnityEngine.InputForUIModule.dll"
-r:"C:/Program Files/Unity/Hub/Editor/6000.0.75f1/Editor/Data/Managed/UnityEngine/UnityEngine.InputLegacyModule.dll"
-r:"C:/Program Files/Unity/Hub/Editor/6000.0.75f1/Editor/Data/Managed/UnityEngine/UnityEngine.InputModule.dll"
-r:"C:/Program Files/Unity/Hub/Editor/6000.0.75f1/Editor/Data/Managed/UnityEngine/UnityEngine.InsightsModule.dll"
-r:"C:/Program Files/Unity/Hub/Editor/6000.0.75f1/Editor/Data/Managed/UnityEngine/UnityEngine.JSONSerializeModule.dll"
-r:"C:/Program Files/Unity/Hub/Editor/6000.0.75f1/Editor/Data/Managed/UnityEngine/UnityEngine.LocalizationModule.dll"
-r:"C:/Program Files/Unity/Hub/Editor/6000.0.75f1/Editor/Data/Managed/UnityEngine/UnityEngine.MarshallingModule.dll"
-r:"C:/Program Files/Unity/Hub/Editor/6000.0.75f1/Editor/Data/Managed/UnityEngine/UnityEngine.MultiplayerModule.dll"
-r:"C:/Program Files/Unity/Hub/Editor/6000.0.75f1/Editor/Data/Managed/UnityEngine/UnityEngine.ParticleSystemModule.dll"
-r:"C:/Program Files/Unity/Hub/Editor/6000.0.75f1/Editor/Data/Managed/UnityEngine/UnityEngine.PerformanceReportingModule.dll"
-r:"C:/Program Files/Unity/Hub/Editor/6000.0.75f1/Editor/Data/Managed/UnityEngine/UnityEngine.Physics2DModule.dll"
-r:"C:/Program Files/Unity/Hub/Editor/6000.0.75f1/Editor/Data/Managed/UnityEngine/UnityEngine.PhysicsModule.dll"
-r:"C:/Program Files/Unity/Hub/Editor/6000.0.75f1/Editor/Data/Managed/UnityEngine/UnityEngine.PropertiesModule.dll"
-r:"C:/Program Files/Unity/Hub/Editor/6000.0.75f1/Editor/Data/Managed/UnityEngine/UnityEngine.RuntimeInitializeOnLoadManagerInitializerModule.dll"
-r:"C:/Program Files/Unity/Hub/Editor/6000.0.75f1/Editor/Data/Managed/UnityEngine/UnityEngine.ScreenCaptureModule.dll"
-r:"C:/Program Files/Unity/Hub/Editor/6000.0.75f1/Editor/Data/Managed/UnityEngine/UnityEngine.ShaderVariantAnalyticsModule.dll"
-r:"C:/Program Files/Unity/Hub/Editor/6000.0.75f1/Editor/Data/Managed/UnityEngine/UnityEngine.SharedInternalsModule.dll"
-r:"C:/Program Files/Unity/Hub/Editor/6000.0.75f1/Editor/Data/Managed/UnityEngine/UnityEngine.SpriteMaskModule.dll"
-r:"C:/Program Files/Unity/Hub/Editor/6000.0.75f1/Editor/Data/Managed/UnityEngine/UnityEngine.SpriteShapeModule.dll"
-r:"C:/Program Files/Unity/Hub/Editor/6000.0.75f1/Editor/Data/Managed/UnityEngine/UnityEngine.StreamingModule.dll"
-r:"C:/Program Files/Unity/Hub/Editor/6000.0.75f1/Editor/Data/Managed/UnityEngine/UnityEngine.SubstanceModule.dll"
-r:"C:/Program Files/Unity/Hub/Editor/6000.0.75f1/Editor/Data/Managed/UnityEngine/UnityEngine.SubsystemsModule.dll"
-r:"C:/Program Files/Unity/Hub/Editor/6000.0.75f1/Editor/Data/Managed/UnityEngine/UnityEngine.TLSModule.dll"
-r:"C:/Program Files/Unity/Hub/Editor/6000.0.75f1/Editor/Data/Managed/UnityEngine/UnityEngine.TerrainModule.dll"
-r:"C:/Program Files/Unity/Hub/Editor/6000.0.75f1/Editor/Data/Managed/UnityEngine/UnityEngine.TerrainPhysicsModule.dll"
-r:"C:/Program Files/Unity/Hub/Editor/6000.0.75f1/Editor/Data/Managed/UnityEngine/UnityEngine.TextCoreFontEngineModule.dll"
-r:"C:/Program Files/Unity/Hub/Editor/6000.0.75f1/Editor/Data/Managed/UnityEngine/UnityEngine.TextCoreTextEngineModule.dll"
-r:"C:/Program Files/Unity/Hub/Editor/6000.0.75f1/Editor/Data/Managed/UnityEngine/UnityEngine.TextRenderingModule.dll"
-r:"C:/Program Files/Unity/Hub/Editor/6000.0.75f1/Editor/Data/Managed/UnityEngine/UnityEngine.TilemapModule.dll"
-r:"C:/Program Files/Unity/Hub/Editor/6000.0.75f1/Editor/Data/Managed/UnityEngine/UnityEngine.UIElementsModule.dll"
-r:"C:/Program Files/Unity/Hub/Editor/6000.0.75f1/Editor/Data/Managed/UnityEngine/UnityEngine.UIModule.dll"
-r:"C:/Program Files/Unity/Hub/Editor/6000.0.75f1/Editor/Data/Managed/UnityEngine/UnityEngine.UmbraModule.dll"
-r:"C:/Program Files/Unity/Hub/Editor/6000.0.75f1/Editor/Data/Managed/UnityEngine/UnityEngine.UnityAnalyticsCommonModule.dll"
-r:"C:/Program Files/Unity/Hub/Editor/6000.0.75f1/Editor/Data/Managed/UnityEngine/UnityEngine.UnityAnalyticsModule.dll"
-r:"C:/Program Files/Unity/Hub/Editor/6000.0.75f1/Editor/Data/Managed/UnityEngine/UnityEngine.UnityConnectModule.dll"
-r:"C:/Program Files/Unity/Hub/Editor/6000.0.75f1/Editor/Data/Managed/UnityEngine/UnityEngine.UnityConsentModule.dll"
-r:"C:/Program Files/Unity/Hub/Editor/6000.0.75f1/Editor/Data/Managed/UnityEngine/UnityEngine.UnityCurlModule.dll"
-r:"C:/Program Files/Unity/Hub/Editor/6000.0.75f1/Editor/Data/Managed/UnityEngine/UnityEngine.UnityTestProtocolModule.dll"
-r:"C:/Program Files/Unity/Hub/Editor/6000.0.75f1/Editor/Data/Managed/UnityEngine/UnityEngine.UnityWebRequestAssetBundleModule.dll"
-r:"C:/Program Files/Unity/Hub/Editor/6000.0.75f1/Editor/Data/Managed/UnityEngine/UnityEngine.UnityWebRequestAudioModule.dll"
-r:"C:/Program Files/Unity/Hub/Editor/6000.0.75f1/Editor/Data/Managed/UnityEngine/UnityEngine.UnityWebRequestModule.dll"
-r:"C:/Program Files/Unity/Hub/Editor/6000.0.75f1/Editor/Data/Managed/UnityEngine/UnityEngine.UnityWebRequestTextureModule.dll"
-r:"C:/Program Files/Unity/Hub/Editor/6000.0.75f1/Editor/Data/Managed/UnityEngine/UnityEngine.UnityWebRequestWWWModule.dll"
-r:"C:/Program Files/Unity/Hub/Editor/6000.0.75f1/Editor/Data/Managed/UnityEngine/UnityEngine.VFXModule.dll"
-r:"C:/Program Files/Unity/Hub/Editor/6000.0.75f1/Editor/Data/Managed/UnityEngine/UnityEngine.VRModule.dll"
-r:"C:/Program Files/Unity/Hub/Editor/6000.0.75f1/Editor/Data/Managed/UnityEngine/UnityEngine.VehiclesModule.dll"
-r:"C:/Program Files/Unity/Hub/Editor/6000.0.75f1/Editor/Data/Managed/UnityEngine/UnityEngine.VideoModule.dll"
-r:"C:/Program Files/Unity/Hub/Editor/6000.0.75f1/Editor/Data/Managed/UnityEngine/UnityEngine.WindModule.dll"
-r:"C:/Program Files/Unity/Hub/Editor/6000.0.75f1/Editor/Data/Managed/UnityEngine/UnityEngine.XRModule.dll"
-r:"C:/Program Files/Unity/Hub/Editor/6000.0.75f1/Editor/Data/Managed/UnityEngine/UnityEngine.dll"
-r:"C:/Program Files/Unity/Hub/Editor/6000.0.75f1/Editor/Data/NetStandard/Extensions/2.0.0/System.Runtime.InteropServices.WindowsRuntime.dll"
-r:"C:/Program Files/Unity/Hub/Editor/6000.0.75f1/Editor/Data/NetStandard/compat/2.1.0/shims/netfx/System.ComponentModel.Composition.dll"
-r:"C:/Program Files/Unity/Hub/Editor/6000.0.75f1/Editor/Data/NetStandard/compat/2.1.0/shims/netfx/System.Core.dll"
-r:"C:/Program Files/Unity/Hub/Editor/6000.0.75f1/Editor/Data/NetStandard/compat/2.1.0/shims/netfx/System.Data.dll"
-r:"C:/Program Files/Unity/Hub/Editor/6000.0.75f1/Editor/Data/NetStandard/compat/2.1.0/shims/netfx/System.Drawing.dll"
-r:"C:/Program Files/Unity/Hub/Editor/6000.0.75f1/Editor/Data/NetStandard/compat/2.1.0/shims/netfx/System.IO.Compression.FileSystem.dll"
-r:"C:/Program Files/Unity/Hub/Editor/6000.0.75f1/Editor/Data/NetStandard/compat/2.1.0/shims/netfx/System.Net.dll"
-r:"C:/Program Files/Unity/Hub/Editor/6000.0.75f1/Editor/Data/NetStandard/compat/2.1.0/shims/netfx/System.Numerics.dll"
-r:"C:/Program Files/Unity/Hub/Editor/6000.0.75f1/Editor/Data/NetStandard/compat/2.1.0/shims/netfx/System.Runtime.Serialization.dll"
-r:"C:/Program Files/Unity/Hub/Editor/6000.0.75f1/Editor/Data/NetStandard/compat/2.1.0/shims/netfx/System.ServiceModel.Web.dll"
-r:"C:/Program Files/Unity/Hub/Editor/6000.0.75f1/Editor/Data/NetStandard/compat/2.1.0/shims/netfx/System.Transactions.dll"
-r:"C:/Program Files/Unity/Hub/Editor/6000.0.75f1/Editor/Data/NetStandard/compat/2.1.0/shims/netfx/System.Web.dll"
-r:"C:/Program Files/Unity/Hub/Editor/6000.0.75f1/Editor/Data/NetStandard/compat/2.1.0/shims/netfx/System.Windows.dll"
-r:"C:/Program Files/Unity/Hub/Editor/6000.0.75f1/Editor/Data/NetStandard/compat/2.1.0/shims/netfx/System.Xml.Linq.dll"
-r:"C:/Program Files/Unity/Hub/Editor/6000.0.75f1/Editor/Data/NetStandard/compat/2.1.0/shims/netfx/System.Xml.Serialization.dll"
-r:"C:/Program Files/Unity/Hub/Editor/6000.0.75f1/Editor/Data/NetStandard/compat/2.1.0/shims/netfx/System.Xml.dll"
-r:"C:/Program Files/Unity/Hub/Editor/6000.0.75f1/Editor/Data/NetStandard/compat/2.1.0/shims/netfx/System.dll"
-r:"C:/Program Files/Unity/Hub/Editor/6000.0.75f1/Editor/Data/NetStandard/compat/2.1.0/shims/netfx/mscorlib.dll"
-r:"C:/Program Files/Unity/Hub/Editor/6000.0.75f1/Editor/Data/NetStandard/compat/2.1.0/shims/netstandard/Microsoft.Win32.Primitives.dll"
-r:"C:/Program Files/Unity/Hub/Editor/6000.0.75f1/Editor/Data/NetStandard/compat/2.1.0/shims/netstandard/System.AppContext.dll"
-r:"C:/Program Files/Unity/Hub/Editor/6000.0.75f1/Editor/Data/NetStandard/compat/2.1.0/shims/netstandard/System.Buffers.dll"
-r:"C:/Program Files/Unity/Hub/Editor/6000.0.75f1/Editor/Data/NetStandard/compat/2.1.0/shims/netstandard/System.Collections.Concurrent.dll"
-r:"C:/Program Files/Unity/Hub/Editor/6000.0.75f1/Editor/Data/NetStandard/compat/2.1.0/shims/netstandard/System.Collections.NonGeneric.dll"
-r:"C:/Program Files/Unity/Hub/Editor/6000.0.75f1/Editor/Data/NetStandard/compat/2.1.0/shims/netstandard/System.Collections.Specialized.dll"
-r:"C:/Program Files/Unity/Hub/Editor/6000.0.75f1/Editor/Data/NetStandard/compat/2.1.0/shims/netstandard/System.Collections.dll"
-r:"C:/Program Files/Unity/Hub/Editor/6000.0.75f1/Editor/Data/NetStandard/compat/2.1.0/shims/netstandard/System.ComponentModel.EventBasedAsync.dll"
-r:"C:/Program Files/Unity/Hub/Editor/6000.0.75f1/Editor/Data/NetStandard/compat/2.1.0/shims/netstandard/System.ComponentModel.Primitives.dll"
-r:"C:/Program Files/Unity/Hub/Editor/6000.0.75f1/Editor/Data/NetStandard/compat/2.1.0/shims/netstandard/System.ComponentModel.TypeConverter.dll"
-r:"C:/Program Files/Unity/Hub/Editor/6000.0.75f1/Editor/Data/NetStandard/compat/2.1.0/shims/netstandard/System.ComponentModel.dll"
-r:"C:/Program Files/Unity/Hub/Editor/6000.0.75f1/Editor/Data/NetStandard/compat/2.1.0/shims/netstandard/System.Console.dll"
-r:"C:/Program Files/Unity/Hub/Editor/6000.0.75f1/Editor/Data/NetStandard/compat/2.1.0/shims/netstandard/System.Data.Common.dll"
-r:"C:/Program Files/Unity/Hub/Editor/6000.0.75f1/Editor/Data/NetStandard/compat/2.1.0/shims/netstandard/System.Diagnostics.Contracts.dll"
-r:"C:/Program Files/Unity/Hub/Editor/6000.0.75f1/Editor/Data/NetStandard/compat/2.1.0/shims/netstandard/System.Diagnostics.Debug.dll"
-r:"C:/Program Files/Unity/Hub/Editor/6000.0.75f1/Editor/Data/NetStandard/compat/2.1.0/shims/netstandard/System.Diagnostics.FileVersionInfo.dll"
-r:"C:/Program Files/Unity/Hub/Editor/6000.0.75f1/Editor/Data/NetStandard/compat/2.1.0/shims/netstandard/System.Diagnostics.Process.dll"
-r:"C:/Program Files/Unity/Hub/Editor/6000.0.75f1/Editor/Data/NetStandard/compat/2.1.0/shims/netstandard/System.Diagnostics.StackTrace.dll"
-r:"C:/Program Files/Unity/Hub/Editor/6000.0.75f1/Editor/Data/NetStandard/compat/2.1.0/shims/netstandard/System.Diagnostics.TextWriterTraceListener.dll"
-r:"C:/Program Files/Unity/Hub/Editor/6000.0.75f1/Editor/Data/NetStandard/compat/2.1.0/shims/netstandard/System.Diagnostics.Tools.dll"
-r:"C:/Program Files/Unity/Hub/Editor/6000.0.75f1/Editor/Data/NetStandard/compat/2.1.0/shims/netstandard/System.Diagnostics.TraceSource.dll"
-r:"C:/Program Files/Unity/Hub/Editor/6000.0.75f1/Editor/Data/NetStandard/compat/2.1.0/shims/netstandard/System.Diagnostics.Tracing.dll"
-r:"C:/Program Files/Unity/Hub/Editor/6000.0.75f1/Editor/Data/NetStandard/compat/2.1.0/shims/netstandard/System.Drawing.Primitives.dll"
-r:"C:/Program Files/Unity/Hub/Editor/6000.0.75f1/Editor/Data/NetStandard/compat/2.1.0/shims/netstandard/System.Dynamic.Runtime.dll"
-r:"C:/Program Files/Unity/Hub/Editor/6000.0.75f1/Editor/Data/NetStandard/compat/2.1.0/shims/netstandard/System.Globalization.Calendars.dll"
-r:"C:/Program Files/Unity/Hub/Editor/6000.0.75f1/Editor/Data/NetStandard/compat/2.1.0/shims/netstandard/System.Globalization.Extensions.dll"
-r:"C:/Program Files/Unity/Hub/Editor/6000.0.75f1/Editor/Data/NetStandard/compat/2.1.0/shims/netstandard/System.Globalization.dll"
-r:"C:/Program Files/Unity/Hub/Editor/6000.0.75f1/Editor/Data/NetStandard/compat/2.1.0/shims/netstandard/System.IO.Compression.ZipFile.dll"
-r:"C:/Program Files/Unity/Hub/Editor/6000.0.75f1/Editor/Data/NetStandard/compat/2.1.0/shims/netstandard/System.IO.Compression.dll"
-r:"C:/Program Files/Unity/Hub/Editor/6000.0.75f1/Editor/Data/NetStandard/compat/2.1.0/shims/netstandard/System.IO.FileSystem.DriveInfo.dll"
-r:"C:/Program Files/Unity/Hub/Editor/6000.0.75f1/Editor/Data/NetStandard/compat/2.1.0/shims/netstandard/System.IO.FileSystem.Primitives.dll"
-r:"C:/Program Files/Unity/Hub/Editor/6000.0.75f1/Editor/Data/NetStandard/compat/2.1.0/shims/netstandard/System.IO.FileSystem.Watcher.dll"
-r:"C:/Program Files/Unity/Hub/Editor/6000.0.75f1/Editor/Data/NetStandard/compat/2.1.0/shims/netstandard/System.IO.FileSystem.dll"
-r:"C:/Program Files/Unity/Hub/Editor/6000.0.75f1/Editor/Data/NetStandard/compat/2.1.0/shims/netstandard/System.IO.IsolatedStorage.dll"
-r:"C:/Program Files/Unity/Hub/Editor/6000.0.75f1/Editor/Data/NetStandard/compat/2.1.0/shims/netstandard/System.IO.MemoryMappedFiles.dll"
-r:"C:/Program Files/Unity/Hub/Editor/6000.0.75f1/Editor/Data/NetStandard/compat/2.1.0/shims/netstandard/System.IO.Pipes.dll"
-r:"C:/Program Files/Unity/Hub/Editor/6000.0.75f1/Editor/Data/NetStandard/compat/2.1.0/shims/netstandard/System.IO.UnmanagedMemoryStream.dll"
-r:"C:/Program Files/Unity/Hub/Editor/6000.0.75f1/Editor/Data/NetStandard/compat/2.1.0/shims/netstandard/System.IO.dll"
-r:"C:/Program Files/Unity/Hub/Editor/6000.0.75f1/Editor/Data/NetStandard/compat/2.1.0/shims/netstandard/System.Linq.Expressions.dll"
-r:"C:/Program Files/Unity/Hub/Editor/6000.0.75f1/Editor/Data/NetStandard/compat/2.1.0/shims/netstandard/System.Linq.Parallel.dll"
-r:"C:/Program Files/Unity/Hub/Editor/6000.0.75f1/Editor/Data/NetStandard/compat/2.1.0/shims/netstandard/System.Linq.Queryable.dll"
-r:"C:/Program Files/Unity/Hub/Editor/6000.0.75f1/Editor/Data/NetStandard/compat/2.1.0/shims/netstandard/System.Linq.dll"
-r:"C:/Program Files/Unity/Hub/Editor/6000.0.75f1/Editor/Data/NetStandard/compat/2.1.0/shims/netstandard/System.Memory.dll"
-r:"C:/Program Files/Unity/Hub/Editor/6000.0.75f1/Editor/Data/NetStandard/compat/2.1.0/shims/netstandard/System.Net.Http.dll"
-r:"C:/Program Files/Unity/Hub/Editor/6000.0.75f1/Editor/Data/NetStandard/compat/2.1.0/shims/netstandard/System.Net.NameResolution.dll"
-r:"C:/Program Files/Unity/Hub/Editor/6000.0.75f1/Editor/Data/NetStandard/compat/2.1.0/shims/netstandard/System.Net.NetworkInformation.dll"
-r:"C:/Program Files/Unity/Hub/Editor/6000.0.75f1/Editor/Data/NetStandard/compat/2.1.0/shims/netstandard/System.Net.Ping.dll"
-r:"C:/Program Files/Unity/Hub/Editor/6000.0.75f1/Editor/Data/NetStandard/compat/2.1.0/shims/netstandard/System.Net.Primitives.dll"
-r:"C:/Program Files/Unity/Hub/Editor/6000.0.75f1/Editor/Data/NetStandard/compat/2.1.0/shims/netstandard/System.Net.Requests.dll"
-r:"C:/Program Files/Unity/Hub/Editor/6000.0.75f1/Editor/Data/NetStandard/compat/2.1.0/shims/netstandard/System.Net.Security.dll"
-r:"C:/Program Files/Unity/Hub/Editor/6000.0.75f1/Editor/Data/NetStandard/compat/2.1.0/shims/netstandard/System.Net.Sockets.dll"
-r:"C:/Program Files/Unity/Hub/Editor/6000.0.75f1/Editor/Data/NetStandard/compat/2.1.0/shims/netstandard/System.Net.WebHeaderCollection.dll"
-r:"C:/Program Files/Unity/Hub/Editor/6000.0.75f1/Editor/Data/NetStandard/compat/2.1.0/shims/netstandard/System.Net.WebSockets.Client.dll"
-r:"C:/Program Files/Unity/Hub/Editor/6000.0.75f1/Editor/Data/NetStandard/compat/2.1.0/shims/netstandard/System.Net.WebSockets.dll"
-r:"C:/Program Files/Unity/Hub/Editor/6000.0.75f1/Editor/Data/NetStandard/compat/2.1.0/shims/netstandard/System.Numerics.Vectors.dll"
-r:"C:/Program Files/Unity/Hub/Editor/6000.0.75f1/Editor/Data/NetStandard/compat/2.1.0/shims/netstandard/System.ObjectModel.dll"
-r:"C:/Program Files/Unity/Hub/Editor/6000.0.75f1/Editor/Data/NetStandard/compat/2.1.0/shims/netstandard/System.Reflection.DispatchProxy.dll"
-r:"C:/Program Files/Unity/Hub/Editor/6000.0.75f1/Editor/Data/NetStandard/compat/2.1.0/shims/netstandard/System.Reflection.Emit.ILGeneration.dll"
-r:"C:/Program Files/Unity/Hub/Editor/6000.0.75f1/Editor/Data/NetStandard/compat/2.1.0/shims/netstandard/System.Reflection.Emit.Lightweight.dll"
-r:"C:/Program Files/Unity/Hub/Editor/6000.0.75f1/Editor/Data/NetStandard/compat/2.1.0/shims/netstandard/System.Reflection.Emit.dll"
-r:"C:/Program Files/Unity/Hub/Editor/6000.0.75f1/Editor/Data/NetStandard/compat/2.1.0/shims/netstandard/System.Reflection.Extensions.dll"
-r:"C:/Program Files/Unity/Hub/Editor/6000.0.75f1/Editor/Data/NetStandard/compat/2.1.0/shims/netstandard/System.Reflection.Primitives.dll"
-r:"C:/Program Files/Unity/Hub/Editor/6000.0.75f1/Editor/Data/NetStandard/compat/2.1.0/shims/netstandard/System.Reflection.dll"
-r:"C:/Program Files/Unity/Hub/Editor/6000.0.75f1/Editor/Data/NetStandard/compat/2.1.0/shims/netstandard/System.Resources.Reader.dll"
-r:"C:/Program Files/Unity/Hub/Editor/6000.0.75f1/Editor/Data/NetStandard/compat/2.1.0/shims/netstandard/System.Resources.ResourceManager.dll"
-r:"C:/Program Files/Unity/Hub/Editor/6000.0.75f1/Editor/Data/NetStandard/compat/2.1.0/shims/netstandard/System.Resources.Writer.dll"
-r:"C:/Program Files/Unity/Hub/Editor/6000.0.75f1/Editor/Data/NetStandard/compat/2.1.0/shims/netstandard/System.Runtime.CompilerServices.VisualC.dll"
-r:"C:/Program Files/Unity/Hub/Editor/6000.0.75f1/Editor/Data/NetStandard/compat/2.1.0/shims/netstandard/System.Runtime.Extensions.dll"
-r:"C:/Program Files/Unity/Hub/Editor/6000.0.75f1/Editor/Data/NetStandard/compat/2.1.0/shims/netstandard/System.Runtime.Handles.dll"
-r:"C:/Program Files/Unity/Hub/Editor/6000.0.75f1/Editor/Data/NetStandard/compat/2.1.0/shims/netstandard/System.Runtime.InteropServices.RuntimeInformation.dll"
-r:"C:/Program Files/Unity/Hub/Editor/6000.0.75f1/Editor/Data/NetStandard/compat/2.1.0/shims/netstandard/System.Runtime.InteropServices.dll"
-r:"C:/Program Files/Unity/Hub/Editor/6000.0.75f1/Editor/Data/NetStandard/compat/2.1.0/shims/netstandard/System.Runtime.Numerics.dll"
-r:"C:/Program Files/Unity/Hub/Editor/6000.0.75f1/Editor/Data/NetStandard/compat/2.1.0/shims/netstandard/System.Runtime.Serialization.Formatters.dll"
-r:"C:/Program Files/Unity/Hub/Editor/6000.0.75f1/Editor/Data/NetStandard/compat/2.1.0/shims/netstandard/System.Runtime.Serialization.Json.dll"
-r:"C:/Program Files/Unity/Hub/Editor/6000.0.75f1/Editor/Data/NetStandard/compat/2.1.0/shims/netstandard/System.Runtime.Serialization.Primitives.dll"
-r:"C:/Program Files/Unity/Hub/Editor/6000.0.75f1/Editor/Data/NetStandard/compat/2.1.0/shims/netstandard/System.Runtime.Serialization.Xml.dll"
-r:"C:/Program Files/Unity/Hub/Editor/6000.0.75f1/Editor/Data/NetStandard/compat/2.1.0/shims/netstandard/System.Runtime.dll"
-r:"C:/Program Files/Unity/Hub/Editor/6000.0.75f1/Editor/Data/NetStandard/compat/2.1.0/shims/netstandard/System.Security.Claims.dll"
-r:"C:/Program Files/Unity/Hub/Editor/6000.0.75f1/Editor/Data/NetStandard/compat/2.1.0/shims/netstandard/System.Security.Cryptography.Algorithms.dll"
-r:"C:/Program Files/Unity/Hub/Editor/6000.0.75f1/Editor/Data/NetStandard/compat/2.1.0/shims/netstandard/System.Security.Cryptography.Csp.dll"
-r:"C:/Program Files/Unity/Hub/Editor/6000.0.75f1/Editor/Data/NetStandard/compat/2.1.0/shims/netstandard/System.Security.Cryptography.Encoding.dll"
-r:"C:/Program Files/Unity/Hub/Editor/6000.0.75f1/Editor/Data/NetStandard/compat/2.1.0/shims/netstandard/System.Security.Cryptography.Primitives.dll"
-r:"C:/Program Files/Unity/Hub/Editor/6000.0.75f1/Editor/Data/NetStandard/compat/2.1.0/shims/netstandard/System.Security.Cryptography.X509Certificates.dll"
-r:"C:/Program Files/Unity/Hub/Editor/6000.0.75f1/Editor/Data/NetStandard/compat/2.1.0/shims/netstandard/System.Security.Principal.dll"
-r:"C:/Program Files/Unity/Hub/Editor/6000.0.75f1/Editor/Data/NetStandard/compat/2.1.0/shims/netstandard/System.Security.SecureString.dll"
-r:"C:/Program Files/Unity/Hub/Editor/6000.0.75f1/Editor/Data/NetStandard/compat/2.1.0/shims/netstandard/System.Text.Encoding.Extensions.dll"
-r:"C:/Program Files/Unity/Hub/Editor/6000.0.75f1/Editor/Data/NetStandard/compat/2.1.0/shims/netstandard/System.Text.Encoding.dll"
-r:"C:/Program Files/Unity/Hub/Editor/6000.0.75f1/Editor/Data/NetStandard/compat/2.1.0/shims/netstandard/System.Text.RegularExpressions.dll"
-r:"C:/Program Files/Unity/Hub/Editor/6000.0.75f1/Editor/Data/NetStandard/compat/2.1.0/shims/netstandard/System.Threading.Overlapped.dll"
-r:"C:/Program Files/Unity/Hub/Editor/6000.0.75f1/Editor/Data/NetStandard/compat/2.1.0/shims/netstandard/System.Threading.Tasks.Extensions.dll"
-r:"C:/Program Files/Unity/Hub/Editor/6000.0.75f1/Editor/Data/NetStandard/compat/2.1.0/shims/netstandard/System.Threading.Tasks.Parallel.dll"
-r:"C:/Program Files/Unity/Hub/Editor/6000.0.75f1/Editor/Data/NetStandard/compat/2.1.0/shims/netstandard/System.Threading.Tasks.dll"
-r:"C:/Program Files/Unity/Hub/Editor/6000.0.75f1/Editor/Data/NetStandard/compat/2.1.0/shims/netstandard/System.Threading.Thread.dll"
-r:"C:/Program Files/Unity/Hub/Editor/6000.0.75f1/Editor/Data/NetStandard/compat/2.1.0/shims/netstandard/System.Threading.ThreadPool.dll"
-r:"C:/Program Files/Unity/Hub/Editor/6000.0.75f1/Editor/Data/NetStandard/compat/2.1.0/shims/netstandard/System.Threading.Timer.dll"
-r:"C:/Program Files/Unity/Hub/Editor/6000.0.75f1/Editor/Data/NetStandard/compat/2.1.0/shims/netstandard/System.Threading.dll"
-r:"C:/Program Files/Unity/Hub/Editor/6000.0.75f1/Editor/Data/NetStandard/compat/2.1.0/shims/netstandard/System.ValueTuple.dll"
-r:"C:/Program Files/Unity/Hub/Editor/6000.0.75f1/Editor/Data/NetStandard/compat/2.1.0/shims/netstandard/System.Xml.ReaderWriter.dll"
-r:"C:/Program Files/Unity/Hub/Editor/6000.0.75f1/Editor/Data/NetStandard/compat/2.1.0/shims/netstandard/System.Xml.XDocument.dll"
-r:"C:/Program Files/Unity/Hub/Editor/6000.0.75f1/Editor/Data/NetStandard/compat/2.1.0/shims/netstandard/System.Xml.XPath.XDocument.dll"
-r:"C:/Program Files/Unity/Hub/Editor/6000.0.75f1/Editor/Data/NetStandard/compat/2.1.0/shims/netstandard/System.Xml.XPath.dll"
-r:"C:/Program Files/Unity/Hub/Editor/6000.0.75f1/Editor/Data/NetStandard/compat/2.1.0/shims/netstandard/System.Xml.XmlDocument.dll"
-r:"C:/Program Files/Unity/Hub/Editor/6000.0.75f1/Editor/Data/NetStandard/compat/2.1.0/shims/netstandard/System.Xml.XmlSerializer.dll"
-r:"C:/Program Files/Unity/Hub/Editor/6000.0.75f1/Editor/Data/NetStandard/ref/2.1.0/netstandard.dll"
-r:"C:/Program Files/Unity/Hub/Editor/6000.0.75f1/Editor/Data/PlaybackEngines/AndroidPlayer/Unity.Android.Gradle.dll"
-r:"C:/Program Files/Unity/Hub/Editor/6000.0.75f1/Editor/Data/PlaybackEngines/AndroidPlayer/Unity.Android.Types.dll"
-r:"Library/PackageCache/com.unity.ext.nunit@031a54704bff/net40/unity-custom/nunit.framework.dll"
-r:"Library/PackageCache/com.unity.nuget.newtonsoft-json@74deb55db2a0/Runtime/Newtonsoft.Json.dll"
-r:"Library/Bee/artifacts/1300b0aE.dag/AppConfiguration.ref.dll"
-r:"Library/Bee/artifacts/1300b0aE.dag/BattleSimulator.ref.dll"
-r:"Library/Bee/artifacts/1300b0aE.dag/CodeWriter.ExpressionParser.ref.dll"
-r:"Library/Bee/artifacts/1300b0aE.dag/CommonComponents.ref.dll"
-r:"Library/Bee/artifacts/1300b0aE.dag/Database.ref.dll"
-r:"Library/Bee/artifacts/1300b0aE.dag/Diagnostics.ref.dll"
-r:"Library/Bee/artifacts/1300b0aE.dag/GameServices.ref.dll"
-r:"Library/Bee/artifacts/1300b0aE.dag/GameSession.ref.dll"
-r:"Library/Bee/artifacts/1300b0aE.dag/Gui.ref.dll"
-r:"Library/Bee/artifacts/1300b0aE.dag/GuiThemeEditor.ref.dll"
-r:"Library/Bee/artifacts/1300b0aE.dag/ListScrollRectEditor.ref.dll"
-r:"Library/Bee/artifacts/1300b0aE.dag/Localization.ref.dll"
-r:"Library/Bee/artifacts/1300b0aE.dag/NativeFilePicker.Editor.ref.dll"
-r:"Library/Bee/artifacts/1300b0aE.dag/NativeFilePicker.Runtime.ref.dll"
-r:"Library/Bee/artifacts/1300b0aE.dag/NVorbis.ref.dll"
-r:"Library/Bee/artifacts/1300b0aE.dag/Quests.ref.dll"
-r:"Library/Bee/artifacts/1300b0aE.dag/ResourceLocator.ref.dll"
-r:"Library/Bee/artifacts/1300b0aE.dag/SecurityStub.ref.dll"
-r:"Library/Bee/artifacts/1300b0aE.dag/Services.ref.dll"
-r:"Library/Bee/artifacts/1300b0aE.dag/ServicesFacade.ref.dll"
-r:"Library/Bee/artifacts/1300b0aE.dag/ShipConstructor.ref.dll"
-r:"Library/Bee/artifacts/1300b0aE.dag/ShipEditor.ref.dll"
-r:"Library/Bee/artifacts/1300b0aE.dag/UniRx.ref.dll"
-r:"Library/Bee/artifacts/1300b0aE.dag/Unity.2D.Sprite.Editor.ref.dll"
-r:"Library/Bee/artifacts/1300b0aE.dag/Unity.InputSystem.ForUI.ref.dll"
-r:"Library/Bee/artifacts/1300b0aE.dag/Unity.InputSystem.ref.dll"
-r:"Library/Bee/artifacts/1300b0aE.dag/Unity.Multiplayer.Center.Common.ref.dll"
-r:"Library/Bee/artifacts/1300b0aE.dag/Unity.Multiplayer.Center.Editor.ref.dll"
-r:"Library/Bee/artifacts/1300b0aE.dag/Unity.Purchasing.Codeless.ref.dll"
-r:"Library/Bee/artifacts/1300b0aE.dag/Unity.Purchasing.ref.dll"
-r:"Library/Bee/artifacts/1300b0aE.dag/Unity.Purchasing.SecurityCore.ref.dll"
-r:"Library/Bee/artifacts/1300b0aE.dag/Unity.Purchasing.SecurityStub.ref.dll"
-r:"Library/Bee/artifacts/1300b0aE.dag/Unity.Purchasing.Stores.ref.dll"
-r:"Library/Bee/artifacts/1300b0aE.dag/Unity.Purchasing.Stores.XboxCloudServices.ref.dll"
-r:"Library/Bee/artifacts/1300b0aE.dag/Unity.Purchasing.Utilities.ref.dll"
-r:"Library/Bee/artifacts/1300b0aE.dag/Unity.Services.Core.Analytics.ref.dll"
-r:"Library/Bee/artifacts/1300b0aE.dag/Unity.Services.Core.Components.ref.dll"
-r:"Library/Bee/artifacts/1300b0aE.dag/Unity.Services.Core.Environments.ref.dll"
-r:"Library/Bee/artifacts/1300b0aE.dag/Unity.Services.Core.ref.dll"
-r:"Library/Bee/artifacts/1300b0aE.dag/Unity.Sysroot.Linux_x86_64.ref.dll"
-r:"Library/Bee/artifacts/1300b0aE.dag/Unity.SysrootPackage.Editor.ref.dll"
-r:"Library/Bee/artifacts/1300b0aE.dag/Unity.TextMeshPro.Editor.ref.dll"
-r:"Library/Bee/artifacts/1300b0aE.dag/Unity.TextMeshPro.ref.dll"
-r:"Library/Bee/artifacts/1300b0aE.dag/Unity.Toolchain.Win-x86_64-Linux-x86_64.ref.dll"
-r:"Library/Bee/artifacts/1300b0aE.dag/Unity.VisualStudio.Editor.ref.dll"
-r:"Library/Bee/artifacts/1300b0aE.dag/UnityEditor.Purchasing.ref.dll"
-r:"Library/Bee/artifacts/1300b0aE.dag/UnityEditor.UI.Analytics.ref.dll"
-r:"Library/Bee/artifacts/1300b0aE.dag/UnityEditor.UI.ref.dll"
-r:"Library/Bee/artifacts/1300b0aE.dag/UnityEngine.Advertisements.Editor.ref.dll"
-r:"Library/Bee/artifacts/1300b0aE.dag/UnityEngine.Advertisements.ref.dll"
-r:"Library/Bee/artifacts/1300b0aE.dag/UnityEngine.UI.ref.dll"
-r:"Library/Bee/artifacts/1300b0aE.dag/Utilites.ref.dll"
-r:"Library/Bee/artifacts/1300b0aE.dag/Zenject-Editor.ref.dll"
-r:"Library/Bee/artifacts/1300b0aE.dag/Zenject-PoolMonitor-Editor.ref.dll"
-r:"Library/Bee/artifacts/1300b0aE.dag/Zenject-ReflectionBaking-Editor.ref.dll"
-r:"Library/Bee/artifacts/1300b0aE.dag/Zenject.ref.dll"
-analyzer:"C:/Program Files/Unity/Hub/Editor/6000.0.75f1/Editor/Data/Tools/Unity.SourceGenerators/Unity.Properties.SourceGenerator.dll"
-analyzer:"C:/Program Files/Unity/Hub/Editor/6000.0.75f1/Editor/Data/Tools/Unity.SourceGenerators/Unity.SourceGenerators.dll"
-analyzer:"C:/Program Files/Unity/Hub/Editor/6000.0.75f1/Editor/Data/Tools/Unity.SourceGenerators/Unity.UIToolkit.SourceGenerator.dll"
"Assets/GPGSIds.cs"
"Assets/ReUI/Runtime/AndroidPerformanceBootstrap.cs"
"Assets/ReUI/Runtime/ReUIAmbientGraphic.cs"
"Assets/ReUI/Runtime/ReUIArenaStyler.cs"
"Assets/ReUI/Runtime/ReUIBootstrap.cs"
"Assets/ReUI/Runtime/ReUIButtonMotion.cs"
"Assets/ReUI/Runtime/ReUICanvasStyler.cs"
"Assets/ReUI/Runtime/ReUICaptainStyler.cs"
"Assets/ReUI/Runtime/ReUICombatStyler.cs"
"Assets/ReUI/Runtime/ReUIDialogStyler.cs"
"Assets/ReUI/Runtime/ReUIEffectStyler.cs"
"Assets/ReUI/Runtime/ReUIExtendedDisplayMenu.cs"
"Assets/ReUI/Runtime/ReUIFactionPanelStyler.cs"
"Assets/ReUI/Runtime/ReUIFightIconGraphic.cs"
"Assets/ReUI/Runtime/ReUIHdrDisplay.cs"
"Assets/ReUI/Runtime/ReUIHdrDisplaySelector.cs"
"Assets/ReUI/Runtime/ReUIHudStyler.cs"
"Assets/ReUI/Runtime/ReUIIconGraphic.cs"
"Assets/ReUI/Runtime/ReUIMainMenuStyler.cs"
"Assets/ReUI/Runtime/ReUIMarketStyler.cs"
"Assets/ReUI/Runtime/ReUIMultiplayerStyler.cs"
"Assets/ReUI/Runtime/ReUIPalette.cs"
"Assets/ReUI/Runtime/ReUIProhibitGraphic.cs"
"Assets/ReUI/Runtime/ReUISettingsStyler.cs"
"Assets/ReUI/Runtime/ReUIShieldStyleSelector.cs"
"Assets/ReUI/Runtime/ReUIShipEditorStyler.cs"
"Assets/ReUI/Runtime/ReUIShipServiceStyler.cs"
"Assets/ReUI/Runtime/ReUISkillTreeStyler.cs"
"Assets/ReUI/Runtime/ReUISpecializedVisuals.cs"
"Assets/ReUI/Runtime/ReUIStarMapStyler.cs"
"Assets/ReUI/Runtime/ReUIStatusBarSettings.cs"
"Assets/ReUI/Runtime/ReUITechTreeStyler.cs"
"Assets/ReUI/Runtime/ReUIThemeColorPickerGraphic.cs"
"Assets/ReUI/Runtime/ReUIThemePalettePanel.cs"
"Assets/Scripts/Combat/Background/CombatBackground.cs"
"Assets/Scripts/Combat/Background/PlanetBackground.cs"
"Assets/Scripts/Combat/Camera/CombatCamera.cs"
"Assets/Scripts/Combat/Domain/CombatModel.cs"
"Assets/Scripts/Combat/Domain/CombatModelBuilder.cs"
"Assets/Scripts/Combat/Domain/CombatReward.cs"
"Assets/Scripts/Combat/Domain/FleetModel.cs"
"Assets/Scripts/Combat/Domain/ICombatModel.cs"
"Assets/Scripts/Combat/Domain/IFleetModel.cs"
"Assets/Scripts/Combat/Domain/IShipInfo.cs"
"Assets/Scripts/Combat/Domain/ShipBuilderExtensions.cs"
"Assets/Scripts/Combat/Domain/ShipInfo.cs"
"Assets/Scripts/Combat/Manager/AdventureCombatController.cs"
"Assets/Scripts/Combat/Manager/CombatManager.cs"
"Assets/Scripts/Combat/Manager/CombatTimer.cs"
"Assets/Scripts/Combat/Manager/EhopediaSceneManager.cs"
"Assets/Scripts/Combat/Manager/ExplorationSceneManager.cs"
"Assets/Scripts/Combat/Services/ResourcePreloader.cs"
"Assets/Scripts/Combat/Unit/Object/EnemySpawner.cs"
"Assets/Scripts/Domain/Adventure/AdventureCombatModel.cs"
"Assets/Scripts/Domain/Adventure/AdventureRun.cs"
"Assets/Scripts/Domain/Combat/CombatMapSizeSettings.cs"
"Assets/Scripts/Domain/Economy/ItemType/ArtifactItem.cs"
"Assets/Scripts/Domain/Economy/ItemType/BlueprintItem.cs"
"Assets/Scripts/Domain/Economy/ItemType/ComponentItem.cs"
"Assets/Scripts/Domain/Economy/ItemType/DamagedShipItem.cs"
"Assets/Scripts/Domain/Economy/ItemType/EmptyShipItem.cs"
"Assets/Scripts/Domain/Economy/ItemType/FactionMapItem.cs"
"Assets/Scripts/Domain/Economy/ItemType/FuelItem.cs"
"Assets/Scripts/Domain/Economy/ItemType/Iap.cs"
"Assets/Scripts/Domain/Economy/ItemType/IapItemAdapter.cs"
"Assets/Scripts/Domain/Economy/ItemType/ItemTypeFactory.cs"
"Assets/Scripts/Domain/Economy/ItemType/MarketShipItem.cs"
"Assets/Scripts/Domain/Economy/ItemType/MoneyItem.cs"
"Assets/Scripts/Domain/Economy/ItemType/PlayerShipItem.cs"
"Assets/Scripts/Domain/Economy/ItemType/QuestShipItem.cs"
"Assets/Scripts/Domain/Economy/ItemType/ResearchItem.cs"
"Assets/Scripts/Domain/Economy/ItemType/RewardedAdItem.cs"
"Assets/Scripts/Domain/Economy/ItemType/SatelliteItem.cs"
"Assets/Scripts/Domain/Economy/ItemType/ShipItemBase.cs"
"Assets/Scripts/Domain/Economy/ItemType/SnowflakesItem.cs"
"Assets/Scripts/Domain/Economy/ItemType/StarMapItem.cs"
"Assets/Scripts/Domain/Economy/ItemType/StarsItem.cs"
"Assets/Scripts/Domain/Economy/ItemType/TokensItem.cs"
"Assets/Scripts/Domain/Economy/ItemType/XmasBoxItem.cs"
"Assets/Scripts/Domain/Economy/LootGenerator.cs"
"Assets/Scripts/Domain/Economy/PriceExtensions.cs"
"Assets/Scripts/Domain/Economy/Products/CommonProduct.cs"
"Assets/Scripts/Domain/Economy/Products/IProduct.cs"
"Assets/Scripts/Domain/Economy/Products/ProductFactory.cs"
"Assets/Scripts/Domain/Exploration/EnemyShipBuilder.cs"
"Assets/Scripts/Domain/Exploration/ExplorationData.cs"
"Assets/Scripts/Domain/Exploration/IEnemyShipBuilder.cs"
"Assets/Scripts/Domain/Exploration/Planet.cs"
"Assets/Scripts/Domain/Exploration/RandomOutpostBuilder.cs"
"Assets/Scripts/Domain/Exploration/RandomTurretBuilder.cs"
"Assets/Scripts/Domain/Galaxy/Star.cs"
"Assets/Scripts/Domain/Galaxy/StarContent/Boss.cs"
"Assets/Scripts/Domain/Galaxy/StarContent/CapturedStarbaseFacilities.cs"
"Assets/Scripts/Domain/Galaxy/StarContent/Challenge.cs"
"Assets/Scripts/Domain/Galaxy/StarContent/Hive.cs"
"Assets/Scripts/Domain/Galaxy/StarContent/LocalEvent.cs"
"Assets/Scripts/Domain/Galaxy/StarContent/Occupants.cs"
"Assets/Scripts/Domain/Galaxy/StarContent/Ruins.cs"
"Assets/Scripts/Domain/Galaxy/StarContent/StarBase.cs"
"Assets/Scripts/Domain/Galaxy/StarContent/Survival.cs"
"Assets/Scripts/Domain/Galaxy/StarContent/Wormhole.cs"
"Assets/Scripts/Domain/Galaxy/StarContent/XmasTree.cs"
"Assets/Scripts/Domain/Galaxy/StarData.cs"
"Assets/Scripts/Domain/Galaxy/StarMap.cs"
"Assets/Scripts/Domain/Galaxy/StarObjectType.cs"
"Assets/Scripts/Domain/Player/DailyReward.cs"
"Assets/Scripts/Domain/Player/MotherShip.cs"
"Assets/Scripts/Domain/Player/PlayerFleet.cs"
"Assets/Scripts/Domain/Player/PlayerInventory.cs"
"Assets/Scripts/Domain/Player/PlayerResources.cs"
"Assets/Scripts/Domain/Player/PlayerSkills.cs"
"Assets/Scripts/Domain/Player/ShipSquad.cs"
"Assets/Scripts/Domain/Player/ShipValidator.cs"
"Assets/Scripts/Domain/Player/StarMapManager.cs"
"Assets/Scripts/Domain/Player/ThreeBodySkillState.cs"
"Assets/Scripts/Domain/Player/ViewMode.cs"
"Assets/Scripts/Domain/Quests/CharacterDataProvider.cs"
"Assets/Scripts/Domain/Quests/GameDataProvider.cs"
"Assets/Scripts/Domain/Quests/InventoryDataProvider.cs"
"Assets/Scripts/Domain/Quests/LootItemFactory.cs"
"Assets/Scripts/Domain/Quests/QuestBuilderContext.cs"
"Assets/Scripts/Domain/Quests/QuestCombatModelFacctory.cs"
"Assets/Scripts/Domain/Quests/QuestDataProvider.cs"
"Assets/Scripts/Domain/Quests/QuestManagerContext.cs"
"Assets/Scripts/Domain/Quests/QuestManagerEventProvider.cs"
"Assets/Scripts/Domain/Quests/RegionDataProvider.cs"
"Assets/Scripts/Domain/Quests/StarDataProvider.cs"
"Assets/Scripts/Domain/Quests/StarMapDataProvider.cs"
"Assets/Scripts/Domain/Research/Research.cs"
"Assets/Scripts/Domain/Skills/Skills.cs"
"Assets/Scripts/Domain/Technologies/ITechnology.cs"
"Assets/Scripts/Domain/Technologies/ITtechnologies.cs"
"Assets/Scripts/Domain/Technologies/Technologies.cs"
"Assets/Scripts/Domain/Technologies/Technology.cs"
"Assets/Scripts/GameContent/CurrencySettings.cs"
"Assets/Scripts/GameContent/PlanetSettings.cs"
"Assets/Scripts/GameContent/PlayerSkillSettings.cs"
"Assets/Scripts/GameServices/Audio/DatabaseMusicPlaylist.cs"
"Assets/Scripts/GameServices/Captains/CaptainService.cs"
"Assets/Scripts/GameServices/DataManager/GameDataManager.cs"
"Assets/Scripts/GameServices/DataManager/GameDataManagerStub.cs"
"Assets/Scripts/GameServices/DataManager/IGameDataManager.cs"
"Assets/Scripts/GameServices/Developer/FactionDeveloperSettings.cs"
"Assets/Scripts/GameServices/GameServiceBase.cs"
"Assets/Scripts/GameServices/Gui/GuiHelper.cs"
"Assets/Scripts/GameServices/Gui/NotificationManager.cs"
"Assets/Scripts/GameServices/HolidayManager.cs"
"Assets/Scripts/GameServices/Multiplayer/MultiplayerBattleSync.cs"
"Assets/Scripts/GameServices/Multiplayer/MultiplayerController.cs"
"Assets/Scripts/GameServices/Multiplayer/MultiplayerSession.cs"
"Assets/Scripts/GameServices/Multiplayer/NetworkFleet.cs"
"Assets/Scripts/GameServices/OfflineMultiplayer/ArenaTimeManager.cs"
"Assets/Scripts/GameServices/OfflineMultiplayer/EnemyPlayerInfo.cs"
"Assets/Scripts/GameServices/OfflineMultiplayer/FleetWebSerializer.cs"
"Assets/Scripts/GameServices/OfflineMultiplayer/IPlayerInfo.cs"
"Assets/Scripts/GameServices/OfflineMultiplayer/OfflineMultiplayer.cs"
"Assets/Scripts/GameServices/OfflineMultiplayer/PlayerInfo.cs"
"Assets/Scripts/GameServices/OfflineMultiplayer/RatingCalculator.cs"
"Assets/Scripts/GameServices/Random/IRandom.cs"
"Assets/Scripts/GameServices/Random/RandomGenerator.cs"
"Assets/Scripts/GameStateMachine/BadGameStateException.cs"
"Assets/Scripts/GameStateMachine/IGameState.cs"
"Assets/Scripts/GameStateMachine/IStateMachine.cs"
"Assets/Scripts/GameStateMachine/StateMachine.cs"
"Assets/Scripts/GameStateMachine/StateType.cs"
"Assets/Scripts/GameStateMachine/States/AdventureState.cs"
"Assets/Scripts/GameStateMachine/States/AnnouncementState.cs"
"Assets/Scripts/GameStateMachine/States/BaseState.cs"
"Assets/Scripts/GameStateMachine/States/CombatRewardState.cs"
"Assets/Scripts/GameStateMachine/States/CombatState.cs"
"Assets/Scripts/GameStateMachine/States/DailyRewardState.cs"
"Assets/Scripts/GameStateMachine/States/DialogState.cs"
"Assets/Scripts/GameStateMachine/States/EditorInitializationState.cs"
"Assets/Scripts/GameStateMachine/States/EhopediaState.cs"
"Assets/Scripts/GameStateMachine/States/ExplorationState.cs"
"Assets/Scripts/GameStateMachine/States/GameStateFactory.cs"
"Assets/Scripts/GameStateMachine/States/InitializationState.cs"
"Assets/Scripts/GameStateMachine/States/MainMenuState.cs"
"Assets/Scripts/GameStateMachine/States/ModalDialogState.cs"
"Assets/Scripts/GameStateMachine/States/QuestState.cs"
"Assets/Scripts/GameStateMachine/States/QuickCombatState.cs"
"Assets/Scripts/GameStateMachine/States/RetreatState.cs"
"Assets/Scripts/GameStateMachine/States/ShipEditorState.cs"
"Assets/Scripts/GameStateMachine/States/SkillTreeState.cs"
"Assets/Scripts/GameStateMachine/States/StarMapState.cs"
"Assets/Scripts/GameStateMachine/States/StartingNewGameState.cs"
"Assets/Scripts/GameStateMachine/States/TestingState.cs"
"Assets/Scripts/GameStateMachine/States/TravelState.cs"
"Assets/Scripts/Gui/Actors/SimpleButtonActor.cs"
"Assets/Scripts/Gui/Behaviours/ButtonBehaviour.cs"
"Assets/Scripts/Gui/Combat/BeaconRadar.cs"
"Assets/Scripts/Gui/Combat/CombatMenu.cs"
"Assets/Scripts/Gui/Combat/CombatMinimap.cs"
"Assets/Scripts/Gui/Combat/CombatRewardWindow.cs"
"Assets/Scripts/Gui/Combat/CombatTargetLine.cs"
"Assets/Scripts/Gui/Combat/PauseGameHelper.cs"
"Assets/Scripts/Gui/Combat/Radar.cs"
"Assets/Scripts/Gui/Combat/RadarPanel.cs"
"Assets/Scripts/Gui/Combat/ShipControlsPanel.cs"
"Assets/Scripts/Gui/Combat/ShipCounter.cs"
"Assets/Scripts/Gui/Combat/ShipList.cs"
"Assets/Scripts/Gui/Combat/ShipNavigationPanel.cs"
"Assets/Scripts/Gui/Combat/ShipSelectionPanel.cs"
"Assets/Scripts/Gui/Combat/ShipStatsPanel.cs"
"Assets/Scripts/Gui/Combat/TimerPanel.cs"
"Assets/Scripts/Gui/Combat/WindowNames.cs"
"Assets/Scripts/Gui/Common/FactionIconUtility.cs"
"Assets/Scripts/Gui/Common/FuelPanel.cs"
"Assets/Scripts/Gui/Common/MoneyPanel.cs"
"Assets/Scripts/Gui/Common/ProductItem.cs"
"Assets/Scripts/Gui/Common/StarsPanel.cs"
"Assets/Scripts/Gui/Common/TextValueItem.cs"
"Assets/Scripts/Gui/Common/ThreeBodyUiPalette.cs"
"Assets/Scripts/Gui/Controls/ActionButton.cs"
"Assets/Scripts/Gui/Controls/DragHandler.cs"
"Assets/Scripts/Gui/Controls/ProgressBar.cs"
"Assets/Scripts/Gui/Craft/CraftDialog.cs"
"Assets/Scripts/Gui/Craft/CraftPanel.cs"
"Assets/Scripts/Gui/Craft/CraftPricePanel.cs"
"Assets/Scripts/Gui/Craft/ModificationsPanel.cs"
"Assets/Scripts/Gui/Craft/ShipModListItem.cs"
"Assets/Scripts/Gui/Craft/ShipModSlot.cs"
"Assets/Scripts/Gui/Craft/UnlockSlotPanel.cs"
"Assets/Scripts/Gui/Dialogs/AnnouncementWindow.cs"
"Assets/Scripts/Gui/Dialogs/BuyConfirmationDialog.cs"
"Assets/Scripts/Gui/Dialogs/ConfirmationDialog.cs"
"Assets/Scripts/Gui/Dialogs/DailyRewardDialog.cs"
"Assets/Scripts/Gui/Dialogs/DebugLogWindow.cs"
"Assets/Scripts/Gui/Dialogs/LoadingWindow.cs"
"Assets/Scripts/Gui/Dialogs/MessageWindow.cs"
"Assets/Scripts/Gui/Dialogs/SavingWindow.cs"
"Assets/Scripts/Gui/Dialogs/SignInWindow.cs"
"Assets/Scripts/Gui/Dialogs/WindowNames.cs"
"Assets/Scripts/Gui/Ehopedia/EhopediaWindow.cs"
"Assets/Scripts/Gui/Ehopedia/FactionListItem.cs"
"Assets/Scripts/Gui/Ehopedia/FactionsPanel.cs"
"Assets/Scripts/Gui/Exploration/CombatMenu.cs"
"Assets/Scripts/Gui/Exploration/FleetPanel.cs"
"Assets/Scripts/Gui/Exploration/LootPanel.cs"
"Assets/Scripts/Gui/Exploration/LootPanelItem.cs"
"Assets/Scripts/Gui/Exploration/PlanetInfo.cs"
"Assets/Scripts/Gui/Exploration/PlanetPanel.cs"
"Assets/Scripts/Gui/Exploration/ScanningPanel.cs"
"Assets/Scripts/Gui/Exploration/WindowNames.cs"
"Assets/Scripts/Gui/MainMenu/BackgroundImage.cs"
"Assets/Scripts/Gui/MainMenu/KeyBindingPanel.cs"
"Assets/Scripts/Gui/MainMenu/MainMenu.cs"
"Assets/Scripts/Gui/MainMenu/ModInfoItem.cs"
"Assets/Scripts/Gui/MainMenu/NewSavedGameItem.cs"
"Assets/Scripts/Gui/MainMenu/SavedGameItem.cs"
"Assets/Scripts/Gui/MainMenu/SettingsAccount.cs"
"Assets/Scripts/Gui/MainMenu/SettingsCombat.cs"
"Assets/Scripts/Gui/MainMenu/SettingsDatabase.cs"
"Assets/Scripts/Gui/MainMenu/SettingsGeneral.cs"
"Assets/Scripts/Gui/MainMenu/SettingsLoadSave.cs"
"Assets/Scripts/Gui/MainMenu/SettingsProgress.cs"
"Assets/Scripts/Gui/MainMenu/SettingsPurchases.cs"
"Assets/Scripts/Gui/MainMenu/WindowNames.cs"
"Assets/Scripts/Gui/Notifications/WindowNames.cs"
"Assets/Scripts/Gui/Quests/DescriptionPanel.cs"
"Assets/Scripts/Gui/Quests/FleetPanel.cs"
"Assets/Scripts/Gui/Quests/ItemsPanel.cs"
"Assets/Scripts/Gui/Quests/MothersTearsStoryImageCatalog.cs"
"Assets/Scripts/Gui/Quests/QuestEventDialog.cs"
"Assets/Scripts/Gui/Quests/QuestPanel.cs"
"Assets/Scripts/Gui/Quests/ThreeBodyPrologueOverlay.cs"
"Assets/Scripts/Gui/Quests/WindowNames.cs"
"Assets/Scripts/Gui/ShipService/FleetPanel.cs"
"Assets/Scripts/Gui/ShipService/PaintingPanel.cs"
"Assets/Scripts/Gui/ShipService/ShipLayoutPanel.cs"
"Assets/Scripts/Gui/ShipService/ShipyardWindow.cs"
"Assets/Scripts/Gui/ShipService/UpgradePanel.cs"
"Assets/Scripts/Gui/StarMap/Arena/ArenaFightDialog.cs"
"Assets/Scripts/Gui/StarMap/Arena/MultiplayerWindow.cs"
"Assets/Scripts/Gui/StarMap/Arena/ShipItem.cs"
"Assets/Scripts/Gui/StarMap/Arena/ShipListContentFiller.cs"
"Assets/Scripts/Gui/StarMap/Arena/SpecialStore.cs"
"Assets/Scripts/Gui/StarMap/CargoHold.cs"
"Assets/Scripts/Gui/StarMap/GameMenu.cs"
"Assets/Scripts/Gui/StarMap/IapStore.cs"
"Assets/Scripts/Gui/StarMap/MilitaryBase/MilitaryBase.cs"
"Assets/Scripts/Gui/StarMap/MilitaryBase/MilitaryBaseShipItem.cs"
"Assets/Scripts/Gui/StarMap/Ships/DraggableShipObject.cs"
"Assets/Scripts/Gui/StarMap/Ships/HangarItem.cs"
"Assets/Scripts/Gui/StarMap/Ships/HangarSlotInfo.cs"
"Assets/Scripts/Gui/StarMap/Ships/ManageShipsPanel.cs"
"Assets/Scripts/Gui/StarMap/Ships/ModsPanel.cs"
"Assets/Scripts/Gui/StarMap/Ships/ShipListContentFiller.cs"
"Assets/Scripts/Gui/StarMap/Ships/ShipListItem.cs"
"Assets/Scripts/Gui/StarMap/StarSystemObjectItem.cs"
"Assets/Scripts/Gui/StarMap/WindowNames.cs"
"Assets/Scripts/Gui/Utils/BackButtonEvent.cs"
"Assets/Scripts/Gui/Utils/CanvasLocalizer.cs"
"Assets/Scripts/Gui/Utils/DontDestroyOnLoad.cs"
"Assets/Scripts/Gui/Utils/WindowCloseHelper.cs"
"Assets/Scripts/Gui/Utils/WindowCloseTimer.cs"
"Assets/Scripts/Installers/CombatSceneInstaller.cs"
"Assets/Scripts/Installers/CommonGuiSceneInstaller.cs"
"Assets/Scripts/Installers/ConfigSceneInstaller.cs"
"Assets/Scripts/Installers/DefaultSceneInstaller.cs"
"Assets/Scripts/Installers/EhopediaSceneInstaller.cs"
"Assets/Scripts/Installers/ExplorationSceneInstaller.cs"
"Assets/Scripts/Installers/GameInstaller.cs"
"Assets/Scripts/Installers/MainMenuSceneInstaller.cs"
"Assets/Scripts/Installers/ObjectFactoryInstaller.cs"
"Assets/Scripts/Installers/ServicesInstaller.cs"
"Assets/Scripts/Installers/StarMapSceneInstaller.cs"
"Assets/Scripts/Installers/TestSceneInstaller.cs"
"Assets/Scripts/Legacy/Combat/Settings.cs"
"Assets/Scripts/Legacy/Common/BinaryData.cs"
"Assets/Scripts/Legacy/Common/Cached.cs"
"Assets/Scripts/Legacy/Common/DateTimeExtensions.cs"
"Assets/Scripts/Legacy/Common/GameObjectWrapper.cs"
"Assets/Scripts/Legacy/Common/RectTransformHelpers.cs"
"Assets/Scripts/Legacy/Common/SceneObject/ISceneObject.cs"
"Assets/Scripts/Legacy/Common/SceneObject/SceneObjectBase.cs"
"Assets/Scripts/Legacy/Common/SceneObject/SceneObjectHolder.cs"
"Assets/Scripts/Legacy/Common/SelectableItemsCollection.cs"
"Assets/Scripts/Legacy/Common/TouchInput.cs"
"Assets/Scripts/Legacy/Common/TransformExtensions.cs"
"Assets/Scripts/Legacy/Controller/Manager.cs"
"Assets/Scripts/Legacy/Debug/Cheats.cs"
"Assets/Scripts/Legacy/Debug/DatabaseCodesProcessor.cs"
"Assets/Scripts/Legacy/Economy/Data/CommodityType.cs"
"Assets/Scripts/Legacy/Exploration/Gui/ExtractedItem.cs"
"Assets/Scripts/Legacy/GUI/Background.cs"
"Assets/Scripts/Legacy/GUI/Console.cs"
"Assets/Scripts/Legacy/GUI/Controls/ComponentImage.cs"
"Assets/Scripts/Legacy/GUI/Controls/CustomInputField.cs"
"Assets/Scripts/Legacy/GUI/Controls/DragAndDrop.cs"
"Assets/Scripts/Legacy/GUI/Controls/DragAndDropComponent.cs"
"Assets/Scripts/Legacy/GUI/Controls/InputArea.cs"
"Assets/Scripts/Legacy/GUI/Controls/Joystick.cs"
"Assets/Scripts/Legacy/GUI/Controls/PushButton.cs"
"Assets/Scripts/Legacy/GUI/Controls/UiBezier.cs"
"Assets/Scripts/Legacy/GUI/Controls/UiLine.cs"
"Assets/Scripts/Legacy/GUI/Helpers/AutoSize.cs"
"Assets/Scripts/Legacy/GUI/Helpers/CanvasGroupBlink.cs"
"Assets/Scripts/Legacy/GUI/Helpers/CloseOnEscape.cs"
"Assets/Scripts/Legacy/GUI/Helpers/ImageBlink.cs"
"Assets/Scripts/Legacy/GUI/Helpers/ImagesColorSelector.cs"
"Assets/Scripts/Legacy/GUI/Helpers/ObjectList.cs"
"Assets/Scripts/Legacy/GUI/Helpers/PanelToggleGroup.cs"
"Assets/Scripts/Legacy/GUI/Helpers/PlatformDependentObject.cs"
"Assets/Scripts/Legacy/GUI/Helpers/Spin.cs"
"Assets/Scripts/Legacy/GUI/Helpers/Swing.cs"
"Assets/Scripts/Legacy/GUI/Helpers/ToggleSelectedEvent.cs"
"Assets/Scripts/Legacy/GUI/Helpers/Zoom.cs"
"Assets/Scripts/Legacy/GUI/Input/MapNavigation.cs"
"Assets/Scripts/Legacy/GUI/Input/TouchInputMonitor.cs"
"Assets/Scripts/Legacy/GUI/Layout/CellLayout.cs"
"Assets/Scripts/Legacy/GUI/Layout/RandomLayoutGroup.cs"
"Assets/Scripts/Legacy/GUI/Layout/ScrollRectHorizontalLayout.cs"
"Assets/Scripts/Legacy/GUI/Layout/ScrollRectVerticalLayout.cs"
"Assets/Scripts/Legacy/GUI/Layout/ScrollbarLimiter.cs"
"Assets/Scripts/Legacy/GUI/Layout/TableLayoutGroup.cs"
"Assets/Scripts/Legacy/GUI/LoadingScreen.cs"
"Assets/Scripts/Legacy/GUI/MapRotation.cs"
"Assets/Scripts/Legacy/GUI/StartupSplashOverlay.cs"
"Assets/Scripts/Legacy/GUI/ViewModel/CargoHold/CargoHoldContentFiller.cs"
"Assets/Scripts/Legacy/GUI/ViewModel/CargoHold/CargoHoldItem.cs"
"Assets/Scripts/Legacy/GUI/ViewModel/CargoHold/ScrapPanelViewModel.cs"
"Assets/Scripts/Legacy/GUI/ViewModel/Combat/ButtonCooldown.cs"
"Assets/Scripts/Legacy/GUI/ViewModel/Combat/SelectShipPanelItemViewModel.cs"
"Assets/Scripts/Legacy/GUI/ViewModel/Common/InventoryItem.cs"
"Assets/Scripts/Legacy/GUI/ViewModel/Common/MessagePanelViewModel.cs"
"Assets/Scripts/Legacy/GUI/ViewModel/Common/PanelController.cs"
"Assets/Scripts/Legacy/GUI/ViewModel/Common/PanelControllerAutoClose.cs"
"Assets/Scripts/Legacy/GUI/ViewModel/Common/PlayerExperienceItem.cs"
"Assets/Scripts/Legacy/GUI/ViewModel/Common/PricePanel.cs"
"Assets/Scripts/Legacy/GUI/ViewModel/Common/RadioGroupViewModel.cs"
"Assets/Scripts/Legacy/GUI/ViewModel/Common/RewardItem.cs"
"Assets/Scripts/Legacy/GUI/ViewModel/Common/ShipExperienceItem.cs"
"Assets/Scripts/Legacy/GUI/ViewModel/Common/ShipInfoViewModel.cs"
"Assets/Scripts/Legacy/GUI/ViewModel/Common/TextFieldViewModel.cs"
"Assets/Scripts/Legacy/GUI/ViewModel/Common/TimerViewModel.cs"
"Assets/Scripts/Legacy/GUI/ViewModel/Constructor/BlockViewModel.cs"
"Assets/Scripts/Legacy/GUI/ViewModel/Constructor/ComponentIconViewModel.cs"
"Assets/Scripts/Legacy/GUI/ViewModel/Craft/CraftListItem.cs"
"Assets/Scripts/Legacy/GUI/ViewModel/Craft/ItemDescriptionPanel.cs"
"Assets/Scripts/Legacy/GUI/ViewModel/Craft/RequiredResources.cs"
"Assets/Scripts/Legacy/GUI/ViewModel/Craft/RequirementsPanel.cs"
"Assets/Scripts/Legacy/GUI/ViewModel/Craft/ResourceItem.cs"
"Assets/Scripts/Legacy/GUI/ViewModel/Dialogs/MarketContentFiller.cs"
"Assets/Scripts/Legacy/GUI/ViewModel/Dialogs/MarketDialog.cs"
"Assets/Scripts/Legacy/GUI/ViewModel/MainMenu/AppConfigViewModel.cs"
"Assets/Scripts/Legacy/GUI/ViewModel/MainMenu/ButtonLayoutViewModel.cs"
"Assets/Scripts/Legacy/GUI/ViewModel/MainMenu/ControlSetupViewModel.cs"
"Assets/Scripts/Legacy/GUI/ViewModel/MainMenu/CreditsPanelViewModel.cs"
"Assets/Scripts/Legacy/GUI/ViewModel/MainMenu/DevConsoleViewModel.cs"
"Assets/Scripts/Legacy/GUI/ViewModel/Notifications/ItemDescriptionWindow.cs"
"Assets/Scripts/Legacy/GUI/ViewModel/Notifications/LootPanel.cs"
"Assets/Scripts/Legacy/GUI/ViewModel/Notifications/NotificationsPanel.cs"
"Assets/Scripts/Legacy/GUI/ViewModel/Quests/ActionsPanel.cs"
"Assets/Scripts/Legacy/GUI/ViewModel/Quests/ItemsPanel.cs"
"Assets/Scripts/Legacy/GUI/ViewModel/Quests/MessagePanel.cs"
"Assets/Scripts/Legacy/GUI/ViewModel/Quests/QuestAction.cs"
"Assets/Scripts/Legacy/GUI/ViewModel/Quests/QuestDialogContent.cs"
"Assets/Scripts/Legacy/GUI/ViewModel/Quests/ShipsPanel.cs"
"Assets/Scripts/Legacy/GUI/ViewModel/Quests/ThreatPanel.cs"
"Assets/Scripts/Legacy/GUI/ViewModel/Skills/InformationPanel.cs"
"Assets/Scripts/Legacy/GUI/ViewModel/Skills/PlayerPanel.cs"
"Assets/Scripts/Legacy/GUI/ViewModel/Skills/SkillListUpdater.cs"
"Assets/Scripts/Legacy/GUI/ViewModel/Skills/SkillTree.cs"
"Assets/Scripts/Legacy/GUI/ViewModel/Skills/SkillTreeNode.cs"
"Assets/Scripts/Legacy/GUI/ViewModel/StarMap/ActiveShipViewModel.cs"
"Assets/Scripts/Legacy/GUI/ViewModel/StarMap/BlackMarketPanel.cs"
"Assets/Scripts/Legacy/GUI/ViewModel/StarMap/BossPanelViewModel.cs"
"Assets/Scripts/Legacy/GUI/ViewModel/StarMap/ChallengePanel.cs"
"Assets/Scripts/Legacy/GUI/ViewModel/StarMap/CompanionItemViewModel.cs"
"Assets/Scripts/Legacy/GUI/ViewModel/StarMap/CompartmentViewModel.cs"
"Assets/Scripts/Legacy/GUI/ViewModel/StarMap/ControlPanelViewModel.cs"
"Assets/Scripts/Legacy/GUI/ViewModel/StarMap/FactionPanelViewModel.cs"
"Assets/Scripts/Legacy/GUI/ViewModel/StarMap/FactionViewModel.cs"
"Assets/Scripts/Legacy/GUI/ViewModel/StarMap/FlightConfirmationViewModel.cs"
"Assets/Scripts/Legacy/GUI/ViewModel/StarMap/GameButtonsViewModel.cs"
"Assets/Scripts/Legacy/GUI/ViewModel/StarMap/HomeStarPanelViewModel.cs"
"Assets/Scripts/Legacy/GUI/ViewModel/StarMap/InformationPanel.cs"
"Assets/Scripts/Legacy/GUI/ViewModel/StarMap/MapNavigationPanelViewModel.cs"
"Assets/Scripts/Legacy/GUI/ViewModel/StarMap/MilitaryPanelViewModel.cs"
"Assets/Scripts/Legacy/GUI/ViewModel/StarMap/ModuleButtonViewModel.cs"
"Assets/Scripts/Legacy/GUI/ViewModel/StarMap/PowerUpsPanelViewModel.cs"
"Assets/Scripts/Legacy/GUI/ViewModel/StarMap/QuestItemViewModel.cs"
"Assets/Scripts/Legacy/GUI/ViewModel/StarMap/QuestLogPanelViewModel.cs"
"Assets/Scripts/Legacy/GUI/ViewModel/StarMap/RateGameViewModel.cs"
"Assets/Scripts/Legacy/GUI/ViewModel/StarMap/ResearchPanelViewModel.cs"
"Assets/Scripts/Legacy/GUI/ViewModel/StarMap/RuinsPanelViewModel.cs"
"Assets/Scripts/Legacy/GUI/ViewModel/StarMap/SelectModuleButtonViewModel.cs"
"Assets/Scripts/Legacy/GUI/ViewModel/StarMap/ShipPanelViewModel.cs"
"Assets/Scripts/Legacy/GUI/ViewModel/StarMap/StatisticsViewModel.cs"
"Assets/Scripts/Legacy/GUI/ViewModel/StarMap/StatusPanelViewModel.cs"
"Assets/Scripts/Legacy/GUI/ViewModel/StarMap/SurvivalPanelViewModel.cs"
"Assets/Scripts/Legacy/GUI/ViewModel/StarMap/TechItemViewModel.cs"
"Assets/Scripts/Legacy/GUI/ViewModel/StarMap/TechTreePanelViewModel.cs"
"Assets/Scripts/Legacy/GUI/ViewModel/StarMap/WormholePanelViewModel.cs"
"Assets/Scripts/Legacy/GUI/ViewModel/StarMap/XmasPanelViewModel.cs"
"Assets/Scripts/Legacy/Game/CargoHold.cs"
"Assets/Scripts/Legacy/Game/CombatResult.cs"
"Assets/Scripts/Legacy/Game/Config.cs"
"Assets/Scripts/Legacy/Game/Galaxy/Region.cs"
"Assets/Scripts/Legacy/Game/Galaxy/RegionMap.cs"
"Assets/Scripts/Legacy/Game/Quests/Builder/LocalQuestBuilder.cs"
"Assets/Scripts/Legacy/Game/Quests/IReward.cs"
"Assets/Scripts/Legacy/Game/Quests/Inventory/ArenaInventory.cs"
"Assets/Scripts/Legacy/Game/Quests/Inventory/BlackMarketInventory.cs"
"Assets/Scripts/Legacy/Game/Quests/Inventory/BlackMarketPlayerInventory.cs"
"Assets/Scripts/Legacy/Game/Quests/Inventory/CargoHoldInventory.cs"
"Assets/Scripts/Legacy/Game/Quests/Inventory/FactionInventory.cs"
"Assets/Scripts/Legacy/Game/Quests/Inventory/IInventory.cs"
"Assets/Scripts/Legacy/Game/Quests/Inventory/IapInventory.cs"
"Assets/Scripts/Legacy/Game/Quests/Inventory/Inventory.cs"
"Assets/Scripts/Legacy/Game/Quests/Inventory/InventoryFactory.cs"
"Assets/Scripts/Legacy/Game/Quests/Inventory/MerchantInventory.cs"
"Assets/Scripts/Legacy/Game/Quests/Inventory/PlayerInventory.cs"
"Assets/Scripts/Legacy/Game/Quests/Inventory/QuestInventory.cs"
"Assets/Scripts/Legacy/Game/Quests/Inventory/SantaInventory.cs"
"Assets/Scripts/Legacy/Game/Quests/Reward.cs"
"Assets/Scripts/Legacy/Game/Skills/EventListener.cs"
"Assets/Scripts/Legacy/Game/Skills/Experience.cs"
"Assets/Scripts/Legacy/Game/Skills/ISkill.cs"
"Assets/Scripts/Legacy/Game/Skills/SkillType.cs"
"Assets/Scripts/Legacy/Game/Upgrades/UpgradeType.cs"
"Assets/Scripts/Legacy/GameObjects/BaseObject.cs"
"Assets/Scripts/Legacy/GameObjects/CircularEffect.cs"
"Assets/Scripts/Legacy/GameObjects/Companion.cs"
"Assets/Scripts/Legacy/GameObjects/DoubleParticleObject.cs"
"Assets/Scripts/Legacy/GameObjects/DoubleSpriteObject.cs"
"Assets/Scripts/Legacy/GameObjects/Helpers/ChaoticObjectBehaviour.cs"
"Assets/Scripts/Legacy/GameObjects/Lightning.cs"
"Assets/Scripts/Legacy/GameObjects/Line.cs"
"Assets/Scripts/Legacy/GameObjects/ParticleObject.cs"
"Assets/Scripts/Legacy/GameObjects/ParticleSystem.cs"
"Assets/Scripts/Legacy/GameObjects/PulseSprite.cs"
"Assets/Scripts/Legacy/GameObjects/RollingSprite.cs"
"Assets/Scripts/Legacy/GameObjects/SatelliteObject.cs"
"Assets/Scripts/Legacy/GameObjects/Spark.cs"
"Assets/Scripts/Legacy/GameObjects/SparkRendererObject.cs"
"Assets/Scripts/Legacy/GameObjects/SphereObject.cs"
"Assets/Scripts/Legacy/GameObjects/SpriteObject.cs"
"Assets/Scripts/Legacy/GameObjects/SpriteRendererObject.cs"
"Assets/Scripts/Legacy/GameObjects/Square.cs"
"Assets/Scripts/Legacy/GameObjects/Trail.cs"
"Assets/Scripts/Legacy/GameObjects/TransparentSprite.cs"
"Assets/Scripts/Legacy/GameObjects/TransparentSpriteRendererObject.cs"
"Assets/Scripts/Legacy/Map/Background.cs"
"Assets/Scripts/Legacy/Map/DistressSignal.cs"
"Assets/Scripts/Legacy/Map/GalaxyMap.cs"
"Assets/Scripts/Legacy/Map/MapBackground.cs"
"Assets/Scripts/Legacy/Map/MapNavigator.cs"
"Assets/Scripts/Legacy/Map/MapScaler.cs"
"Assets/Scripts/Legacy/Map/PlayerShipObject.cs"
"Assets/Scripts/Legacy/Map/ScreenCenter.cs"
"Assets/Scripts/Legacy/Map/ShipIcon.cs"
"Assets/Scripts/Legacy/Map/ShipRange.cs"
"Assets/Scripts/Legacy/Map/Star.cs"
"Assets/Scripts/Legacy/Map/StarBorder.cs"
"Assets/Scripts/Legacy/Map/StarIcon.cs"
"Assets/Scripts/Legacy/Map/StarItemAlign.cs"
"Assets/Scripts/Legacy/Map/System/FleetObjects.cs"
"Assets/Scripts/Legacy/Map/System/OrbitalObjects.cs"
"Assets/Scripts/Legacy/Map/System/Planet.cs"
"Assets/Scripts/Legacy/Map/System/Ship.cs"
"Assets/Scripts/Legacy/Map/System/StarBase.cs"
"Assets/Scripts/Legacy/Map/System/StarSystem.cs"
"Assets/Scripts/Legacy/Model/Factories/Fleet.cs"
"Assets/Scripts/Legacy/Model/Military/ArenaFleet.cs"
"Assets/Scripts/Legacy/Model/Military/CommonFleet.cs"
"Assets/Scripts/Legacy/Model/Military/IFleet.cs"
"Assets/Scripts/Legacy/Model/Military/PlayerFleet.cs"
"Assets/Scripts/Legacy/Model/Military/QuestFleet.cs"
"Assets/Scripts/Legacy/Model/Military/SingleShip.cs"
"Assets/Scripts/Legacy/Model/Military/SurvivalFleet.cs"
"Assets/Scripts/Legacy/Model/Military/TestFleet.cs"
"Assets/Scripts/Legacy/Model/Regulations/Companions.cs"
"Assets/Scripts/Legacy/Model/Regulations/Market.cs"
"Assets/Scripts/Legacy/Model/Regulations/Time.cs"
"Assets/Scripts/Legacy/Resources/SharedResources.cs"
"Assets/Scripts/Legacy/Unity/CameraRotation.cs"
"Assets/Scripts/Legacy/Unity/Circle.cs"
"Assets/Scripts/Services/Diagnostics/FreezeDetector.cs"
"Assets/Scripts/Services/InternetTime/GameTime.cs"
"Assets/Scripts/Services/InternetTime/InternetTimeService.cs"
"Assets/Scripts/Services/Messenger/AotProblemsWorkaround.cs"
"Assets/Scripts/Services/Messenger/SignalsTranslator.cs"
"Assets/Scripts/Services/RateGame/RateGameService.cs"
"Assets/Scripts/Services/Unity/ShaderTimeProvider.cs"
"Assets/Scripts/Utils/DefaultCamera.cs"
"Assets/Scripts/Utils/Flicker.cs"
-langversion:9.0
/deterministic
/optimize+
/debug:portable
/nologo
/RuntimeMetadataVersion:v4.0.30319
/nowarn:0169
/nowarn:0649
/nowarn:0282
/nowarn:1701
/nowarn:1702
/utf8output
/preferreduilang:en-US
/additionalfile:"Library/Bee/artifacts/1300b0aE.dag/Assembly-CSharp.UnityAdditionalFile.txt"
##### Custom Environment Variables
DOTNET_MULTILEVEL_LOOKUP=0
##### ExitCode
1
##### Output
Assets\Scripts\Combat\Domain\CombatModelBuilder.cs(95,32): warning CS0618: 'Factory<CombatModelBuilder>' is obsolete: 'Zenject.Factory has been renamed to PlaceholderFactory.  Zenject.Factory will be removed in future versions'

Assets\Scripts\GameStateMachine\States\AnnouncementState.cs(47,32): warning CS0618: 'Factory<AnnouncementState>' is obsolete: 'Zenject.Factory has been renamed to PlaceholderFactory.  Zenject.Factory will be removed in future versions'

Assets\Scripts\GameStateMachine\States\CombatRewardState.cs(41,32): warning CS0618: 'Factory<IReward, CombatRewardState>' is obsolete: 'Zenject.Factory has been renamed to PlaceholderFactory.  Zenject.Factory will be removed in future versions'

Assets\Scripts\GameStateMachine\States\DailyRewardState.cs(57,32): warning CS0618: 'Factory<DailyRewardState>' is obsolete: 'Zenject.Factory has been renamed to PlaceholderFactory.  Zenject.Factory will be removed in future versions'

Assets\Scripts\GameStateMachine\States\CombatState.cs(128,32): warning CS0618: 'Factory<ICombatModel, Action<ICombatModel>, CombatState>' is obsolete: 'Zenject.Factory has been renamed to PlaceholderFactory.  Zenject.Factory will be removed in future versions'

Assets\Scripts\GameStateMachine\States\DialogState.cs(59,32): warning CS0618: 'Factory<string, WindowArgs, Action<WindowExitCode>, DialogState>' is obsolete: 'Zenject.Factory has been renamed to PlaceholderFactory.  Zenject.Factory will be removed in future versions'

Assets\Scripts\GameStateMachine\States\EditorInitializationState.cs(49,32): warning CS0618: 'Factory<EditorInitializationState>' is obsolete: 'Zenject.Factory has been renamed to PlaceholderFactory.  Zenject.Factory will be removed in future versions'

Assets\Scripts\GameStateMachine\States\EhopediaState.cs(31,32): warning CS0618: 'Factory<EhopediaState>' is obsolete: 'Zenject.Factory has been renamed to PlaceholderFactory.  Zenject.Factory will be removed in future versions'

Assets\Scripts\GameStateMachine\States\ExplorationState.cs(85,32): warning CS0618: 'Factory<Planet, ExplorationState>' is obsolete: 'Zenject.Factory has been renamed to PlaceholderFactory.  Zenject.Factory will be removed in future versions'

Assets\Scripts\GameStateMachine\States\InitializationState.cs(200,32): warning CS0618: 'Factory<InitializationState>' is obsolete: 'Zenject.Factory has been renamed to PlaceholderFactory.  Zenject.Factory will be removed in future versions'

Assets\Scripts\GameStateMachine\States\QuestState.cs(63,26): warning CS0618: 'Factory<IUserInteraction, QuestState>' is obsolete: 'Zenject.Factory has been renamed to PlaceholderFactory.  Zenject.Factory will be removed in future versions'

Assets\Scripts\GameStateMachine\States\ModalDialogState.cs(53,32): warning CS0618: 'Factory<string, IEnumerable<GameScene>, ModalDialogState>' is obsolete: 'Zenject.Factory has been renamed to PlaceholderFactory.  Zenject.Factory will be removed in future versions'

Assets\Scripts\GameStateMachine\States\QuickCombatState.cs(218,32): warning CS0618: 'Factory<QuickCombatState.Settings, QuickCombatState>' is obsolete: 'Zenject.Factory has been renamed to PlaceholderFactory.  Zenject.Factory will be removed in future versions'

Assets\Scripts\GameStateMachine\States\RetreatState.cs(81,32): warning CS0618: 'Factory<RetreatState>' is obsolete: 'Zenject.Factory has been renamed to PlaceholderFactory.  Zenject.Factory will be removed in future versions'

Assets\Scripts\GameStateMachine\States\SkillTreeState.cs(31,32): warning CS0618: 'Factory<SkillTreeState>' is obsolete: 'Zenject.Factory has been renamed to PlaceholderFactory.  Zenject.Factory will be removed in future versions'

Assets\Scripts\GameStateMachine\States\MainMenuState.cs(166,26): warning CS0618: 'Factory<MainMenuState>' is obsolete: 'Zenject.Factory has been renamed to PlaceholderFactory.  Zenject.Factory will be removed in future versions'

Assets\Scripts\GameStateMachine\States\StartingNewGameState.cs(91,32): warning CS0618: 'Factory<StartingNewGameState>' is obsolete: 'Zenject.Factory has been renamed to PlaceholderFactory.  Zenject.Factory will be removed in future versions'

Assets\Scripts\GameStateMachine\States\StarMapState.cs(360,32): warning CS0618: 'Factory<StarMapState>' is obsolete: 'Zenject.Factory has been renamed to PlaceholderFactory.  Zenject.Factory will be removed in future versions'

Assets\Scripts\GameStateMachine\States\TestingState.cs(31,32): warning CS0618: 'Factory<TestingState>' is obsolete: 'Zenject.Factory has been renamed to PlaceholderFactory.  Zenject.Factory will be removed in future versions'

Assets\Scripts\GameStateMachine\States\TravelState.cs(89,32): warning CS0618: 'Factory<int, TravelState>' is obsolete: 'Zenject.Factory has been renamed to PlaceholderFactory.  Zenject.Factory will be removed in future versions'

Assets\Scripts\Legacy\GUI\Layout\RandomLayoutGroup.cs(29,4): warning CS0618: 'Random.seed' is obsolete: 'Deprecated. Use InitState() function or Random.state property instead.'

Assets\Scripts\Legacy\GUI\Layout\RandomLayoutGroup.cs(42,4): warning CS0618: 'Random.seed' is obsolete: 'Deprecated. Use InitState() function or Random.state property instead.'

Assets\Scripts\GameServices\OfflineMultiplayer\PlayerInfo.cs(108,30): warning CS0168: The variable 'e' is declared but never used

Assets\Scripts\Legacy\Debug\Cheats.cs(297,26): warning CS0168: The variable 'e' is declared but never used

Assets\Scripts\Legacy\Debug\Cheats.cs(353,41): warning CS0612: 'ComponentInfo.FromInt64(IDatabase, long)' is obsolete

Assets\Scripts\GameServices\OfflineMultiplayer\PlayerInfo.cs(147,30): warning CS0168: The variable 'e' is declared but never used

Assets\Scripts\GameServices\OfflineMultiplayer\PlayerInfo.cs(163,30): warning CS0168: The variable 'e' is declared but never used

Assets\Scripts\GameServices\OfflineMultiplayer\PlayerInfo.cs(192,30): warning CS0168: The variable 'e' is declared but never used

Assets\Scripts\Legacy\GUI\ViewModel\StarMap\TechTreePanelViewModel.cs(546,6): warning CS0618: 'Random.seed' is obsolete: 'Deprecated. Use InitState() function or Random.state property instead.'

Assets\Scripts\Legacy\Debug\Cheats.cs(417,57): warning CS0612: 'ComponentInfo.SerializeToInt64()' is obsolete

Assets\Scripts\Gui\ShipService\ShipLayoutPanel.cs(75,85): warning CS0612: 'IShipLayout.Size' is obsolete

Assets\Scripts\Gui\ShipService\ShipLayoutPanel.cs(76,86): warning CS0612: 'IShipLayout.Size' is obsolete

Assets\Scripts\Gui\ShipService\ShipLayoutPanel.cs(92,28): warning CS0612: 'IShipLayout.Size' is obsolete

Assets\Scripts\Gui\ShipService\ShipLayoutPanel.cs(146,62): warning CS0612: 'IShipLayout.Size' is obsolete

Assets\Scripts\Gui\ShipService\ShipLayoutPanel.cs(146,91): warning CS0612: 'IShipLayout.Size' is obsolete

Assets\Scripts\GameStateMachine\States\ShipEditorState.cs(202,40): warning CS0612: 'ComponentInfo.FromInt64(IDatabase, long)' is obsolete

Assets\Scripts\Legacy\Map\Star.cs(412,3): warning CS0618: 'Random.seed' is obsolete: 'Deprecated. Use InitState() function or Random.state property instead.'

Assets\Scripts\Legacy\GUI\Console.cs(24,17): warning CS0618: 'Object.FindObjectsOfType<T>()' is obsolete: 'Object.FindObjectsOfType has been deprecated. Use Object.FindObjectsByType instead which lets you decide whether you need the results sorted or not.  FindObjectsOfType sorts the results by InstanceID but if you do not need this using FindObjectSortMode.None is considerably faster.'

Assets\Scripts\Legacy\GUI\ViewModel\CargoHold\ScrapPanelViewModel.cs(133,84): warning CS0612: 'ComponentInfo.SerializeToInt64()' is obsolete

Assets\Scripts\Gui\MainMenu\SettingsProgress.cs(176,37): warning CS0618: 'Object.FindObjectsOfType<T>(bool)' is obsolete: 'Object.FindObjectsOfType has been deprecated. Use Object.FindObjectsByType instead which lets you decide whether you need the results sorted or not.  FindObjectsOfType sorts the results by InstanceID but if you do not need this using FindObjectSortMode.None is considerably faster.'

Assets\Scripts\Gui\MainMenu\SettingsProgress.cs(178,38): warning CS0618: 'Object.FindObjectsOfType<T>(bool)' is obsolete: 'Object.FindObjectsOfType has been deprecated. Use Object.FindObjectsByType instead which lets you decide whether you need the results sorted or not.  FindObjectsOfType sorts the results by InstanceID but if you do not need this using FindObjectSortMode.None is considerably faster.'

Assets\Scripts\GameServices\OfflineMultiplayer\EnemyPlayerInfo.cs(61,30): warning CS0168: The variable 'e' is declared but never used

Assets\Scripts\Gui\MainMenu\SettingsProgress.cs(259,60): warning CS0618: 'Object.FindObjectOfType<T>()' is obsolete: 'Object.FindObjectOfType has been deprecated. Use Object.FindFirstObjectByType instead or if finding any instance is acceptable the faster Object.FindAnyObjectByType'

Assets\Scripts\GameStateMachine\States\AdventureState.cs(61,108): error CS7036: There is no argument given that corresponds to the required formal parameter 'comparisonType' of 'MemoryExtensions.Contains(ReadOnlySpan<char>, ReadOnlySpan<char>, StringComparison)'

Assets\Scripts\Domain\Economy\ItemType\ComponentItem.cs(21,47): warning CS0612: 'ComponentInfo.SerializeToInt64()' is obsolete

Assets\Scripts\Gui\MainMenu\MainMenu.cs(248,41): error CS1061: 'IShipModel' does not contain a definition for 'Name' and no accessible extension method 'Name' accepting a first argument of type 'IShipModel' could be found (are you missing a using directive or an assembly reference?)

Assets\Scripts\Legacy\GUI\ViewModel\MainMenu\DevConsoleViewModel.cs(76,5): warning CS0162: Unreachable code detected

Assets\Scripts\Gui\Combat\RadarPanel.cs(61,17): warning CS0219: The variable 'simpleRadarIndex' is assigned but its value is never used

Assets\Scripts\Gui\MainMenu\MainMenu.cs(633,60): warning CS0618: 'Object.FindObjectOfType<T>()' is obsolete: 'Object.FindObjectOfType has been deprecated. Use Object.FindFirstObjectByType instead or if finding any instance is acceptable the faster Object.FindAnyObjectByType'

Assets\Scripts\Gui\MainMenu\MainMenu.cs(815,60): warning CS0618: 'Object.FindObjectOfType<T>()' is obsolete: 'Object.FindObjectOfType has been deprecated. Use Object.FindFirstObjectByType instead or if finding any instance is acceptable the faster Object.FindAnyObjectByType'

Assets\Scripts\Combat\Manager\AdventureCombatController.cs(288,29): error CS0104: 'ShipInfo' is an ambiguous reference between 'Combat.Domain.ShipInfo' and 'Constructor.ShipInfo'

Assets\Scripts\Gui\MainMenu\MainMenu.cs(870,60): warning CS0618: 'Object.FindObjectOfType<T>()' is obsolete: 'Object.FindObjectOfType has been deprecated. Use Object.FindFirstObjectByType instead or if finding any instance is acceptable the faster Object.FindAnyObjectByType'

Assets\Scripts\Combat\Manager\AdventureCombatController.cs(389,75): error CS1061: 'IShipModel' does not contain a definition for 'Name' and no accessible extension method 'Name' accepting a first argument of type 'IShipModel' could be found (are you missing a using directive or an assembly reference?)

Assets\Scripts\Legacy\GUI\ViewModel\StarMap\MilitaryPanelViewModel.cs(41,15): warning CS0414: The field 'MilitaryPanelViewModel._money' is assigned but its value is never used

Assets\Scripts\Gui\Utils\BackButtonEvent.cs(12,39): warning CS0414: The field 'BackButtonEvent._ignoreIfStandaloneBuild' is assigned but its value is never used

Assets\Scripts\Legacy\GUI\LoadingScreen.cs(133,18): warning CS0414: The field 'LoadingScreen._firstTime' is assigned but its value is never used

Assets\Scripts\Legacy\GUI\LoadingScreen.cs(20,33): warning CS0414: The field 'LoadingScreen._delay' is assigned but its value is never used

Assets\Scripts\Legacy\GUI\LoadingScreen.cs(28,15): warning CS0414: The field 'LoadingScreen._coroutineRunning' is assigned but its value is never used
*** Tundra build failed (0.54 seconds), 1 items updated, 851 evaluated
## Script Compilation Error for: Csc Library/Bee/artifacts/1300b0aE.dag/Assembly-CSharp.dll (+2 others)
## CmdLine: "C:\Program Files\Unity\Hub\Editor\6000.0.75f1\Editor\Data\NetCoreRuntime\dotnet.exe" exec "C:/Program Files/Unity/Hub/Editor/6000.0.75f1/Editor/Data/DotNetSdkRoslyn/csc.dll" /nostdlib /noconfig /shared "@Library/Bee/artifacts/1300b0aE.dag/Assembly-CSharp.rsp" "@Library/Bee/artifacts/1300b0aE.dag/Assembly-CSharp.rsp2"
## Output:
Assets\Scripts\Combat\Domain\CombatModelBuilder.cs(95,32): warning CS0618: 'Factory<CombatModelBuilder>' is obsolete: 'Zenject.Factory has been renamed to PlaceholderFactory.  Zenject.Factory will be removed in future versions'
Assets\Scripts\GameStateMachine\States\AnnouncementState.cs(47,32): warning CS0618: 'Factory<AnnouncementState>' is obsolete: 'Zenject.Factory has been renamed to PlaceholderFactory.  Zenject.Factory will be removed in future versions'
Assets\Scripts\GameStateMachine\States\CombatRewardState.cs(41,32): warning CS0618: 'Factory<IReward, CombatRewardState>' is obsolete: 'Zenject.Factory has been renamed to PlaceholderFactory.  Zenject.Factory will be removed in future versions'
Assets\Scripts\GameStateMachine\States\DailyRewardState.cs(57,32): warning CS0618: 'Factory<DailyRewardState>' is obsolete: 'Zenject.Factory has been renamed to PlaceholderFactory.  Zenject.Factory will be removed in future versions'
Assets\Scripts\GameStateMachine\States\CombatState.cs(128,32): warning CS0618: 'Factory<ICombatModel, Action<ICombatModel>, CombatState>' is obsolete: 'Zenject.Factory has been renamed to PlaceholderFactory.  Zenject.Factory will be removed in future versions'
Assets\Scripts\GameStateMachine\States\DialogState.cs(59,32): warning CS0618: 'Factory<string, WindowArgs, Action<WindowExitCode>, DialogState>' is obsolete: 'Zenject.Factory has been renamed to PlaceholderFactory.  Zenject.Factory will be removed in future versions'
Assets\Scripts\GameStateMachine\States\EditorInitializationState.cs(49,32): warning CS0618: 'Factory<EditorInitializationState>' is obsolete: 'Zenject.Factory has been renamed to PlaceholderFactory.  Zenject.Factory will be removed in future versions'
Assets\Scripts\GameStateMachine\States\EhopediaState.cs(31,32): warning CS0618: 'Factory<EhopediaState>' is obsolete: 'Zenject.Factory has been renamed to PlaceholderFactory.  Zenject.Factory will be removed in future versions'
Assets\Scripts\GameStateMachine\States\ExplorationState.cs(85,32): warning CS0618: 'Factory<Planet, ExplorationState>' is obsolete: 'Zenject.Factory has been renamed to PlaceholderFactory.  Zenject.Factory will be removed in future versions'
Assets\Scripts\GameStateMachine\States\InitializationState.cs(200,32): warning CS0618: 'Factory<InitializationState>' is obsolete: 'Zenject.Factory has been renamed to PlaceholderFactory.  Zenject.Factory will be removed in future versions'
Assets\Scripts\GameStateMachine\States\QuestState.cs(63,26): warning CS0618: 'Factory<IUserInteraction, QuestState>' is obsolete: 'Zenject.Factory has been renamed to PlaceholderFactory.  Zenject.Factory will be removed in future versions'
Assets\Scripts\GameStateMachine\States\ModalDialogState.cs(53,32): warning CS0618: 'Factory<string, IEnumerable<GameScene>, ModalDialogState>' is obsolete: 'Zenject.Factory has been renamed to PlaceholderFactory.  Zenject.Factory will be removed in future versions'
Assets\Scripts\GameStateMachine\States\QuickCombatState.cs(218,32): warning CS0618: 'Factory<QuickCombatState.Settings, QuickCombatState>' is obsolete: 'Zenject.Factory has been renamed to PlaceholderFactory.  Zenject.Factory will be removed in future versions'
Assets\Scripts\GameStateMachine\States\RetreatState.cs(81,32): warning CS0618: 'Factory<RetreatState>' is obsolete: 'Zenject.Factory has been renamed to PlaceholderFactory.  Zenject.Factory will be removed in future versions'
Assets\Scripts\GameStateMachine\States\SkillTreeState.cs(31,32): warning CS0618: 'Factory<SkillTreeState>' is obsolete: 'Zenject.Factory has been renamed to PlaceholderFactory.  Zenject.Factory will be removed in future versions'
Assets\Scripts\GameStateMachine\States\MainMenuState.cs(166,26): warning CS0618: 'Factory<MainMenuState>' is obsolete: 'Zenject.Factory has been renamed to PlaceholderFactory.  Zenject.Factory will be removed in future versions'
Assets\Scripts\GameStateMachine\States\StartingNewGameState.cs(91,32): warning CS0618: 'Factory<StartingNewGameState>' is obsolete: 'Zenject.Factory has been renamed to PlaceholderFactory.  Zenject.Factory will be removed in future versions'
Assets\Scripts\GameStateMachine\States\StarMapState.cs(360,32): warning CS0618: 'Factory<StarMapState>' is obsolete: 'Zenject.Factory has been renamed to PlaceholderFactory.  Zenject.Factory will be removed in future versions'
Assets\Scripts\GameStateMachine\States\TestingState.cs(31,32): warning CS0618: 'Factory<TestingState>' is obsolete: 'Zenject.Factory has been renamed to PlaceholderFactory.  Zenject.Factory will be removed in future versions'
Assets\Scripts\GameStateMachine\States\TravelState.cs(89,32): warning CS0618: 'Factory<int, TravelState>' is obsolete: 'Zenject.Factory has been renamed to PlaceholderFactory.  Zenject.Factory will be removed in future versions'
Assets\Scripts\Legacy\GUI\Layout\RandomLayoutGroup.cs(29,4): warning CS0618: 'Random.seed' is obsolete: 'Deprecated. Use InitState() function or Random.state property instead.'
Assets\Scripts\Legacy\GUI\Layout\RandomLayoutGroup.cs(42,4): warning CS0618: 'Random.seed' is obsolete: 'Deprecated. Use InitState() function or Random.state property instead.'
Assets\Scripts\GameServices\OfflineMultiplayer\PlayerInfo.cs(108,30): warning CS0168: The variable 'e' is declared but never used
Assets\Scripts\Legacy\Debug\Cheats.cs(297,26): warning CS0168: The variable 'e' is declared but never used
Assets\Scripts\Legacy\Debug\Cheats.cs(353,41): warning CS0612: 'ComponentInfo.FromInt64(IDatabase, long)' is obsolete
Assets\Scripts\GameServices\OfflineMultiplayer\PlayerInfo.cs(147,30): warning CS0168: The variable 'e' is declared but never used
Assets\Scripts\GameServices\OfflineMultiplayer\PlayerInfo.cs(163,30): warning CS0168: The variable 'e' is declared but never used
Assets\Scripts\GameServices\OfflineMultiplayer\PlayerInfo.cs(192,30): warning CS0168: The variable 'e' is declared but never used
Assets\Scripts\Legacy\GUI\ViewModel\StarMap\TechTreePanelViewModel.cs(546,6): warning CS0618: 'Random.seed' is obsolete: 'Deprecated. Use InitState() function or Random.state property instead.'
Assets\Scripts\Legacy\Debug\Cheats.cs(417,57): warning CS0612: 'ComponentInfo.SerializeToInt64()' is obsolete
Assets\Scripts\Gui\ShipService\ShipLayoutPanel.cs(75,85): warning CS0612: 'IShipLayout.Size' is obsolete
Assets\Scripts\Gui\ShipService\ShipLayoutPanel.cs(76,86): warning CS0612: 'IShipLayout.Size' is obsolete
Assets\Scripts\Gui\ShipService\ShipLayoutPanel.cs(92,28): warning CS0612: 'IShipLayout.Size' is obsolete
Assets\Scripts\Gui\ShipService\ShipLayoutPanel.cs(146,62): warning CS0612: 'IShipLayout.Size' is obsolete
Assets\Scripts\Gui\ShipService\ShipLayoutPanel.cs(146,91): warning CS0612: 'IShipLayout.Size' is obsolete
Assets\Scripts\GameStateMachine\States\ShipEditorState.cs(202,40): warning CS0612: 'ComponentInfo.FromInt64(IDatabase, long)' is obsolete
Assets\Scripts\Legacy\Map\Star.cs(412,3): warning CS0618: 'Random.seed' is obsolete: 'Deprecated. Use InitState() function or Random.state property instead.'
Assets\Scripts\Legacy\GUI\Console.cs(24,17): warning CS0618: 'Object.FindObjectsOfType<T>()' is obsolete: 'Object.FindObjectsOfType has been deprecated. Use Object.FindObjectsByType instead which lets you decide whether you need the results sorted or not.  FindObjectsOfType sorts the results by InstanceID but if you do not need this using FindObjectSortMode.None is considerably faster.'
Assets\Scripts\Legacy\GUI\ViewModel\CargoHold\ScrapPanelViewModel.cs(133,84): warning CS0612: 'ComponentInfo.SerializeToInt64()' is obsolete
Assets\Scripts\Gui\MainMenu\SettingsProgress.cs(176,37): warning CS0618: 'Object.FindObjectsOfType<T>(bool)' is obsolete: 'Object.FindObjectsOfType has been deprecated. Use Object.FindObjectsByType instead which lets you decide whether you need the results sorted or not.  FindObjectsOfType sorts the results by InstanceID but if you do not need this using FindObjectSortMode.None is considerably faster.'
Assets\Scripts\Gui\MainMenu\SettingsProgress.cs(178,38): warning CS0618: 'Object.FindObjectsOfType<T>(bool)' is obsolete: 'Object.FindObjectsOfType has been deprecated. Use Object.FindObjectsByType instead which lets you decide whether you need the results sorted or not.  FindObjectsOfType sorts the results by InstanceID but if you do not need this using FindObjectSortMode.None is considerably faster.'
Assets\Scripts\GameServices\OfflineMultiplayer\EnemyPlayerInfo.cs(61,30): warning CS0168: The variable 'e' is declared but never used
Assets\Scripts\Gui\MainMenu\SettingsProgress.cs(259,60): warning CS0618: 'Object.FindObjectOfType<T>()' is obsolete: 'Object.FindObjectOfType has been deprecated. Use Object.FindFirstObjectByType instead or if finding any instance is acceptable the faster Object.FindAnyObjectByType'
Assets\Scripts\GameStateMachine\States\AdventureState.cs(61,108): error CS7036: There is no argument given that corresponds to the required formal parameter 'comparisonType' of 'MemoryExtensions.Contains(ReadOnlySpan<char>, ReadOnlySpan<char>, StringComparison)'
Assets\Scripts\Domain\Economy\ItemType\ComponentItem.cs(21,47): warning CS0612: 'ComponentInfo.SerializeToInt64()' is obsolete
Assets\Scripts\Gui\MainMenu\MainMenu.cs(248,41): error CS1061: 'IShipModel' does not contain a definition for 'Name' and no accessible extension method 'Name' accepting a first argument of type 'IShipModel' could be found (are you missing a using directive or an assembly reference?)
Assets\Scripts\Legacy\GUI\ViewModel\MainMenu\DevConsoleViewModel.cs(76,5): warning CS0162: Unreachable code detected
Assets\Scripts\Gui\Combat\RadarPanel.cs(61,17): warning CS0219: The variable 'simpleRadarIndex' is assigned but its value is never used
Assets\Scripts\Gui\MainMenu\MainMenu.cs(633,60): warning CS0618: 'Object.FindObjectOfType<T>()' is obsolete: 'Object.FindObjectOfType has been deprecated. Use Object.FindFirstObjectByType instead or if finding any instance is acceptable the faster Object.FindAnyObjectByType'
Assets\Scripts\Gui\MainMenu\MainMenu.cs(815,60): warning CS0618: 'Object.FindObjectOfType<T>()' is obsolete: 'Object.FindObjectOfType has been deprecated. Use Object.FindFirstObjectByType instead or if finding any instance is acceptable the faster Object.FindAnyObjectByType'
Assets\Scripts\Combat\Manager\AdventureCombatController.cs(288,29): error CS0104: 'ShipInfo' is an ambiguous reference between 'Combat.Domain.ShipInfo' and 'Constructor.ShipInfo'
Assets\Scripts\Gui\MainMenu\MainMenu.cs(870,60): warning CS0618: 'Object.FindObjectOfType<T>()' is obsolete: 'Object.FindObjectOfType has been deprecated. Use Object.FindFirstObjectByType instead or if finding any instance is acceptable the faster Object.FindAnyObjectByType'
Assets\Scripts\Combat\Manager\AdventureCombatController.cs(389,75): error CS1061: 'IShipModel' does not contain a definition for 'Name' and no accessible extension method 'Name' accepting a first argument of type 'IShipModel' could be found (are you missing a using directive or an assembly reference?)
Assets\Scripts\Legacy\GUI\ViewModel\StarMap\MilitaryPanelViewModel.cs(41,15): warning CS0414: The field 'MilitaryPanelViewModel._money' is assigned but its value is never used
Assets\Scripts\Gui\Utils\BackButtonEvent.cs(12,39): warning CS0414: The field 'BackButtonEvent._ignoreIfStandaloneBuild' is assigned but its value is never used
Assets\Scripts\Legacy\GUI\LoadingScreen.cs(133,18): warning CS0414: The field 'LoadingScreen._firstTime' is assigned but its value is never used
Assets\Scripts\Legacy\GUI\LoadingScreen.cs(20,33): warning CS0414: The field 'LoadingScreen._delay' is assigned but its value is never used
Assets\Scripts\Legacy\GUI\LoadingScreen.cs(28,15): warning CS0414: The field 'LoadingScreen._coroutineRunning' is assigned but its value is never used

Assets\Scripts\Combat\Domain\CombatModelBuilder.cs(95,32): warning CS0618: 'Factory<CombatModelBuilder>' is obsolete: 'Zenject.Factory has been renamed to PlaceholderFactory.  Zenject.Factory will be removed in future versions'
Assets\Scripts\GameStateMachine\States\AnnouncementState.cs(47,32): warning CS0618: 'Factory<AnnouncementState>' is obsolete: 'Zenject.Factory has been renamed to PlaceholderFactory.  Zenject.Factory will be removed in future versions'
Assets\Scripts\GameStateMachine\States\CombatRewardState.cs(41,32): warning CS0618: 'Factory<IReward, CombatRewardState>' is obsolete: 'Zenject.Factory has been renamed to PlaceholderFactory.  Zenject.Factory will be removed in future versions'
Assets\Scripts\GameStateMachine\States\DailyRewardState.cs(57,32): warning CS0618: 'Factory<DailyRewardState>' is obsolete: 'Zenject.Factory has been renamed to PlaceholderFactory.  Zenject.Factory will be removed in future versions'
Assets\Scripts\GameStateMachine\States\CombatState.cs(128,32): warning CS0618: 'Factory<ICombatModel, Action<ICombatModel>, CombatState>' is obsolete: 'Zenject.Factory has been renamed to PlaceholderFactory.  Zenject.Factory will be removed in future versions'
Assets\Scripts\GameStateMachine\States\DialogState.cs(59,32): warning CS0618: 'Factory<string, WindowArgs, Action<WindowExitCode>, DialogState>' is obsolete: 'Zenject.Factory has been renamed to PlaceholderFactory.  Zenject.Factory will be removed in future versions'
Assets\Scripts\GameStateMachine\States\EditorInitializationState.cs(49,32): warning CS0618: 'Factory<EditorInitializationState>' is obsolete: 'Zenject.Factory has been renamed to PlaceholderFactory.  Zenject.Factory will be removed in future versions'
Assets\Scripts\GameStateMachine\States\EhopediaState.cs(31,32): warning CS0618: 'Factory<EhopediaState>' is obsolete: 'Zenject.Factory has been renamed to PlaceholderFactory.  Zenject.Factory will be removed in future versions'
Assets\Scripts\GameStateMachine\States\ExplorationState.cs(85,32): warning CS0618: 'Factory<Planet, ExplorationState>' is obsolete: 'Zenject.Factory has been renamed to PlaceholderFactory.  Zenject.Factory will be removed in future versions'
Assets\Scripts\GameStateMachine\States\InitializationState.cs(200,32): warning CS0618: 'Factory<InitializationState>' is obsolete: 'Zenject.Factory has been renamed to PlaceholderFactory.  Zenject.Factory will be removed in future versions'
Assets\Scripts\GameStateMachine\States\QuestState.cs(63,26): warning CS0618: 'Factory<IUserInteraction, QuestState>' is obsolete: 'Zenject.Factory has been renamed to PlaceholderFactory.  Zenject.Factory will be removed in future versions'
Assets\Scripts\GameStateMachine\States\ModalDialogState.cs(53,32): warning CS0618: 'Factory<string, IEnumerable<GameScene>, ModalDialogState>' is obsolete: 'Zenject.Factory has been renamed to PlaceholderFactory.  Zenject.Factory will be removed in future versions'
Assets\Scripts\GameStateMachine\States\QuickCombatState.cs(218,32): warning CS0618: 'Factory<QuickCombatState.Settings, QuickCombatState>' is obsolete: 'Zenject.Factory has been renamed to PlaceholderFactory.  Zenject.Factory will be removed in future versions'
Assets\Scripts\GameStateMachine\States\RetreatState.cs(81,32): warning CS0618: 'Factory<RetreatState>' is obsolete: 'Zenject.Factory has been renamed to PlaceholderFactory.  Zenject.Factory will be removed in future versions'
Assets\Scripts\GameStateMachine\States\SkillTreeState.cs(31,32): warning CS0618: 'Factory<SkillTreeState>' is obsolete: 'Zenject.Factory has been renamed to PlaceholderFactory.  Zenject.Factory will be removed in future versions'
Assets\Scripts\GameStateMachine\States\MainMenuState.cs(166,26): warning CS0618: 'Factory<MainMenuState>' is obsolete: 'Zenject.Factory has been renamed to PlaceholderFactory.  Zenject.Factory will be removed in future versions'
Assets\Scripts\GameStateMachine\States\StartingNewGameState.cs(91,32): warning CS0618: 'Factory<StartingNewGameState>' is obsolete: 'Zenject.Factory has been renamed to PlaceholderFactory.  Zenject.Factory will be removed in future versions'
Assets\Scripts\GameStateMachine\States\StarMapState.cs(360,32): warning CS0618: 'Factory<StarMapState>' is obsolete: 'Zenject.Factory has been renamed to PlaceholderFactory.  Zenject.Factory will be removed in future versions'
Assets\Scripts\GameStateMachine\States\TestingState.cs(31,32): warning CS0618: 'Factory<TestingState>' is obsolete: 'Zenject.Factory has been renamed to PlaceholderFactory.  Zenject.Factory will be removed in future versions'
Assets\Scripts\GameStateMachine\States\TravelState.cs(89,32): warning CS0618: 'Factory<int, TravelState>' is obsolete: 'Zenject.Factory has been renamed to PlaceholderFactory.  Zenject.Factory will be removed in future versions'
Assets\Scripts\Legacy\GUI\Layout\RandomLayoutGroup.cs(29,4): warning CS0618: 'Random.seed' is obsolete: 'Deprecated. Use InitState() function or Random.state property instead.'
Assets\Scripts\Legacy\GUI\Layout\RandomLayoutGroup.cs(42,4): warning CS0618: 'Random.seed' is obsolete: 'Deprecated. Use InitState() function or Random.state property instead.'
Assets\Scripts\GameServices\OfflineMultiplayer\PlayerInfo.cs(108,30): warning CS0168: The variable 'e' is declared but never used
Assets\Scripts\Legacy\Debug\Cheats.cs(297,26): warning CS0168: The variable 'e' is declared but never used
Assets\Scripts\Legacy\Debug\Cheats.cs(353,41): warning CS0612: 'ComponentInfo.FromInt64(IDatabase, long)' is obsolete
Assets\Scripts\GameServices\OfflineMultiplayer\PlayerInfo.cs(147,30): warning CS0168: The variable 'e' is declared but never used
Assets\Scripts\GameServices\OfflineMultiplayer\PlayerInfo.cs(163,30): warning CS0168: The variable 'e' is declared but never used
Assets\Scripts\GameServices\OfflineMultiplayer\PlayerInfo.cs(192,30): warning CS0168: The variable 'e' is declared but never used
Assets\Scripts\Legacy\GUI\ViewModel\StarMap\TechTreePanelViewModel.cs(546,6): warning CS0618: 'Random.seed' is obsolete: 'Deprecated. Use InitState() function or Random.state property instead.'
Assets\Scripts\Legacy\Debug\Cheats.cs(417,57): warning CS0612: 'ComponentInfo.SerializeToInt64()' is obsolete
Assets\Scripts\Gui\ShipService\ShipLayoutPanel.cs(75,85): warning CS0612: 'IShipLayout.Size' is obsolete
Assets\Scripts\Gui\ShipService\ShipLayoutPanel.cs(76,86): warning CS0612: 'IShipLayout.Size' is obsolete
Assets\Scripts\Gui\ShipService\ShipLayoutPanel.cs(92,28): warning CS0612: 'IShipLayout.Size' is obsolete
Assets\Scripts\Gui\ShipService\ShipLayoutPanel.cs(146,62): warning CS0612: 'IShipLayout.Size' is obsolete
Assets\Scripts\Gui\ShipService\ShipLayoutPanel.cs(146,91): warning CS0612: 'IShipLayout.Size' is obsolete
Assets\Scripts\GameStateMachine\States\ShipEditorState.cs(202,40): warning CS0612: 'ComponentInfo.FromInt64(IDatabase, long)' is obsolete
Assets\Scripts\Legacy\Map\Star.cs(412,3): warning CS0618: 'Random.seed' is obsolete: 'Deprecated. Use InitState() function or Random.state property instead.'
Assets\Scripts\Legacy\GUI\Console.cs(24,17): warning CS0618: 'Object.FindObjectsOfType<T>()' is obsolete: 'Object.FindObjectsOfType has been deprecated. Use Object.FindObjectsByType instead which lets you decide whether you need the results sorted or not.  FindObjectsOfType sorts the results by InstanceID but if you do not need this using FindObjectSortMode.None is considerably faster.'
Assets\Scripts\Legacy\GUI\ViewModel\CargoHold\ScrapPanelViewModel.cs(133,84): warning CS0612: 'ComponentInfo.SerializeToInt64()' is obsolete
Assets\Scripts\Gui\MainMenu\SettingsProgress.cs(176,37): warning CS0618: 'Object.FindObjectsOfType<T>(bool)' is obsolete: 'Object.FindObjectsOfType has been deprecated. Use Object.FindObjectsByType instead which lets you decide whether you need the results sorted or not.  FindObjectsOfType sorts the results by InstanceID but if you do not need this using FindObjectSortMode.None is considerably faster.'
Assets\Scripts\Gui\MainMenu\SettingsProgress.cs(178,38): warning CS0618: 'Object.FindObjectsOfType<T>(bool)' is obsolete: 'Object.FindObjectsOfType has been deprecated. Use Object.FindObjectsByType instead which lets you decide whether you need the results sorted or not.  FindObjectsOfType sorts the results by InstanceID but if you do not need this using FindObjectSortMode.None is considerably faster.'
Assets\Scripts\GameServices\OfflineMultiplayer\EnemyPlayerInfo.cs(61,30): warning CS0168: The variable 'e' is declared but never used
Assets\Scripts\Gui\MainMenu\SettingsProgress.cs(259,60): warning CS0618: 'Object.FindObjectOfType<T>()' is obsolete: 'Object.FindObjectOfType has been deprecated. Use Object.FindFirstObjectByType instead or if finding any instance is acceptable the faster Object.FindAnyObjectByType'
Assets\Scripts\GameStateMachine\States\AdventureState.cs(61,108): error CS7036: There is no argument given that corresponds to the required formal parameter 'comparisonType' of 'MemoryExtensions.Contains(ReadOnlySpan<char>, ReadOnlySpan<char>, StringComparison)'
Assets\Scripts\Domain\Economy\ItemType\ComponentItem.cs(21,47): warning CS0612: 'ComponentInfo.SerializeToInt64()' is obsolete
Assets\Scripts\Gui\MainMenu\MainMenu.cs(248,41): error CS1061: 'IShipModel' does not contain a definition for 'Name' and no accessible extension method 'Name' accepting a first argument of type 'IShipModel' could be found (are you missing a using directive or an assembly reference?)
Assets\Scripts\Legacy\GUI\ViewModel\MainMenu\DevConsoleViewModel.cs(76,5): warning CS0162: Unreachable code detected
Assets\Scripts\Gui\Combat\RadarPanel.cs(61,17): warning CS0219: The variable 'simpleRadarIndex' is assigned but its value is never used
Assets\Scripts\Gui\MainMenu\MainMenu.cs(633,60): warning CS0618: 'Object.FindObjectOfType<T>()' is obsolete: 'Object.FindObjectOfType has been deprecated. Use Object.FindFirstObjectByType instead or if finding any instance is acceptable the faster Object.FindAnyObjectByType'
Assets\Scripts\Gui\MainMenu\MainMenu.cs(815,60): warning CS0618: 'Object.FindObjectOfType<T>()' is obsolete: 'Object.FindObjectOfType has been deprecated. Use Object.FindFirstObjectByType instead or if finding any instance is acceptable the faster Object.FindAnyObjectByType'
Assets\Scripts\Combat\Manager\AdventureCombatController.cs(288,29): error CS0104: 'ShipInfo' is an ambiguous reference between 'Combat.Domain.ShipInfo' and 'Constructor.ShipInfo'
Assets\Scripts\Gui\MainMenu\MainMenu.cs(870,60): warning CS0618: 'Object.FindObjectOfType<T>()' is obsolete: 'Object.FindObjectOfType has been deprecated. Use Object.FindFirstObjectByType instead or if finding any instance is acceptable the faster Object.FindAnyObjectByType'
Assets\Scripts\Combat\Manager\AdventureCombatController.cs(389,75): error CS1061: 'IShipModel' does not contain a definition for 'Name' and no accessible extension method 'Name' accepting a first argument of type 'IShipModel' could be found (are you missing a using directive or an assembly reference?)
Assets\Scripts\Legacy\GUI\ViewModel\StarMap\MilitaryPanelViewModel.cs(41,15): warning CS0414: The field 'MilitaryPanelViewModel._money' is assigned but its value is never used
Assets\Scripts\Gui\Utils\BackButtonEvent.cs(12,39): warning CS0414: The field 'BackButtonEvent._ignoreIfStandaloneBuild' is assigned but its value is never used
Assets\Scripts\Legacy\GUI\LoadingScreen.cs(133,18): warning CS0414: The field 'LoadingScreen._firstTime' is assigned but its value is never used
Assets\Scripts\Legacy\GUI\LoadingScreen.cs(20,33): warning CS0414: The field 'LoadingScreen._delay' is assigned but its value is never used
Assets\Scripts\Legacy\GUI\LoadingScreen.cs(28,15): warning CS0414: The field 'LoadingScreen._coroutineRunning' is assigned but its value is never used
AssetDatabase: script compilation time: 1.059455s
Scripts have compiler errors.
Exiting without the bug reporter. Application will terminate with return code 1