[Licensing::Module] Trying to connect to existing licensing client channel...
Built from '6000.0/staging' branch; Version is '6000.0.75f1 (26349cd2a5c8) revision 2503836'; Using compiler version '193933523'; Build Type 'Release'
[Licensing::IpcConnector] Channel LicenseClient-Voidream doesn't exist
OS: 'Windows 11  (10.0.28120) Enterprise' Language: 'zh' Physical Memory: 32487 MB
BatchMode: 1, IsHumanControllingUs: 0, StartBugReporterOnCrash: 0, Is64bit: 1
System  architecture: x64
Process architecture: x64
Date: 2026-07-24T07:50:42Z
[Licensing::Module] Successfully launched the LicensingClient (PId: 22332)

COMMAND LINE ARGUMENTS:
C:\Program Files\Unity\Hub\Editor\6000.0.75f1\Editor\Unity.exe
-batchmode
-nographics
-quit
-projectPath
.
-executeMethod
ReUI.Editor.ReUIValidation.ValidateBeta82
-logFile
beta83-compile2.log
Successfully changed project path to: C:/Users/wjy25/Documents/Re-Threebody/upstream/ReUI
C:/Users/wjy25/Documents/Re-Threebody/upstream/ReUI
[UnityMemory] Configuration Parameters - Can be set up in boot.config
    "memorysetup-bucket-allocator-granularity=16"
    "memorysetup-bucket-allocator-bucket-count=8"
    "memorysetup-bucket-allocator-block-size=33554432"
    "memorysetup-bucket-allocator-block-count=8"
    "memorysetup-main-allocator-block-size=16777216"
    "memorysetup-thread-allocator-block-size=16777216"
    "memorysetup-gfx-main-allocator-block-size=16777216"
    "memorysetup-gfx-thread-allocator-block-size=16777216"
    "memorysetup-cache-allocator-block-size=4194304"
    "memorysetup-typetree-allocator-block-size=2097152"
    "memorysetup-profiler-bucket-allocator-granularity=16"
    "memorysetup-profiler-bucket-allocator-bucket-count=8"
    "memorysetup-profiler-bucket-allocator-block-size=33554432"
    "memorysetup-profiler-bucket-allocator-block-count=8"
    "memorysetup-profiler-allocator-block-size=16777216"
    "memorysetup-profiler-editor-allocator-block-size=1048576"
    "memorysetup-temp-allocator-size-main=16777216"
    "memorysetup-job-temp-allocator-block-size=2097152"
    "memorysetup-job-temp-allocator-block-size-background=1048576"
    "memorysetup-job-temp-allocator-reduction-small-platforms=262144"
    "memorysetup-allocator-temp-initial-block-size-main=262144"
    "memorysetup-allocator-temp-initial-block-size-worker=262144"
    "memorysetup-temp-allocator-size-background-worker=32768"
    "memorysetup-temp-allocator-size-job-worker=262144"
    "memorysetup-temp-allocator-size-preload-manager=33554432"
    "memorysetup-temp-allocator-size-nav-mesh-worker=65536"
    "memorysetup-temp-allocator-size-audio-worker=65536"
    "memorysetup-temp-allocator-size-cloud-worker=32768"
    "memorysetup-temp-allocator-size-gi-baking-worker=262144"
    "memorysetup-temp-allocator-size-gi-baking-worker=262144"
    "memorysetup-temp-allocator-size-gi-baking-worker=262144"
    "memorysetup-temp-allocator-size-gi-baking-worker=262144"
    "memorysetup-temp-allocator-size-gi-baking-worker=262144"
    "memorysetup-temp-allocator-size-gfx=262144"
Player connection [18828]  Target information:

Player connection [18828]  * "[IP] 172.28.48.1 [Port] 55504 [Flags] 2 [Guid] 3286955359 [EditorId] 3286955359 [Version] 1048832 [Id] WindowsEditor(7,WIN-006UKCKR5SD) [Debug] 1 [PackageName] WindowsEditor [ProjectName] Editor" 

Player connection [18828]  * "[IP] 198.18.0.1 [Port] 55504 [Flags] 2 [Guid] 3286955359 [EditorId] 3286955359 [Version] 1048832 [Id] WindowsEditor(7,WIN-006UKCKR5SD) [Debug] 1 [PackageName] WindowsEditor [ProjectName] Editor" 

Player connection [18828]  * "[IP] 192.168.1.106 [Port] 55504 [Flags] 2 [Guid] 3286955359 [EditorId] 3286955359 [Version] 1048832 [Id] WindowsEditor(7,WIN-006UKCKR5SD) [Debug] 1 [PackageName] WindowsEditor [ProjectName] Editor" 

Player connection [18828] Host joined multi-casting on [225.0.0.222:54997]...
Player connection [18828] Host joined alternative multi-casting on [225.0.0.222:34997]...
Input System module state changed to: Initialized.
[Physics::Module] Initialized fallback backend.
[Physics::Module] Id: 0xdecafbad
[Licensing::IpcConnector] Successfully connected to: "LicenseClient-Voidream" at "2026-07-24T07:50:43.8445021Z"
[Licensing::Client] Code 10 while verifying Licensing Client signature (process Id: 22332, path: "C:/Program Files/Unity/Hub/Editor/6000.0.75f1/Editor/Data/Resources/Licensing/Client/Unity.Licensing.Client.exe")
[Licensing::Module] LicensingClient has failed validation; ignoring
[Licensing::Client] Handshaking with LicensingClient:
  Version:                 1.17.4+4293ba1
  Session Id:              1a815501f6444dd09dece0af10d9ea39
  Correlation Id:          a383e170264c507d63b8c8da4424db17
  External correlation Id: 4181912167778883029
  Machine Id:              WeJfFlhUrXm/oUJXcgBJuMWLvIg=
[Licensing::Module] Successfully connected to LicensingClient on channel: "LicenseClient-Voidream" (connect: 1.29s, validation: 0.27s, handshake: 0.20s)
[Licensing::IpcConnector] Successfully connected to: "LicenseClient-Voidream-notifications" at "2026-07-24T07:50:44.3147758Z"
[Licensing::Module] Connected to LicensingClient (PId: 22332, launch time: 0.32, total connection time: 1.76s)
[Licensing::Module] Error: Access token is unavailable; failed to update
[Licensing::Client] Successfully resolved entitlement details
[Licensing::Module] License group:
  Id: 20067615106968-UnityPersXXXX
  Product: Unity Personal
  Type: Assigned
  Expiration: Unlimited
[Licensing::Client] Successfully updated license, isAsync: True, time: 0.02
[Licensing::Client] Successfully resolved entitlement details
[Licensing::Module] Licensing Background thread has ended after 2.17s
[Package Manager] Connected to IPC stream "Upm-6696" after 0.8 seconds.
Library Redirect Path: Library/
Unknown error occurred while loading 'Library/ScriptMapper'.
[Physics::Module] Selected backend.
[Physics::Module] Name: PhysX
[Physics::Module] Id: 0xf2b8ea05
[Physics::Module] SDK Version: 4.1.2
[Physics::Module] Integration Version: 1.0.0
[Physics::Module] Threading Mode: Multi-Threaded
Unknown error occurred while loading 'Library/EditorUserBuildSettings.asset'.
Unknown error occurred while loading 'UserSettings/EditorUserSettings.asset'.
Unknown error occurred while loading 'Library/SpriteAtlasDatabase.asset'.
Unknown error occurred while loading 'Library/SceneVisibilityState.asset'.
Refreshing native plugins compatible for Editor in 2.48 ms, found 0 plugins.
Preloading 0 native plugins for Editor in 0.00 ms.
Initialize engine version: 6000.0.75f1 (26349cd2a5c8)
[Subsystems] Discovering subsystems at path C:/Program Files/Unity/Hub/Editor/6000.0.75f1/Editor/Data/Resources/UnitySubsystems
[Subsystems] Discovering subsystems at path C:/Users/wjy25/Documents/Re-Threebody/upstream/ReUI/Assets
Forcing GfxDevice: Null
GfxDevice: creating device client; kGfxThreadingModeNonThreaded
NullGfxDevice:
    Version:  NULL 1.0 [1.0]
    Renderer: Null Device
    Vendor:   Unity Technologies
Shader 'Hidden/Internal-GUIRoundedRect': fallback shader 'Hidden/Internal-GUITextureClip' not found
Shader 'Hidden/Internal-GUIRoundedRectWithColorPerBorder': fallback shader 'Hidden/Internal-GUITextureClip' not found
Initialize mono
Mono path[0] = 'C:/Program Files/Unity/Hub/Editor/6000.0.75f1/Editor/Data/Managed'
Mono path[1] = 'C:/Program Files/Unity/Hub/Editor/6000.0.75f1/Editor/Data/MonoBleedingEdge/lib/mono/unityjit-win32'
Mono config path = 'C:/Program Files/Unity/Hub/Editor/6000.0.75f1/Editor/Data/MonoBleedingEdge/etc'
Using monoOptions --debugger-agent=transport=dt_socket,embedding=1,server=y,suspend=n,address=127.0.0.1:56696
Using cacheserver namespaces - metadata:defaultmetadata, artifacts:defaultartifacts
Using cacheserver namespaces - metadata:defaultmetadata, artifacts:defaultartifacts
ImportWorker Server TCP listen port: 0
AcceleratorClientConnectionCallback - disconnected - :0
Begin MonoManager ReloadAssembly
Registering precompiled unity dll's ...
Register platform support module: C:/Program Files/Unity/Hub/Editor/6000.0.75f1/Editor/Data/PlaybackEngines/WindowsStandaloneSupport/UnityEditor.WindowsStandalone.Extensions.dll
[Licensing::Client] Successfully resolved entitlement details
Register platform support module: C:/Program Files/Unity/Hub/Editor/6000.0.75f1/Editor/Data/PlaybackEngines/AndroidPlayer/UnityEditor.Android.Extensions.dll
Registered in 0.014221 seconds.
- Loaded All Assemblies, in  0.563 seconds
Native extension for Android target not found
Android Extension - Scanning For ADB Devices 3577 ms
Native extension for WindowsStandalone target not found
Package Manager log level set to [2]
Mono: successfully reloaded assembly
- Finished resetting the current domain, in  4.074 seconds
Domain Reload Profiling: 4637ms
	BeginReloadAssembly (256ms)
		ExecutionOrderSort (0ms)
		DisableScriptedObjects (0ms)
		BackupInstance (0ms)
		ReleaseScriptingObjects (0ms)
		CreateAndSetChildDomain (1ms)
	RebuildCommonClasses (49ms)
	RebuildNativeTypeToScriptingClass (11ms)
	initialDomainReloadingComplete (69ms)
	LoadAllAssembliesAndSetupDomain (177ms)
		LoadAssemblies (254ms)
		RebuildTransferFunctionScriptingTraits (0ms)
		AnalyzeDomain (172ms)
			TypeCache.Refresh (170ms)
				TypeCache.ScanAssembly (156ms)
			BuildScriptInfoCaches (0ms)
			ResolveRequiredComponents (1ms)
	FinalizeReload (4076ms)
		ReleaseScriptCaches (0ms)
		RebuildScriptCaches (0ms)
		SetupLoadedEditorAssemblies (4008ms)
			LogAssemblyErrors (0ms)
			InitializePlatformSupportModulesInManaged (3677ms)
			SetLoadedEditorAssemblies (4ms)
			BeforeProcessingInitializeOnLoad (66ms)
			ProcessInitializeOnLoadAttributes (154ms)
			ProcessInitializeOnLoadMethodAttributes (107ms)
			AfterProcessingInitializeOnLoad (0ms)
			EditorAssembliesLoaded (0ms)
		ExecutionOrderSort2 (0ms)
		AwakeInstancesAfterBackupRestoration (0ms)
[Licensing::Client] Successfully resolved entitlement details
Application.AssetDatabase Initial Refresh Start
[Package Manager] Restoring resolved packages state from cache
[Licensing::Client] Successfully resolved entitlement details
[Package Manager] Registered 50 packages:
  Packages from [https://package.openupm.com]:
    com.google.external-dependency-manager@1.2.187 (location: C:\Users\wjy25\Documents\Re-Threebody\upstream\ReUI\Library\PackageCache\com.google.external-dependency-manager@f5312a5700af)
  Packages from [https://packages.unity.com]:
    com.unity.ads@4.17.0 (location: C:\Users\wjy25\Documents\Re-Threebody\upstream\ReUI\Library\PackageCache\com.unity.ads@c6e6f61ed7d9)
    com.unity.ide.visualstudio@2.0.27 (location: C:\Users\wjy25\Documents\Re-Threebody\upstream\ReUI\Library\PackageCache\com.unity.ide.visualstudio@dc1ddd4f09b6)
    com.unity.inputsystem@1.19.0 (location: C:\Users\wjy25\Documents\Re-Threebody\upstream\ReUI\Library\PackageCache\com.unity.inputsystem@21a28c3a6c83)
    com.unity.purchasing@5.3.1 (location: C:\Users\wjy25\Documents\Re-Threebody\upstream\ReUI\Library\PackageCache\com.unity.purchasing@b69b97f74d28)
    com.unity.toolchain.win-x86_64-linux-x86_64@2.0.11 (location: C:\Users\wjy25\Documents\Re-Threebody\upstream\ReUI\Library\PackageCache\com.unity.toolchain.win-x86_64-linux-x86_64@3c4c356523ed)
    com.unity.sysroot@2.0.10 (location: C:\Users\wjy25\Documents\Re-Threebody\upstream\ReUI\Library\PackageCache\com.unity.sysroot@7bbbb9339c14)
    com.unity.sysroot.linux-x86_64@2.0.9 (location: C:\Users\wjy25\Documents\Re-Threebody\upstream\ReUI\Library\PackageCache\com.unity.sysroot.linux-x86_64@1998d1c7730e)
    com.unity.services.core@1.16.0 (location: C:\Users\wjy25\Documents\Re-Threebody\upstream\ReUI\Library\PackageCache\com.unity.services.core@8ba50f624741)
    com.unity.nuget.newtonsoft-json@3.2.1 (location: C:\Users\wjy25\Documents\Re-Threebody\upstream\ReUI\Library\PackageCache\com.unity.nuget.newtonsoft-json@74deb55db2a0)
  Built-in packages:
    com.unity.2d.sprite@1.0.0 (location: C:\Users\wjy25\Documents\Re-Threebody\upstream\ReUI\Library\PackageCache\com.unity.2d.sprite@0eb6ea2c7181)
    com.unity.multiplayer.center@1.0.0 (location: C:\Users\wjy25\Documents\Re-Threebody\upstream\ReUI\Library\PackageCache\com.unity.multiplayer.center@f3fb577b3546)
    com.unity.test-framework@1.6.0 (location: C:\Users\wjy25\Documents\Re-Threebody\upstream\ReUI\Library\PackageCache\com.unity.test-framework@082c24152fd4)
    com.unity.ugui@2.0.0 (location: C:\Users\wjy25\Documents\Re-Threebody\upstream\ReUI\Library\PackageCache\com.unity.ugui@7537063fea2b)
    com.unity.ui@2.0.0 (location: C:\Users\wjy25\Documents\Re-Threebody\upstream\ReUI\Library\PackageCache\com.unity.ui@ccd6582d7949)
    com.unity.modules.accessibility@1.0.0 (location: C:\Users\wjy25\Documents\Re-Threebody\upstream\ReUI\Library\PackageCache\com.unity.modules.accessibility)
    com.unity.modules.ai@1.0.0 (location: C:\Users\wjy25\Documents\Re-Threebody\upstream\ReUI\Library\PackageCache\com.unity.modules.ai)
    com.unity.modules.androidjni@1.0.0 (location: C:\Users\wjy25\Documents\Re-Threebody\upstream\ReUI\Library\PackageCache\com.unity.modules.androidjni)
    com.unity.modules.animation@1.0.0 (location: C:\Users\wjy25\Documents\Re-Threebody\upstream\ReUI\Library\PackageCache\com.unity.modules.animation)
    com.unity.modules.assetbundle@1.0.0 (location: C:\Users\wjy25\Documents\Re-Threebody\upstream\ReUI\Library\PackageCache\com.unity.modules.assetbundle)
    com.unity.modules.audio@1.0.0 (location: C:\Users\wjy25\Documents\Re-Threebody\upstream\ReUI\Library\PackageCache\com.unity.modules.audio)
    com.unity.modules.cloth@1.0.0 (location: C:\Users\wjy25\Documents\Re-Threebody\upstream\ReUI\Library\PackageCache\com.unity.modules.cloth)
    com.unity.modules.director@1.0.0 (location: C:\Users\wjy25\Documents\Re-Threebody\upstream\ReUI\Library\PackageCache\com.unity.modules.director)
    com.unity.modules.imageconversion@1.0.0 (location: C:\Users\wjy25\Documents\Re-Threebody\upstream\ReUI\Library\PackageCache\com.unity.modules.imageconversion)
    com.unity.modules.imgui@1.0.0 (location: C:\Users\wjy25\Documents\Re-Threebody\upstream\ReUI\Library\PackageCache\com.unity.modules.imgui)
    com.unity.modules.jsonserialize@1.0.0 (location: C:\Users\wjy25\Documents\Re-Threebody\upstream\ReUI\Library\PackageCache\com.unity.modules.jsonserialize)
    com.unity.modules.particlesystem@1.0.0 (location: C:\Users\wjy25\Documents\Re-Threebody\upstream\ReUI\Library\PackageCache\com.unity.modules.particlesystem)
    com.unity.modules.physics@1.0.0 (location: C:\Users\wjy25\Documents\Re-Threebody\upstream\ReUI\Library\PackageCache\com.unity.modules.physics)
    com.unity.modules.physics2d@1.0.0 (location: C:\Users\wjy25\Documents\Re-Threebody\upstream\ReUI\Library\PackageCache\com.unity.modules.physics2d)
    com.unity.modules.screencapture@1.0.0 (location: C:\Users\wjy25\Documents\Re-Threebody\upstream\ReUI\Library\PackageCache\com.unity.modules.screencapture)
    com.unity.modules.terrain@1.0.0 (location: C:\Users\wjy25\Documents\Re-Threebody\upstream\ReUI\Library\PackageCache\com.unity.modules.terrain)
    com.unity.modules.terrainphysics@1.0.0 (location: C:\Users\wjy25\Documents\Re-Threebody\upstream\ReUI\Library\PackageCache\com.unity.modules.terrainphysics)
    com.unity.modules.tilemap@1.0.0 (location: C:\Users\wjy25\Documents\Re-Threebody\upstream\ReUI\Library\PackageCache\com.unity.modules.tilemap)
    com.unity.modules.ui@1.0.0 (location: C:\Users\wjy25\Documents\Re-Threebody\upstream\ReUI\Library\PackageCache\com.unity.modules.ui)
    com.unity.modules.uielements@1.0.0 (location: C:\Users\wjy25\Documents\Re-Threebody\upstream\ReUI\Library\PackageCache\com.unity.modules.uielements)
    com.unity.modules.umbra@1.0.0 (location: C:\Users\wjy25\Documents\Re-Threebody\upstream\ReUI\Library\PackageCache\com.unity.modules.umbra)
    com.unity.modules.unityanalytics@1.0.0 (location: C:\Users\wjy25\Documents\Re-Threebody\upstream\ReUI\Library\PackageCache\com.unity.modules.unityanalytics)
    com.unity.modules.unitywebrequest@1.0.0 (location: C:\Users\wjy25\Documents\Re-Threebody\upstream\ReUI\Library\PackageCache\com.unity.modules.unitywebrequest)
    com.unity.modules.unitywebrequestassetbundle@1.0.0 (location: C:\Users\wjy25\Documents\Re-Threebody\upstream\ReUI\Library\PackageCache\com.unity.modules.unitywebrequestassetbundle)
    com.unity.modules.unitywebrequestaudio@1.0.0 (location: C:\Users\wjy25\Documents\Re-Threebody\upstream\ReUI\Library\PackageCache\com.unity.modules.unitywebrequestaudio)
    com.unity.modules.unitywebrequesttexture@1.0.0 (location: C:\Users\wjy25\Documents\Re-Threebody\upstream\ReUI\Library\PackageCache\com.unity.modules.unitywebrequesttexture)
    com.unity.modules.unitywebrequestwww@1.0.0 (location: C:\Users\wjy25\Documents\Re-Threebody\upstream\ReUI\Library\PackageCache\com.unity.modules.unitywebrequestwww)
    com.unity.modules.vehicles@1.0.0 (location: C:\Users\wjy25\Documents\Re-Threebody\upstream\ReUI\Library\PackageCache\com.unity.modules.vehicles)
    com.unity.modules.video@1.0.0 (location: C:\Users\wjy25\Documents\Re-Threebody\upstream\ReUI\Library\PackageCache\com.unity.modules.video)
    com.unity.modules.vr@1.0.0 (location: C:\Users\wjy25\Documents\Re-Threebody\upstream\ReUI\Library\PackageCache\com.unity.modules.vr)
    com.unity.modules.wind@1.0.0 (location: C:\Users\wjy25\Documents\Re-Threebody\upstream\ReUI\Library\PackageCache\com.unity.modules.wind)
    com.unity.modules.xr@1.0.0 (location: C:\Users\wjy25\Documents\Re-Threebody\upstream\ReUI\Library\PackageCache\com.unity.modules.xr)
    com.unity.modules.subsystems@1.0.0 (location: C:\Users\wjy25\Documents\Re-Threebody\upstream\ReUI\Library\PackageCache\com.unity.modules.subsystems)
    com.unity.modules.hierarchycore@1.0.0 (location: C:\Users\wjy25\Documents\Re-Threebody\upstream\ReUI\Library\PackageCache\com.unity.modules.hierarchycore)
    com.unity.ext.nunit@2.0.5 (location: C:\Users\wjy25\Documents\Re-Threebody\upstream\ReUI\Library\PackageCache\com.unity.ext.nunit@031a54704bff)
[Subsystems] No new subsystems found in resolved package list.
[Package Manager] Done registering packages in 0.15 seconds
Assembly for Assembly Definition File 'Assets/Modules/GalaxyMap/GalaxyMap.asmdef' will not be compiled, because it has no scripts associated with it.
Starting: C:\Program Files\Unity\Hub\Editor\6000.0.75f1\Editor\Data\bee_backend.exe --ipc --defer-dag-verification --dagfile="Library/Bee/1900b0aE.dag" --continue-on-failure --profile="Library/Bee/backend1.traceevents" ScriptAssemblies
WorkingDir: C:/Users/wjy25/Documents/Re-Threebody/upstream/ReUI
ExitCode: 4 Duration: 0s433ms
[             ] Require frontend run.  Library/Bee/1900b0aE.dag couldn't be loaded
DisplayProgressbar: Compiling Scripts
Starting: C:\Program Files\Unity\Hub\Editor\6000.0.75f1\Editor\Data\Tools\netcorerun\netcorerun.exe "C:\Program Files\Unity\Hub\Editor\6000.0.75f1\Editor\Data\Tools\BuildPipeline\ScriptCompilationBuildProgram.exe" "Library/Bee/1900b0aE.dag.json" "Library/Bee/1900b0aE-inputdata.json" "Library\Bee\buildprogram0.traceevents"
WorkingDir: C:/Users/wjy25/Documents/Re-Threebody/upstream/ReUI
ExitCode: 0 Duration: 3s803ms
Starting: C:\Program Files\Unity\Hub\Editor\6000.0.75f1\Editor\Data\bee_backend.exe --ipc --defer-dag-verification --dagfile="Library/Bee/1900b0aE.dag" --continue-on-failure --dagfilejson="Library\Bee\1900b0aE.dag.json" --profile="Library/Bee/backend2.traceevents" ScriptAssemblies
WorkingDir: C:/Users/wjy25/Documents/Re-Threebody/upstream/ReUI
ExitCode: 0 Duration: 17s
Finished compiling graph: 855 nodes, 14792 flattened edges (13328 ToBuild, 170 ToUse), maximum node priority 621
[128/851    0s] WriteText Library/Bee/artifacts/1900b0aE.dag/UnityEngine.UI.rsp2
[129/851    0s] WriteText Library/Bee/artifacts/1900b0aE.dag/UnityEngine.TestRunner.UnityAdditionalFile.txt
[130/851    0s] WriteText Library/Bee/artifacts/1900b0aE.dag/Unity.Purchasing.SecurityCore.dll.mvfrm.rsp
[131/851    0s] WriteText Library/Bee/artifacts/1900b0aE.dag/Unity.Purchasing.SecurityCore.rsp
[132/851    0s] WriteText Library/Bee/artifacts/1900b0aE.dag/UnityEngine.TestRunner.rsp2
[133/851    0s] WriteText Library/Bee/artifacts/1900b0aE.dag/Unity.Purchasing.Utilities.UnityAdditionalFile.txt
[134/851    0s] WriteText Library/Bee/artifacts/1900b0aE.dag/UnityEditor.TestRunner.UnityAdditionalFile.txt
[135/851    0s] WriteText Library/Bee/artifacts/1900b0aE.dag/UnityEngine.UI.UnityAdditionalFile.txt
[136/851    0s] WriteText Library/Bee/artifacts/1900b0aE.dag/Unity.Purchasing.Utilities.rsp2
[137/851    0s] WriteText Library/Bee/artifacts/1900b0aE.dag/UnityEditor.TestRunner.dll.mvfrm.rsp
[138/851    0s] WriteText Library/Bee/artifacts/1900b0aE.dag/UnityEditor.TestRunner.rsp2
[139/851    0s] WriteText Library/Bee/artifacts/1900b0aE.dag/Unity.Services.Core.Environments.UnityAdditionalFile.txt
[140/851    0s] WriteText Library/Bee/artifacts/1900b0aE.dag/UnityEngine.UI.dll.mvfrm.rsp
[141/851    0s] WriteText Library/Bee/artifacts/1900b0aE.dag/Unity.Services.Core.rsp2
[142/851    0s] WriteText Library/Bee/artifacts/1900b0aE.dag/Zenject.UnityAdditionalFile.txt
[143/851    0s] WriteText Library/Bee/artifacts/1900b0aE.dag/Unity.Purchasing.SecurityStub.UnityAdditionalFile.txt
[144/851    0s] WriteText Library/Bee/artifacts/1900b0aE.dag/UnityEngine.TestRunner.rsp
[145/851    0s] WriteText Library/Bee/artifacts/1900b0aE.dag/Unity.Services.Core.Environments.rsp2
[146/851    0s] WriteText Library/Bee/artifacts/1900b0aE.dag/UnityEditor.UI.rsp2
[147/851    0s] WriteText Library/Bee/artifacts/1900b0aE.dag/Unity.Services.Core.Internal.rsp
[148/851    0s] WriteText Library/Bee/artifacts/1900b0aE.dag/UnityEngine.TestRunner.dll.mvfrm.rsp
[149/851    0s] WriteText Library/Bee/artifacts/1900b0aE.dag/UnityEditor.UI.UnityAdditionalFile.txt
[150/851    0s] WriteText Library/Bee/artifacts/1900b0aE.dag/Unity.Services.Core.dll.mvfrm.rsp
[151/851    0s] WriteText Library/Bee/artifacts/1900b0aE.dag/UnityEditor.UI.rsp
[152/851    0s] WriteText Library/Bee/artifacts/1900b0aE.dag/Unity.Purchasing.SecurityStub.dll.mvfrm.rsp
[153/851    0s] WriteText Library/Bee/artifacts/1900b0aE.dag/UnityEditor.TestRunner.rsp
[154/851    0s] WriteText Library/Bee/artifacts/1900b0aE.dag/Unity.Services.Core.Environments.dll.mvfrm.rsp
[155/851    0s] WriteText Library/Bee/artifacts/1900b0aE.dag/Unity.Services.Core.UnityAdditionalFile.txt
[156/851    0s] WriteText Library/Bee/artifacts/1900b0aE.dag/Unity.Purchasing.SecurityStub.rsp2
[157/851    0s] WriteText Library/Bee/artifacts/1900b0aE.dag/Unity.Services.Core.Environments.rsp
[158/851    0s] WriteText Library/Bee/artifacts/1900b0aE.dag/Zenject.rsp2
[159/851    0s] WriteText Library/Bee/artifacts/1900b0aE.dag/Unity.Purchasing.Utilities.dll.mvfrm.rsp
[160/851    0s] WriteText Library/Bee/artifacts/1900b0aE.dag/Unity.Purchasing.Utilities.rsp
[161/851    0s] WriteText Library/Bee/artifacts/1900b0aE.dag/UnityEngine.UI.rsp
[162/851    0s] WriteText Library/Bee/artifacts/1900b0aE.dag/Unity.Purchasing.SecurityStub.rsp
[163/851    0s] WriteText Library/Bee/artifacts/1900b0aE.dag/Zenject.dll.mvfrm.rsp
[164/851    0s] WriteText Library/Bee/artifacts/1900b0aE.dag/Unity.Services.Core.Internal.dll.mvfrm.rsp
[165/851    0s] WriteText Library/Bee/artifacts/1900b0aE.dag/Unity.Services.Core.Internal.UnityAdditionalFile.txt
[166/851    0s] WriteText Library/Bee/artifacts/1900b0aE.dag/Unity.Purchasing.SecurityCore.UnityAdditionalFile.txt
[167/851    0s] WriteText Library/Bee/artifacts/1900b0aE.dag/Unity.Purchasing.SecurityCore.rsp2
[168/851    0s] WriteText Library/Bee/artifacts/1900b0aE.dag/Utilites.UnityAdditionalFile.txt
[169/851    0s] WriteText Library/Bee/artifacts/1900b0aE.dag/Unity.Services.Core.Internal.rsp2
[170/851    0s] WriteText Library/Bee/artifacts/1900b0aE.dag/Utilites.rsp2
[171/851    0s] WriteText Library/Bee/artifacts/1900b0aE.dag/Unity.Purchasing.rsp2
[172/851    0s] WriteText Library/Bee/artifacts/1900b0aE.dag/Unity.Services.Core.rsp
[173/851    0s] WriteText Library/Bee/artifacts/1900b0aE.dag/Zenject.rsp
[174/851    0s] WriteText Library/Bee/artifacts/1900b0aE.dag/Unity.Purchasing.UnityAdditionalFile.txt
[175/851    0s] WriteText Library/Bee/artifacts/1900b0aE.dag/CommonComponents.UnityAdditionalFile.txt
[176/851    0s] WriteText Library/Bee/artifacts/1900b0aE.dag/Utilites.rsp
[177/851    0s] WriteText Library/Bee/artifacts/1900b0aE.dag/AppConfiguration.rsp2
[178/851    0s] WriteText Library/Bee/artifacts/1900b0aE.dag/Unity.Purchasing.dll.mvfrm.rsp
[179/851    0s] WriteText Library/Bee/artifacts/1900b0aE.dag/UnityEditor.UI.dll.mvfrm.rsp
[180/851    0s] WriteText Library/Bee/artifacts/1900b0aE.dag/AppConfiguration.UnityAdditionalFile.txt
[181/851    0s] WriteText Library/Bee/artifacts/1900b0aE.dag/CommonComponents.rsp2
[182/851    0s] WriteText Library/Bee/artifacts/1900b0aE.dag/Utilites.dll.mvfrm.rsp
[183/851    0s] WriteText Library/Bee/artifacts/1900b0aE.dag/Unity.Purchasing.rsp
[184/851    0s] WriteText Library/Bee/artifacts/1900b0aE.dag/Diagnostics.UnityAdditionalFile.txt
[185/851    0s] WriteText Library/Bee/artifacts/1900b0aE.dag/AppConfiguration.rsp
[186/851    0s] WriteText Library/Bee/artifacts/1900b0aE.dag/AppConfiguration.dll.mvfrm.rsp
[187/851    0s] WriteText Library/Bee/artifacts/1900b0aE.dag/Unity.InputSystem.UnityAdditionalFile.txt
[188/851    0s] WriteText Library/Bee/artifacts/1900b0aE.dag/Unity.InputSystem.rsp2
[189/851    0s] WriteText Library/Bee/artifacts/1900b0aE.dag/UniRx.rsp2
[190/851    0s] WriteText Library/Bee/artifacts/1900b0aE.dag/CommonComponents.dll.mvfrm.rsp
[191/851    0s] WriteText Library/Bee/artifacts/1900b0aE.dag/Unity.Purchasing.Stores.XboxCloudServices.UnityAdditionalFile.txt
[192/851    0s] WriteText Library/Bee/artifacts/1900b0aE.dag/Unity.Purchasing.Stores.XboxCloudServices.rsp2
[193/851    0s] WriteText Library/Bee/artifacts/1900b0aE.dag/UniRx.UnityAdditionalFile.txt
[194/851    0s] WriteText Library/Bee/artifacts/1900b0aE.dag/CommonComponents.rsp
[195/851    0s] WriteText Library/Bee/artifacts/1900b0aE.dag/Unity.InputSystem.dll.mvfrm.rsp
[196/851    0s] WriteText Library/Bee/artifacts/1900b0aE.dag/Database.rsp2
[197/851    0s] WriteText Library/Bee/artifacts/1900b0aE.dag/UniRx.dll.mvfrm.rsp
[198/851    0s] WriteText Library/Bee/artifacts/1900b0aE.dag/UniRx.rsp
[199/851    0s] WriteText Library/Bee/artifacts/1900b0aE.dag/Diagnostics.dll.mvfrm.rsp
[200/851    0s] WriteText Library/Bee/artifacts/1900b0aE.dag/Unity.Purchasing.Stores.XboxCloudServices.dll.mvfrm.rsp
[201/851    0s] WriteText Library/Bee/artifacts/1900b0aE.dag/Database.UnityAdditionalFile.txt
[202/851    0s] WriteText Library/Bee/artifacts/1900b0aE.dag/Diagnostics.rsp2
[203/851    0s] WriteText Library/Bee/artifacts/1900b0aE.dag/Diagnostics.rsp
[204/851    0s] WriteText Library/Bee/artifacts/1900b0aE.dag/CodeWriter.ExpressionParser.UnityAdditionalFile.txt
[205/851    0s] WriteText Library/Bee/artifacts/1900b0aE.dag/CodeWriter.ExpressionParser.rsp2
[206/851    0s] WriteText Library/Bee/artifacts/1900b0aE.dag/Unity.Services.Core.Configuration.rsp2
[207/851    0s] WriteText Library/Bee/artifacts/1900b0aE.dag/Unity.Services.Core.Configuration.UnityAdditionalFile.txt
[208/851    0s] WriteText Library/Bee/artifacts/1900b0aE.dag/SecurityStub.rsp2
[209/851    0s] WriteText Library/Bee/artifacts/1900b0aE.dag/SecurityStub.UnityAdditionalFile.txt
[210/851    0s] WriteText Library/Bee/artifacts/1900b0aE.dag/Unity.Purchasing.Stores.XboxCloudServices.rsp
[211/851    0s] WriteText Library/Bee/artifacts/1900b0aE.dag/Unity.InputSystem.rsp
[212/851    0s] WriteText Library/Bee/artifacts/1900b0aE.dag/Unity.Purchasing.AppleMacosStub.rsp2
[213/851    0s] WriteText Library/Bee/artifacts/1900b0aE.dag/NVorbis.rsp2
[214/851    0s] WriteText Library/Bee/artifacts/1900b0aE.dag/Unity.Purchasing.AppleStub.rsp2
[215/851    0s] WriteText Library/Bee/artifacts/1900b0aE.dag/Unity.Purchasing.AppleStub.UnityAdditionalFile.txt
[216/851    0s] WriteText Library/Bee/artifacts/1900b0aE.dag/NVorbis.UnityAdditionalFile.txt
[217/851    0s] WriteText Library/Bee/artifacts/1900b0aE.dag/Unity.Services.Core.Scheduler.UnityAdditionalFile.txt
[218/851    0s] WriteText Library/Bee/artifacts/1900b0aE.dag/Unity.Services.Core.Environments.Internal.dll.mvfrm.rsp
[219/851    0s] WriteText Library/Bee/artifacts/1900b0aE.dag/Unity.Purchasing.AppleMacosStub.UnityAdditionalFile.txt
[220/851    0s] WriteText Library/Bee/artifacts/1900b0aE.dag/CodeWriter.ExpressionParser.rsp
[221/851    0s] WriteText Library/Bee/artifacts/1900b0aE.dag/NVorbis.dll.mvfrm.rsp
[222/851    0s] WriteText Library/Bee/artifacts/1900b0aE.dag/SecurityStub.dll.mvfrm.rsp
[223/851    0s] WriteText Library/Bee/artifacts/1900b0aE.dag/Unity.Purchasing.AppleStub.dll.mvfrm.rsp
[224/851    0s] WriteText Library/Bee/artifacts/1900b0aE.dag/CodeWriter.ExpressionParser.dll.mvfrm.rsp
[225/851    0s] WriteText Library/Bee/artifacts/1900b0aE.dag/Unity.Services.Core.Scheduler.rsp2
[226/851    0s] WriteText Library/Bee/artifacts/1900b0aE.dag/Unity.Services.Core.Environments.Internal.rsp2
[227/851    0s] WriteText Library/Bee/artifacts/1900b0aE.dag/Unity.Services.Core.Environments.Internal.UnityAdditionalFile.txt
[228/851    0s] WriteText Library/Bee/artifacts/1900b0aE.dag/Unity.Services.Core.Threading.UnityAdditionalFile.txt
[229/851    0s] WriteText Library/Bee/artifacts/1900b0aE.dag/Unity.Services.Core.Device.UnityAdditionalFile.txt
[230/851    0s] WriteText Library/Bee/artifacts/1900b0aE.dag/Unity.Services.Core.Configuration.rsp
[231/851    0s] WriteText Library/Bee/artifacts/1900b0aE.dag/Unity.Services.Core.Telemetry.UnityAdditionalFile.txt
[232/851    0s] WriteText Library/Bee/artifacts/1900b0aE.dag/NVorbis.rsp
[233/851    0s] WriteText Library/Bee/artifacts/1900b0aE.dag/Unity.Purchasing.AppleStub.rsp
[234/851    0s] WriteText Library/Bee/artifacts/1900b0aE.dag/Unity.Purchasing.AppleMacosStub.dll.mvfrm.rsp
[235/851    0s] WriteText Library/Bee/artifacts/1900b0aE.dag/Unity.Purchasing.AppleMacosStub.rsp
[236/851    0s] WriteText Library/Bee/artifacts/1900b0aE.dag/Unity.Services.Core.Device.rsp2
[237/851    0s] WriteText Library/Bee/artifacts/1900b0aE.dag/Unity.Services.Core.Telemetry.rsp2
[238/851    0s] WriteText Library/Bee/artifacts/1900b0aE.dag/Unity.Services.Core.Configuration.dll.mvfrm.rsp
[239/851    0s] WriteText Library/Bee/artifacts/1900b0aE.dag/Unity.Purchasing.Stores.rsp2
[240/851    0s] WriteText Library/Bee/artifacts/1900b0aE.dag/Unity.Services.Core.Threading.rsp2
[241/851    0s] WriteText Library/Bee/artifacts/1900b0aE.dag/Unity.Services.Core.Telemetry.dll.mvfrm.rsp
[242/851    0s] WriteText Library/Bee/artifacts/1900b0aE.dag/Unity.Services.Core.Device.dll.mvfrm.rsp
[243/851    0s] WriteText Library/Bee/artifacts/1900b0aE.dag/Unity.Purchasing.Stores.UnityAdditionalFile.txt
[244/851    0s] WriteText Library/Bee/artifacts/1900b0aE.dag/Unity.Services.Core.Threading.dll.mvfrm.rsp
[245/851    0s] WriteText Library/Bee/artifacts/1900b0aE.dag/Unity.Services.Core.Device.rsp
[246/851    0s] WriteText Library/Bee/artifacts/1900b0aE.dag/Database.rsp
[247/851    0s] WriteText Library/Bee/artifacts/1900b0aE.dag/Unity.SysrootPackage.Editor.UnityAdditionalFile.txt
[248/851    0s] WriteText Library/Bee/artifacts/1900b0aE.dag/Unity.Services.Core.Scheduler.rsp
[249/851    0s] WriteText Library/Bee/artifacts/1900b0aE.dag/Unity.SysrootPackage.Editor.dll.mvfrm.rsp
[250/851    0s] WriteText Library/Bee/artifacts/1900b0aE.dag/Unity.Services.Core.Components.rsp2
[251/851    0s] WriteText Library/Bee/artifacts/1900b0aE.dag/Unity.Services.Core.Environments.Internal.rsp
[252/851    0s] WriteText Library/Bee/artifacts/1900b0aE.dag/Unity.Services.Core.Threading.rsp
[253/851    0s] WriteText Library/Bee/artifacts/1900b0aE.dag/Unity.SysrootPackage.Editor.rsp2
[254/851    0s] WriteText Library/Bee/artifacts/1900b0aE.dag/Unity.Services.Core.Scheduler.dll.mvfrm.rsp
[255/851    0s] WriteText Library/Bee/artifacts/1900b0aE.dag/Database.dll.mvfrm.rsp
[256/851    0s] WriteText Library/Bee/artifacts/1900b0aE.dag/Unity.Services.Core.Telemetry.rsp
[257/851    0s] WriteText Library/Bee/artifacts/1900b0aE.dag/Unity.Purchasing.Stores.dll.mvfrm.rsp
[258/851    0s] WriteText Library/Bee/artifacts/1900b0aE.dag/Unity.Services.Core.Configuration.Editor.rsp2
[259/851    0s] WriteText Library/Bee/artifacts/1900b0aE.dag/Unity.Services.Core.Components.UnityAdditionalFile.txt
[260/851    0s] WriteText Library/Bee/artifacts/1900b0aE.dag/Unity.SysrootPackage.Editor.rsp
[261/851    0s] WriteText Library/Bee/artifacts/1900b0aE.dag/Unity.Services.Core.Components.dll.mvfrm.rsp
[262/851    0s] WriteText Library/Bee/artifacts/1900b0aE.dag/Unity.Services.Core.Configuration.Editor.UnityAdditionalFile.txt
[263/851    0s] WriteText Library/Bee/artifacts/1900b0aE.dag/Localization.rsp2
[264/851    0s] WriteText Library/Bee/artifacts/1900b0aE.dag/Unity.Purchasing.Stores.rsp
[265/851    0s] WriteText Library/Bee/artifacts/1900b0aE.dag/SecurityStub.rsp
[266/851    0s] WriteText Library/Bee/artifacts/1900b0aE.dag/Localization.UnityAdditionalFile.txt
[267/851    0s] WriteText Library/Bee/artifacts/1900b0aE.dag/Unity.Services.Core.Registration.rsp2
[268/851    0s] WriteText Library/Bee/artifacts/1900b0aE.dag/Unity.Services.Core.Networking.rsp2
[269/851    0s] WriteText Library/Bee/artifacts/1900b0aE.dag/Unity.Services.Core.Registration.UnityAdditionalFile.txt
[270/851    0s] WriteText Library/Bee/artifacts/1900b0aE.dag/ServicesFacade.rsp2
[271/851    0s] WriteText Library/Bee/artifacts/1900b0aE.dag/Unity.Services.Core.Components.rsp
[272/851    0s] WriteText Library/Bee/artifacts/1900b0aE.dag/Unity.Services.Core.Configuration.Editor.dll.mvfrm.rsp
[273/851    0s] WriteText Library/Bee/artifacts/1900b0aE.dag/Unity.Services.Core.Networking.UnityAdditionalFile.txt
[274/851    0s] WriteText Library/Bee/artifacts/1900b0aE.dag/Unity.Services.Core.Networking.rsp
[275/851    0s] WriteText Library/Bee/artifacts/1900b0aE.dag/Unity.Services.Core.Registration.dll.mvfrm.rsp
[276/851    0s] WriteText Library/Bee/artifacts/1900b0aE.dag/ServicesFacade.UnityAdditionalFile.txt
[277/851    0s] WriteText Library/Bee/artifacts/1900b0aE.dag/Unity.Services.Core.Configuration.Editor.rsp
[278/851    0s] WriteText Library/Bee/artifacts/1900b0aE.dag/Unity.Services.Core.Networking.dll.mvfrm.rsp
[279/851    0s] WriteText Library/Bee/artifacts/1900b0aE.dag/Unity.Services.Core.Registration.rsp
[280/851    0s] WriteText Library/Bee/artifacts/1900b0aE.dag/Unity.TextMeshPro.rsp2
[281/851    0s] WriteText Library/Bee/artifacts/1900b0aE.dag/Unity.TextMeshPro.UnityAdditionalFile.txt
[282/851    0s] WriteText Library/Bee/artifacts/1900b0aE.dag/Localization.dll.mvfrm.rsp
[283/851    0s] WriteText Library/Bee/artifacts/1900b0aE.dag/Unity.Sysroot.Linux_x86_64.rsp2
[284/851    0s] WriteText Library/Bee/artifacts/1900b0aE.dag/Localization.rsp
[285/851    0s] WriteText Library/Bee/artifacts/1900b0aE.dag/Unity.Sysroot.Linux_x86_64.UnityAdditionalFile.txt
[286/851    0s] WriteText Library/Bee/artifacts/1900b0aE.dag/Unity.Services.Core.Editor.rsp2
[287/851    0s] WriteText Library/Bee/artifacts/1900b0aE.dag/Unity.Purchasing.Codeless.UnityAdditionalFile.txt
[288/851    0s] WriteText Library/Bee/artifacts/1900b0aE.dag/Unity.Purchasing.Codeless.rsp2
[289/851    0s] WriteText Library/Bee/artifacts/1900b0aE.dag/Unity.Multiplayer.Center.Common.rsp2
[290/851    0s] WriteText Library/Bee/artifacts/1900b0aE.dag/Unity.Services.Core.Editor.UnityAdditionalFile.txt
[291/851    0s] WriteText Library/Bee/artifacts/1900b0aE.dag/Unity.TextMeshPro.dll.mvfrm.rsp
[292/851    0s] WriteText Library/Bee/artifacts/1900b0aE.dag/Unity.Multiplayer.Center.Common.UnityAdditionalFile.txt
[293/851    0s] WriteText Library/Bee/artifacts/1900b0aE.dag/ServicesFacade.dll.mvfrm.rsp
[294/851    0s] WriteText Library/Bee/artifacts/1900b0aE.dag/ShipConstructor.rsp2
[295/851    0s] WriteText Library/Bee/artifacts/1900b0aE.dag/ShipConstructor.UnityAdditionalFile.txt
[296/851    0s] WriteText Library/Bee/artifacts/1900b0aE.dag/Unity.TextMeshPro.rsp
[297/851    0s] WriteText Library/Bee/artifacts/1900b0aE.dag/Unity.Services.Core.Editor.dll.mvfrm.rsp
[298/851    0s] WriteText Library/Bee/artifacts/1900b0aE.dag/ServicesFacade.rsp
[299/851    0s] WriteText Library/Bee/artifacts/1900b0aE.dag/Unity.Multiplayer.Center.Common.dll.mvfrm.rsp
[300/851    0s] WriteText Library/Bee/artifacts/1900b0aE.dag/Unity.Purchasing.Codeless.dll.mvfrm.rsp
[301/851    0s] WriteText Library/Bee/artifacts/1900b0aE.dag/Unity.Sysroot.Linux_x86_64.dll.mvfrm.rsp
[302/851    0s] WriteText Library/Bee/artifacts/1900b0aE.dag/Unity.Sysroot.Linux_x86_64.rsp
[303/851    0s] WriteText Library/Bee/artifacts/1900b0aE.dag/Unity.Purchasing.Codeless.rsp
[304/851    0s] WriteText Library/Bee/artifacts/1900b0aE.dag/ResourceLocator.rsp2
[305/851    0s] WriteText Library/Bee/artifacts/1900b0aE.dag/Unity.Multiplayer.Center.Common.rsp
[306/851    0s] WriteText Library/Bee/artifacts/1900b0aE.dag/ResourceLocator.UnityAdditionalFile.txt
[307/851    0s] WriteText Library/Bee/artifacts/1900b0aE.dag/Unity.Services.Core.Editor.rsp
[308/851    0s] WriteText Library/Bee/artifacts/1900b0aE.dag/ShipConstructor.rsp
[309/851    0s] WriteText Library/Bee/artifacts/1900b0aE.dag/ShipConstructor.dll.mvfrm.rsp
[310/851    0s] WriteText Library/Bee/artifacts/1900b0aE.dag/Zenject-Editor.rsp2
[311/851    0s] WriteText Library/Bee/artifacts/1900b0aE.dag/ResourceLocator.dll.mvfrm.rsp
[312/851    0s] WriteText Library/Bee/artifacts/1900b0aE.dag/Gui.UnityAdditionalFile.txt
[313/851    0s] WriteText Library/Bee/artifacts/1900b0aE.dag/Gui.rsp2
[314/851    0s] WriteText Library/Bee/artifacts/1900b0aE.dag/Zenject-Editor.UnityAdditionalFile.txt
[315/851    0s] WriteText Library/Bee/artifacts/1900b0aE.dag/Unity.TextMeshPro.Editor.UnityAdditionalFile.txt
[316/851    0s] WriteText Library/Bee/artifacts/1900b0aE.dag/Unity.Services.Core.Analytics.UnityAdditionalFile.txt
[317/851    0s] WriteText Library/Bee/artifacts/1900b0aE.dag/Unity.Services.Core.Analytics.rsp2
[318/851    0s] WriteText Library/Bee/artifacts/1900b0aE.dag/Unity.Multiplayer.Center.Editor.UnityAdditionalFile.txt
[319/851    0s] WriteText Library/Bee/artifacts/1900b0aE.dag/ResourceLocator.rsp
[320/851    0s] WriteText Library/Bee/artifacts/1900b0aE.dag/Unity.2D.Sprite.Editor.rsp2
[321/851    0s] WriteText Library/Bee/artifacts/1900b0aE.dag/UnityEngine.Advertisements.Editor.UnityAdditionalFile.txt
[322/851    0s] WriteText Library/Bee/artifacts/1900b0aE.dag/UnityEditor.UI.Analytics.rsp2
[323/851    0s] WriteText Library/Bee/artifacts/1900b0aE.dag/UnityEditor.Purchasing.rsp2
[324/851    0s] WriteText Library/Bee/artifacts/1900b0aE.dag/Unity.Toolchain.Win-x86_64-Linux-x86_64.rsp2
[325/851    0s] WriteText Library/Bee/artifacts/1900b0aE.dag/Unity.Toolchain.Win-x86_64-Linux-x86_64.UnityAdditionalFile.txt
[326/851    0s] WriteText Library/Bee/artifacts/1900b0aE.dag/Unity.VisualStudio.Editor.UnityAdditionalFile.txt
[327/851    0s] WriteText Library/Bee/artifacts/1900b0aE.dag/Unity.2D.Sprite.Editor.UnityAdditionalFile.txt
[328/851    0s] WriteText Library/Bee/artifacts/1900b0aE.dag/Unity.TextMeshPro.Editor.rsp2
[329/851    0s] WriteText Library/Bee/artifacts/1900b0aE.dag/Unity.InputSystem.ForUI.UnityAdditionalFile.txt
[330/851    0s] WriteText Library/Bee/artifacts/1900b0aE.dag/UnityEngine.Advertisements.Editor.rsp2
[331/851    0s] WriteText Library/Bee/artifacts/1900b0aE.dag/UnityEditor.UI.Analytics.UnityAdditionalFile.txt
[332/851    0s] WriteText Library/Bee/artifacts/1900b0aE.dag/Unity.Multiplayer.Center.Editor.rsp2
[333/851    0s] WriteText Library/Bee/artifacts/1900b0aE.dag/Unity.VisualStudio.Editor.rsp2
[334/851    0s] WriteText Library/Bee/artifacts/1900b0aE.dag/UnityEditor.Purchasing.UnityAdditionalFile.txt
[335/851    0s] WriteText Library/Bee/artifacts/1900b0aE.dag/UnityEngine.Advertisements.rsp2
[336/851    0s] WriteText Library/Bee/artifacts/1900b0aE.dag/GameServices.UnityAdditionalFile.txt
[337/851    0s] WriteText Library/Bee/artifacts/1900b0aE.dag/NativeFilePicker.Runtime.rsp2
[338/851    0s] WriteText Library/Bee/artifacts/1900b0aE.dag/UnityEngine.Advertisements.UnityAdditionalFile.txt
[339/851    0s] WriteText Library/Bee/artifacts/1900b0aE.dag/Unity.InputSystem.ForUI.rsp2
[340/851    0s] WriteText Library/Bee/artifacts/1900b0aE.dag/UnityEngine.Advertisements.dll.mvfrm.rsp
[341/851    0s] WriteText Library/Bee/artifacts/1900b0aE.dag/Unity.Toolchain.Win-x86_64-Linux-x86_64.rsp
[342/851    0s] WriteText Library/Bee/artifacts/1900b0aE.dag/GameServices.rsp2
[343/851    0s] WriteText Library/Bee/artifacts/1900b0aE.dag/Gui.dll.mvfrm.rsp
[344/851    0s] WriteText Library/Bee/artifacts/1900b0aE.dag/NativeFilePicker.Runtime.UnityAdditionalFile.txt
[345/851    0s] WriteText Library/Bee/artifacts/1900b0aE.dag/UnityEngine.Advertisements.Editor.dll.mvfrm.rsp
[346/851    0s] WriteText Library/Bee/artifacts/1900b0aE.dag/Unity.2D.Sprite.Editor.dll.mvfrm.rsp
[347/851    0s] WriteText Library/Bee/artifacts/1900b0aE.dag/UnityEditor.UI.Analytics.dll.mvfrm.rsp
[348/851    0s] WriteText Library/Bee/artifacts/1900b0aE.dag/UnityEditor.Purchasing.dll.mvfrm.rsp
[349/851    0s] WriteText Library/Bee/artifacts/1900b0aE.dag/Zenject-Editor.dll.mvfrm.rsp
[350/851    0s] WriteText Library/Bee/artifacts/1900b0aE.dag/Unity.Toolchain.Win-x86_64-Linux-x86_64.dll.mvfrm.rsp
[351/851    0s] WriteText Library/Bee/artifacts/1900b0aE.dag/Unity.Multiplayer.Center.Editor.dll.mvfrm.rsp
[352/851    0s] WriteText Library/Bee/artifacts/1900b0aE.dag/ListScrollRectEditor.rsp2
[353/851    0s] WriteText Library/Bee/artifacts/1900b0aE.dag/Gui.rsp
[354/851    0s] WriteText Library/Bee/artifacts/1900b0aE.dag/Unity.Services.Core.Analytics.dll.mvfrm.rsp
[355/851    0s] WriteText Library/Bee/artifacts/1900b0aE.dag/Unity.InputSystem.ForUI.dll.mvfrm.rsp
[356/851    0s] WriteText Library/Bee/artifacts/1900b0aE.dag/Zenject-Editor.rsp
[357/851    0s] WriteText Library/Bee/artifacts/1900b0aE.dag/Unity.VisualStudio.Editor.dll.mvfrm.rsp
[358/851    0s] WriteText Library/Bee/artifacts/1900b0aE.dag/NativeFilePicker.Editor.UnityAdditionalFile.txt
[359/851    0s] WriteText Library/Bee/artifacts/1900b0aE.dag/Unity.InputSystem.ForUI.rsp
[360/851    0s] WriteText Library/Bee/artifacts/1900b0aE.dag/BattleSimulator.UnityAdditionalFile.txt
[361/851    0s] WriteText Library/Bee/artifacts/1900b0aE.dag/Unity.2D.Sprite.Editor.rsp
[362/851    0s] WriteText Library/Bee/artifacts/1900b0aE.dag/Zenject-ReflectionBaking-Editor.rsp2
[363/851    0s] WriteText Library/Bee/artifacts/1900b0aE.dag/Zenject-PoolMonitor-Editor.rsp2
[364/851    0s] WriteText Library/Bee/artifacts/1900b0aE.dag/GuiThemeEditor.UnityAdditionalFile.txt
[365/851    0s] WriteText Library/Bee/artifacts/1900b0aE.dag/UnityEditor.Purchasing.rsp
[366/851    0s] WriteText Library/Bee/artifacts/1900b0aE.dag/Unity.TextMeshPro.Editor.dll.mvfrm.rsp
[367/851    0s] WriteText Library/Bee/artifacts/1900b0aE.dag/UnityEngine.Advertisements.rsp
[368/851    0s] WriteText Library/Bee/artifacts/1900b0aE.dag/GameServices.dll.mvfrm.rsp
[369/851    0s] WriteText Library/Bee/artifacts/1900b0aE.dag/Unity.VisualStudio.Editor.rsp
[370/851    0s] WriteText Library/Bee/artifacts/1900b0aE.dag/NativeFilePicker.Runtime.dll.mvfrm.rsp
[371/851    0s] WriteText Library/Bee/artifacts/1900b0aE.dag/Quests.rsp2
[372/851    0s] WriteText Library/Bee/artifacts/1900b0aE.dag/UnityEditor.UI.Analytics.rsp
[373/851    0s] WriteText Library/Bee/artifacts/1900b0aE.dag/Unity.Multiplayer.Center.Editor.rsp
[374/851    0s] WriteText Library/Bee/artifacts/1900b0aE.dag/Services.UnityAdditionalFile.txt
[375/851    0s] WriteText Library/Bee/artifacts/1900b0aE.dag/GameSession.rsp
[376/851    0s] WriteText Library/Bee/artifacts/1900b0aE.dag/Zenject-ReflectionBaking-Editor.UnityAdditionalFile.txt
[377/851    0s] WriteText Library/Bee/artifacts/1900b0aE.dag/BattleSimulator.dll.mvfrm.rsp
[378/851    0s] WriteText Library/Bee/artifacts/1900b0aE.dag/ListScrollRectEditor.UnityAdditionalFile.txt
[379/851    0s] WriteText Library/Bee/artifacts/1900b0aE.dag/NativeFilePicker.Editor.rsp2
[380/851    0s] WriteText Library/Bee/artifacts/1900b0aE.dag/GameServices.rsp
[381/851    0s] WriteText Library/Bee/artifacts/1900b0aE.dag/NativeFilePicker.Editor.rsp
[382/851    0s] WriteText Library/Bee/artifacts/1900b0aE.dag/ShipEditor.dll.mvfrm.rsp
[383/851    0s] WriteText Library/Bee/artifacts/1900b0aE.dag/ShipEditor.rsp2
[384/851    0s] WriteText Library/Bee/artifacts/1900b0aE.dag/GameSession.rsp2
[385/851    0s] WriteText Library/Bee/artifacts/1900b0aE.dag/Zenject-ReflectionBaking-Editor.dll.mvfrm.rsp
[386/851    0s] WriteText Library/Bee/artifacts/1900b0aE.dag/Unity.TextMeshPro.Editor.rsp
[387/851    0s] WriteText Library/Bee/artifacts/1900b0aE.dag/GuiThemeEditor.rsp2
[388/851    0s] WriteText Library/Bee/artifacts/1900b0aE.dag/UnityEngine.Advertisements.Editor.rsp
[389/851    0s] WriteText Library/Bee/artifacts/1900b0aE.dag/GameSession.UnityAdditionalFile.txt
[390/851    0s] WriteText Library/Bee/artifacts/1900b0aE.dag/Unity.Services.Core.Analytics.rsp
[391/851    0s] WriteText Library/Bee/artifacts/1900b0aE.dag/NativeFilePicker.Runtime.rsp
[392/851    0s] WriteText Library/Bee/artifacts/1900b0aE.dag/Quests.dll.mvfrm.rsp
[393/851    0s] WriteText Library/Bee/artifacts/1900b0aE.dag/GuiThemeEditor.rsp
[394/851    0s] WriteText Library/Bee/artifacts/1900b0aE.dag/Quests.UnityAdditionalFile.txt
[395/851    0s] WriteText Library/Bee/artifacts/1900b0aE.dag/Services.rsp2
[396/851    0s] WriteText Library/Bee/artifacts/1900b0aE.dag/NativeFilePicker.Editor.dll.mvfrm.rsp
[397/851    0s] WriteText Library/Bee/artifacts/1900b0aE.dag/ShipEditor.UnityAdditionalFile.txt
[398/851    0s] WriteText Library/Bee/artifacts/1900b0aE.dag/Zenject-PoolMonitor-Editor.UnityAdditionalFile.txt
[399/851    0s] WriteText Library/Bee/artifacts/1900b0aE.dag/GuiThemeEditor.dll.mvfrm.rsp
[400/851    0s] WriteText Library/Bee/artifacts/1900b0aE.dag/ShipEditor.rsp
[401/851    0s] WriteText Library/Bee/artifacts/1900b0aE.dag/ListScrollRectEditor.rsp
[402/851    0s] WriteText Library/Bee/artifacts/1900b0aE.dag/Assembly-CSharp.dll.mvfrm.rsp
[403/851    0s] WriteText Library/Bee/artifacts/1900b0aE.dag/BattleSimulator.rsp2
[404/851    0s] WriteText Library/Bee/artifacts/1900b0aE.dag/Services.rsp
[405/851    0s] WriteText Library/Bee/artifacts/1900b0aE.dag/Unity.InputSystem.DocCodeSamples.rsp2
[406/851    0s] WriteText Library/Bee/artifacts/1900b0aE.dag/Zenject-PoolMonitor-Editor.dll.mvfrm.rsp
[407/851    0s] WriteText Library/Bee/artifacts/1900b0aE.dag/ListScrollRectEditor.dll.mvfrm.rsp
[408/851    0s] WriteText Library/Bee/artifacts/1900b0aE.dag/GameSession.dll.mvfrm.rsp
[409/851    0s] WriteText Library/Bee/artifacts/1900b0aE.dag/Zenject-PoolMonitor-Editor.rsp
[410/851    0s] WriteText Library/Bee/artifacts/1900b0aE.dag/UniRx.Examples.rsp2
[411/851    0s] WriteText Library/Bee/artifacts/1900b0aE.dag/Assembly-CSharp.rsp2
[412/851    0s] WriteText Library/Bee/artifacts/1900b0aE.dag/Zenject-ReflectionBaking-Editor.rsp
[413/851    0s] WriteText Library/Bee/artifacts/1900b0aE.dag/Services.dll.mvfrm.rsp
[414/851    0s] WriteText Library/Bee/artifacts/1900b0aE.dag/Assembly-CSharp.UnityAdditionalFile.txt
[415/851    0s] WriteText Library/Bee/artifacts/1900b0aE.dag/BattleSimulator.rsp
[416/851    0s] WriteText Library/Bee/artifacts/1900b0aE.dag/Utilites.Tests.UnityAdditionalFile.txt
[417/851    0s] WriteText Library/Bee/artifacts/1900b0aE.dag/Unity.InputSystem.TestFramework.rsp2
[418/851    0s] WriteText Library/Bee/artifacts/1900b0aE.dag/Unity.InputSystem.TestFramework.UnityAdditionalFile.txt
[419/851    0s] WriteText Library/Bee/artifacts/1900b0aE.dag/Assembly-CSharp.rsp
[420/851    0s] WriteText Library/Bee/artifacts/1900b0aE.dag/UniRx.Examples.UnityAdditionalFile.txt
[421/851    0s] WriteText Library/Bee/artifacts/1900b0aE.dag/UniRx.Examples.dll.mvfrm.rsp
[422/851    0s] WriteText Library/Bee/artifacts/1900b0aE.dag/Unity.InputSystem.DocCodeSamples.dll.mvfrm.rsp
[423/851    0s] WriteText Library/Bee/artifacts/1900b0aE.dag/Unity.InputSystem.DocCodeSamples.UnityAdditionalFile.txt
[424/851    0s] WriteText Library/Bee/artifacts/1900b0aE.dag/Unity.InputSystem.TestFramework.dll.mvfrm.rsp
[425/851    0s] WriteText Library/Bee/artifacts/1900b0aE.dag/Utilites.Tests.rsp2
[426/851    0s] WriteText Library/Bee/artifacts/1900b0aE.dag/Quests.rsp
[427/851    0s] WriteText Library/Bee/artifacts/1900b0aE.dag/Zenject-TestFramework.rsp2
[428/851    0s] WriteText Library/Bee/artifacts/1900b0aE.dag/Zenject-TestFramework.UnityAdditionalFile.txt
[429/851    0s] WriteText Library/Bee/artifacts/1900b0aE.dag/CommonComponents.Tests.UnityAdditionalFile.txt
[430/851    0s] WriteText Library/Bee/artifacts/1900b0aE.dag/Utilites.Tests.dll.mvfrm.rsp
[431/851    0s] WriteText Library/Bee/artifacts/1900b0aE.dag/CommonComponents.Tests.rsp2
[432/851    0s] WriteText Library/Bee/artifacts/1900b0aE.dag/CodeWriter.ExpressionParser.Tests.dll.mvfrm.rsp
[433/851    0s] WriteText Library/Bee/artifacts/1900b0aE.dag/Zenject-TestFramework.dll.mvfrm.rsp
[434/851    0s] WriteText Library/Bee/artifacts/1900b0aE.dag/CommonComponents.Tests.dll.mvfrm.rsp
[435/851    0s] WriteText Library/Bee/artifacts/1900b0aE.dag/Database.Tests.UnityAdditionalFile.txt
[436/851    0s] WriteText Library/Bee/artifacts/1900b0aE.dag/Database.Tests.rsp2
[437/851    0s] WriteText Library/Bee/artifacts/1900b0aE.dag/Database.Tests.dll.mvfrm.rsp
[438/851    0s] WriteText Library/Bee/artifacts/1900b0aE.dag/IAPResolver.rsp2
[439/851    0s] WriteText Library/Bee/artifacts/1900b0aE.dag/Assembly-CSharp-Editor.rsp2
[440/851    0s] WriteText Library/Bee/artifacts/1900b0aE.dag/Assembly-CSharp-Editor.UnityAdditionalFile.txt
[441/851    0s] WriteText Library/Bee/artifacts/1900b0aE.dag/IAPResolver.dll.mvfrm.rsp
[442/851    0s] WriteText Library/Bee/artifacts/1900b0aE.dag/CodeWriter.ExpressionParser.Tests.UnityAdditionalFile.txt
[443/851    0s] WriteText Library/Bee/artifacts/1900b0aE.dag/CodeWriter.ExpressionParser.Tests.rsp2
[444/851    0s] WriteText Library/Bee/artifacts/1900b0aE.dag/Unity.Services.Core.Environments.Editor.UnityAdditionalFile.txt
[445/851    0s] WriteText Library/Bee/artifacts/1900b0aE.dag/Unity.Services.Core.Environments.Editor.rsp2
[446/851    0s] WriteText Library/Bee/artifacts/1900b0aE.dag/Unity.Services.Core.Environments.Editor.dll.mvfrm.rsp
[447/851    0s] WriteText Library/Bee/artifacts/1900b0aE.dag/UnityEngine.Advertisements.DevX.Editor.UnityAdditionalFile.txt
[448/851    0s] WriteText Library/Bee/artifacts/1900b0aE.dag/UnityEngine.Advertisements.DevX.Editor.dll.mvfrm.rsp
[449/851    0s] WriteText Library/Bee/artifacts/1900b0aE.dag/UnityEngine.Advertisements.DevX.Editor.rsp2
[450/851    0s] WriteText Library/Bee/artifacts/1900b0aE.dag/GameSession.Tests.UnityAdditionalFile.txt
[451/851    0s] WriteText Library/Bee/artifacts/1900b0aE.dag/GameSession.Tests.rsp2
[452/851    0s] WriteText Library/Bee/artifacts/1900b0aE.dag/Assembly-CSharp-Editor.dll.mvfrm.rsp
[453/851    0s] WriteText Library/Bee/artifacts/1900b0aE.dag/GameSession.Tests.dll.mvfrm.rsp
[454/851    0s] WriteText Library/Bee/artifacts/1900b0aE.dag/IAPResolver.UnityAdditionalFile.txt
[455/851    0s] WriteText Library/Bee/artifacts/1900b0aE.dag/UniRx.Examples.rsp
[456/851    0s] WriteText Library/Bee/artifacts/1900b0aE.dag/CodeWriter.ExpressionParser.Tests.rsp
[457/851    0s] WriteText Library/Bee/artifacts/1900b0aE.dag/IAPResolver.rsp
[458/851    0s] WriteText Library/Bee/artifacts/1900b0aE.dag/Unity.InputSystem.TestFramework.rsp
[459/851    0s] WriteText Library/Bee/artifacts/1900b0aE.dag/UnityEngine.Advertisements.DevX.Editor.rsp
[460/851    0s] WriteText Library/Bee/artifacts/1900b0aE.dag/Unity.Services.Core.Environments.Editor.rsp
[461/851    0s] WriteText Library/Bee/artifacts/1900b0aE.dag/Zenject-TestFramework.rsp
[462/851    0s] WriteText Library/Bee/artifacts/1900b0aE.dag/Unity.InputSystem.DocCodeSamples.rsp
[463/851    0s] WriteText Library/Bee/artifacts/1900b0aE.dag/GameSession.Tests.rsp
[464/851    0s] WriteText Library/Bee/artifacts/1900b0aE.dag/Database.Tests.rsp
[465/851    0s] WriteText Library/Bee/artifacts/1900b0aE.dag/Utilites.Tests.rsp
[466/851    0s] WriteText Library/Bee/artifacts/1900b0aE.dag/Assembly-CSharp-Editor.rsp
[467/851    0s] WriteText Library/Bee/artifacts/1900b0aE.dag/CommonComponents.Tests.rsp
[468/851    0s] MovedFromExtractor-Combine Library/Bee/artifacts/1900b0aE.dag/NVorbis.dll.mvfrm
[469/851    0s] MovedFromExtractor-Combine Library/Bee/artifacts/1900b0aE.dag/UnityEngine.TestRunner.dll.mvfrm
[470/851    0s] MovedFromExtractor-Combine Library/Bee/artifacts/1900b0aE.dag/UnityEngine.UI.dll.mvfrm
[470/851    0s] Csc Library/Bee/artifacts/1900b0aE.dag/UnityEngine.TestRunner.dll (+2 others) [CacheHit e4e4a47aaca616816760a81875801d1300000000000000000000000000000004]
[471/851   1784879459s] Csc Library/Bee/artifacts/1900b0aE.dag/UnityEngine.TestRunner.dll (+2 others)
[473/851    0s] CopyFiles Library/ScriptAssemblies/UnityEngine.TestRunner.pdb
[472/851    0s] Csc Library/Bee/artifacts/1900b0aE.dag/UnityEngine.UI.dll (+2 others) [CacheHit 3a26645bb3beae6b3709e35c0487329500000000000000000000000000000004]
[474/851   1784879460s] Csc Library/Bee/artifacts/1900b0aE.dag/UnityEngine.UI.dll (+2 others)
[476/851    0s] CopyFiles Library/ScriptAssemblies/UnityEngine.UI.pdb
[477/851    0s] MovedFromExtractor Library/Bee/artifacts/mvdfrm/UnityEngine.TestRunner.ref.dll_E55D0F7C63F01D9E.mvfrm
[478/851    0s] MovedFromExtractor Library/Bee/artifacts/mvdfrm/UnityEngine.UI.ref.dll_08FEAA520A2EFD60.mvfrm
[479/851    0s] CopyFiles Library/ScriptAssemblies/UnityEngine.TestRunner.dll
[480/851    0s] CopyFiles Library/ScriptAssemblies/UnityEngine.UI.dll
[481/851    0s] MovedFromExtractor-Combine Library/Bee/artifacts/1900b0aE.dag/UnityEditor.TestRunner.dll.mvfrm
[479/851    0s] Csc Library/Bee/artifacts/1900b0aE.dag/UnityEditor.TestRunner.dll (+2 others) [CacheHit e560e379c4948c2255636b5cf62233ac00000000000000000000000000000004]
[482/851   1784879460s] Csc Library/Bee/artifacts/1900b0aE.dag/UnityEditor.TestRunner.dll (+2 others)
[484/851    0s] CopyFiles Library/ScriptAssemblies/UnityEditor.TestRunner.pdb
[485/851    0s] CopyFiles Library/ScriptAssemblies/UnityEditor.TestRunner.dll
[486/851    0s] MovedFromExtractor Library/Bee/artifacts/mvdfrm/UnityEditor.TestRunner.ref.dll_193EC4CE382CBFB3.mvfrm
[487/851    0s] MovedFromExtractor-Combine Library/Bee/artifacts/1900b0aE.dag/UnityEditor.UI.dll.mvfrm
[484/851    0s] Csc Library/Bee/artifacts/1900b0aE.dag/UnityEditor.UI.dll (+2 others) [CacheHit 120d29e8b0afe7d1dcadb860d4459cdc00000000000000000000000000000004]
[488/851   1784879461s] Csc Library/Bee/artifacts/1900b0aE.dag/UnityEditor.UI.dll (+2 others)
[490/851    0s] CopyFiles Library/ScriptAssemblies/UnityEditor.UI.pdb
[491/851    0s] MovedFromExtractor Library/Bee/artifacts/mvdfrm/UnityEditor.UI.ref.dll_4C98D3F7040CD4F5.mvfrm
[492/851    0s] MovedFromExtractor-Combine Library/Bee/artifacts/1900b0aE.dag/ServicesFacade.dll.mvfrm
[493/851    0s] MovedFromExtractor-Combine Library/Bee/artifacts/1900b0aE.dag/Unity.Purchasing.SecurityCore.dll.mvfrm
[494/851    0s] MovedFromExtractor-Combine Library/Bee/artifacts/1900b0aE.dag/Unity.TextMeshPro.dll.mvfrm
[495/851    0s] MovedFromExtractor-Combine Library/Bee/artifacts/1900b0aE.dag/Zenject-ReflectionBaking-Editor.dll.mvfrm
[496/851    0s] MovedFromExtractor-Combine Library/Bee/artifacts/1900b0aE.dag/Zenject-Editor.dll.mvfrm
[497/851    0s] MovedFromExtractor-Combine Library/Bee/artifacts/1900b0aE.dag/Unity.2D.Sprite.Editor.dll.mvfrm
[498/851    0s] MovedFromExtractor-Combine Library/Bee/artifacts/1900b0aE.dag/Unity.Services.Core.dll.mvfrm
[499/851    0s] MovedFromExtractor-Combine Library/Bee/artifacts/1900b0aE.dag/SecurityStub.dll.mvfrm
[500/851    0s] MovedFromExtractor-Combine Library/Bee/artifacts/1900b0aE.dag/UniRx.dll.mvfrm
[501/851    0s] MovedFromExtractor-Combine Library/Bee/artifacts/1900b0aE.dag/Unity.SysrootPackage.Editor.dll.mvfrm
[502/851    0s] MovedFromExtractor-Combine Library/Bee/artifacts/1900b0aE.dag/Zenject.dll.mvfrm
[503/851    0s] MovedFromExtractor-Combine Library/Bee/artifacts/1900b0aE.dag/UnityEngine.Advertisements.dll.mvfrm
[504/851    0s] MovedFromExtractor-Combine Library/Bee/artifacts/1900b0aE.dag/ShipEditor.dll.mvfrm
[505/851    0s] MovedFromExtractor-Combine Library/Bee/artifacts/1900b0aE.dag/ShipConstructor.dll.mvfrm
[506/851    0s] MovedFromExtractor-Combine Library/Bee/artifacts/1900b0aE.dag/Diagnostics.dll.mvfrm
[507/851    0s] MovedFromExtractor-Combine Library/Bee/artifacts/1900b0aE.dag/AppConfiguration.dll.mvfrm
[508/851    0s] MovedFromExtractor-Combine Library/Bee/artifacts/1900b0aE.dag/GuiThemeEditor.dll.mvfrm
[509/851    0s] MovedFromExtractor-Combine Library/Bee/artifacts/1900b0aE.dag/ListScrollRectEditor.dll.mvfrm
[510/851    0s] MovedFromExtractor-Combine Library/Bee/artifacts/1900b0aE.dag/GameSession.dll.mvfrm
[511/851    0s] MovedFromExtractor-Combine Library/Bee/artifacts/1900b0aE.dag/Unity.Multiplayer.Center.Common.dll.mvfrm
[512/851    0s] MovedFromExtractor-Combine Library/Bee/artifacts/1900b0aE.dag/Utilites.dll.mvfrm
[513/851    0s] MovedFromExtractor-Combine Library/Bee/artifacts/1900b0aE.dag/Database.dll.mvfrm
[509/851    0s] Csc Library/Bee/artifacts/1900b0aE.dag/Unity.Purchasing.SecurityCore.dll (+2 others) [CacheHit 6b8a04e120669d9a1e46bce5c7db75ec00000000000000000000000000000004]
[514/851   1784879462s] Csc Library/Bee/artifacts/1900b0aE.dag/Unity.Purchasing.SecurityCore.dll (+2 others)
[516/851    1s] MovedFromExtractor-Combine Library/Bee/artifacts/1900b0aE.dag/Unity.VisualStudio.Editor.dll.mvfrm
[517/851    1s] MovedFromExtractor-Combine Library/Bee/artifacts/1900b0aE.dag/CodeWriter.ExpressionParser.dll.mvfrm
[518/851    1s] MovedFromExtractor-Combine Library/Bee/artifacts/1900b0aE.dag/CommonComponents.dll.mvfrm
[519/851    1s] MovedFromExtractor-Combine Library/Bee/artifacts/1900b0aE.dag/Unity.InputSystem.dll.mvfrm
[520/851    1s] MovedFromExtractor-Combine Library/Bee/artifacts/1900b0aE.dag/NativeFilePicker.Runtime.dll.mvfrm
[521/851    1s] MovedFromExtractor-Combine Library/Bee/artifacts/1900b0aE.dag/ResourceLocator.dll.mvfrm
[516/851    0s] Csc Library/Bee/artifacts/1900b0aE.dag/Unity.TextMeshPro.dll (+2 others) [CacheHit c58b7653539077a0d814c19dedfcda8500000000000000000000000000000004]
[522/851   1784879462s] Csc Library/Bee/artifacts/1900b0aE.dag/Unity.TextMeshPro.dll (+2 others)
[517/851    0s] Csc Library/Bee/artifacts/1900b0aE.dag/Unity.Services.Core.dll (+2 others) [CacheHit 9bccd444b129faae72b10d2ce6b58e5300000000000000000000000000000004]
[524/851   1784879462s] Csc Library/Bee/artifacts/1900b0aE.dag/Unity.Services.Core.dll (+2 others)
[526/851    1s] MovedFromExtractor-Combine Library/Bee/artifacts/1900b0aE.dag/UnityEngine.Advertisements.Editor.dll.mvfrm
[519/851    0s] Csc Library/Bee/artifacts/1900b0aE.dag/Unity.2D.Sprite.Editor.dll (+2 others) [CacheHit fe65384900a92e95db22c9457abcc1b700000000000000000000000000000004]
[527/851   1784879462s] Csc Library/Bee/artifacts/1900b0aE.dag/Unity.2D.Sprite.Editor.dll (+2 others)
[520/851    0s] Csc Library/Bee/artifacts/1900b0aE.dag/Unity.SysrootPackage.Editor.dll (+2 others) [CacheHit 0301f84f8e2824542baafb3e6a2dd62f00000000000000000000000000000004]
[529/851   1784879462s] Csc Library/Bee/artifacts/1900b0aE.dag/Unity.SysrootPackage.Editor.dll (+2 others)
[521/851    0s] Csc Library/Bee/artifacts/1900b0aE.dag/UnityEngine.Advertisements.dll (+2 others) [CacheHit e42bd37b2483a9ccb6abc4a4465e337400000000000000000000000000000004]
[531/851   1784879462s] Csc Library/Bee/artifacts/1900b0aE.dag/UnityEngine.Advertisements.dll (+2 others)
[533/851    1s] MovedFromExtractor-Combine Library/Bee/artifacts/1900b0aE.dag/Unity.Purchasing.Utilities.dll.mvfrm
[523/851    0s] Csc Library/Bee/artifacts/1900b0aE.dag/Unity.VisualStudio.Editor.dll (+2 others) [CacheHit cbc62c036e526081a89553efa2852d1c00000000000000000000000000000004]
[534/851   1784879462s] Csc Library/Bee/artifacts/1900b0aE.dag/Unity.VisualStudio.Editor.dll (+2 others)
[524/851    0s] Csc Library/Bee/artifacts/1900b0aE.dag/Unity.Multiplayer.Center.Common.dll (+2 others) [CacheHit 23a6b105e9a936bdbb0f0eda4621981e00000000000000000000000000000004]
[536/851   1784879462s] Csc Library/Bee/artifacts/1900b0aE.dag/Unity.Multiplayer.Center.Common.dll (+2 others)
[538/851    1s] MovedFromExtractor-Combine Library/Bee/artifacts/1900b0aE.dag/Services.dll.mvfrm
[539/851    1s] MovedFromExtractor-Combine Library/Bee/artifacts/1900b0aE.dag/Quests.dll.mvfrm
[527/851    0s] Csc Library/Bee/artifacts/1900b0aE.dag/Unity.InputSystem.dll (+2 others) [CacheHit 65016ea01035a1a738e2895b762bcdb900000000000000000000000000000004]
[540/851   1784879462s] Csc Library/Bee/artifacts/1900b0aE.dag/Unity.InputSystem.dll (+2 others)
[528/851    0s] Csc Library/Bee/artifacts/1900b0aE.dag/UnityEngine.Advertisements.Editor.dll (+2 others) [CacheHit 7ebdd332514498ea1815ce15dbd494e000000000000000000000000000000004]
[542/851   1784879462s] Csc Library/Bee/artifacts/1900b0aE.dag/UnityEngine.Advertisements.Editor.dll (+2 others)
[544/851    1s] MovedFromExtractor-Combine Library/Bee/artifacts/1900b0aE.dag/Zenject-PoolMonitor-Editor.dll.mvfrm
[545/851    1s] MovedFromExtractor-Combine Library/Bee/artifacts/1900b0aE.dag/NativeFilePicker.Editor.dll.mvfrm
[531/851    0s] Csc Library/Bee/artifacts/1900b0aE.dag/Unity.Purchasing.Utilities.dll (+2 others) [CacheHit d5759853dda8113c4a42967c0ceb577f00000000000000000000000000000004]
[546/851   1784879462s] Csc Library/Bee/artifacts/1900b0aE.dag/Unity.Purchasing.Utilities.dll (+2 others)
[548/851    0s] MovedFromExtractor-Combine Library/Bee/artifacts/1900b0aE.dag/Utilites.Tests.dll.mvfrm
[549/851    1s] MovedFromExtractor-Combine Library/Bee/artifacts/1900b0aE.dag/Database.Tests.dll.mvfrm
[550/851    1s] MovedFromExtractor-Combine Library/Bee/artifacts/1900b0aE.dag/UniRx.Examples.dll.mvfrm
[551/851    1s] MovedFromExtractor-Combine Library/Bee/artifacts/1900b0aE.dag/CommonComponents.Tests.dll.mvfrm
[552/851    1s] MovedFromExtractor-Combine Library/Bee/artifacts/1900b0aE.dag/GameSession.Tests.dll.mvfrm
[553/851    0s] CopyFiles Library/ScriptAssemblies/Unity.Purchasing.Utilities.pdb
[554/851    0s] CopyFiles Library/ScriptAssemblies/UnityEngine.Advertisements.Editor.pdb
[555/851    0s] MovedFromExtractor-Combine Library/Bee/artifacts/1900b0aE.dag/CodeWriter.ExpressionParser.Tests.dll.mvfrm
[556/851    0s] CopyFiles Library/ScriptAssemblies/Unity.InputSystem.pdb
[557/851    0s] CopyFiles Library/ScriptAssemblies/Unity.Multiplayer.Center.Common.pdb
[558/851    0s] CopyFiles Library/ScriptAssemblies/Unity.VisualStudio.Editor.pdb
[559/851    0s] MovedFromExtractor Library/Bee/artifacts/mvdfrm/Unity.Purchasing.SecurityCore.ref.dll_192994C55A7CB477.mvfrm
[560/851    0s] MovedFromExtractor-Combine Library/Bee/artifacts/1900b0aE.dag/Zenject-TestFramework.dll.mvfrm
[561/851    0s] CopyFiles Library/ScriptAssemblies/UnityEngine.Advertisements.pdb
[562/851    0s] CopyFiles Library/ScriptAssemblies/Unity.SysrootPackage.Editor.pdb
[563/851    0s] MovedFromExtractor-Combine Library/Bee/artifacts/1900b0aE.dag/IAPResolver.dll.mvfrm
[564/851    0s] MovedFromExtractor Library/Bee/artifacts/mvdfrm/Unity.TextMeshPro.ref.dll_84A4293DBDD182DB.mvfrm
[565/851    0s] MovedFromExtractor Library/Bee/artifacts/mvdfrm/UnityEngine.Advertisements.ref.dll_324BF20D18302AEA.mvfrm
[566/851    0s] MovedFromExtractor Library/Bee/artifacts/mvdfrm/Unity.Services.Core.ref.dll_131AC9C5EC6E6517.mvfrm
[567/851    0s] MovedFromExtractor Library/Bee/artifacts/mvdfrm/Unity.SysrootPackage.Editor.ref.dll_51BD9AC91712BC0C.mvfrm
[568/851    0s] MovedFromExtractor Library/Bee/artifacts/mvdfrm/Unity.2D.Sprite.Editor.ref.dll_DDBAA27A82CE9E28.mvfrm
[569/851    0s] MovedFromExtractor Library/Bee/artifacts/mvdfrm/Unity.VisualStudio.Editor.ref.dll_3A975DBA53ABA4AD.mvfrm
[570/851    0s] MovedFromExtractor Library/Bee/artifacts/mvdfrm/Unity.Multiplayer.Center.Common.ref.dll_EE36537354EA42C8.mvfrm
[571/851    0s] MovedFromExtractor Library/Bee/artifacts/mvdfrm/UnityEngine.Advertisements.Editor.ref.dll_95BDE7AB6BD0B967.mvfrm
[572/851    0s] CopyFiles Library/ScriptAssemblies/Unity.2D.Sprite.Editor.pdb
[573/851    0s] CopyFiles Library/ScriptAssemblies/UnityEngine.Advertisements.dll
[574/851    0s] CopyFiles Library/ScriptAssemblies/Unity.InputSystem.dll
[575/851    0s] CopyFiles Library/ScriptAssemblies/Unity.Services.Core.pdb
[576/851    0s] CopyFiles Library/ScriptAssemblies/Unity.TextMeshPro.pdb
[577/851    0s] CopyFiles Library/ScriptAssemblies/Unity.Purchasing.SecurityCore.pdb
[578/851    0s] CopyFiles Library/ScriptAssemblies/Unity.Multiplayer.Center.Common.dll
[579/851    2s] CopyFiles Library/ScriptAssemblies/UnityEditor.UI.dll
[580/851    1s] CopyFiles Library/ScriptAssemblies/Unity.TextMeshPro.dll
[581/851    1s] CopyFiles Library/ScriptAssemblies/UnityEngine.Advertisements.Editor.dll
[582/851    1s] CopyFiles Library/ScriptAssemblies/Unity.SysrootPackage.Editor.dll
[583/851    1s] MovedFromExtractor Library/Bee/artifacts/mvdfrm/Unity.InputSystem.ref.dll_FD2EC87C14EBE081.mvfrm
[584/851    1s] CopyFiles Library/ScriptAssemblies/Unity.Purchasing.Utilities.dll
[585/851    1s] CopyFiles Library/ScriptAssemblies/Unity.Services.Core.dll
[586/851    1s] CopyFiles Library/ScriptAssemblies/Unity.Purchasing.SecurityCore.dll
[587/851    1s] CopyFiles Library/ScriptAssemblies/Unity.VisualStudio.Editor.dll
[588/851    0s] CopyFiles Library/ScriptAssemblies/Unity.2D.Sprite.Editor.dll
[589/851    2s] Csc Library/Bee/artifacts/1900b0aE.dag/Diagnostics.dll (+2 others)
[590/851    2s] Csc Library/Bee/artifacts/1900b0aE.dag/AppConfiguration.dll (+2 others)
[591/851    2s] Csc Library/Bee/artifacts/1900b0aE.dag/NativeFilePicker.Runtime.dll (+2 others)
[592/851    0s] CopyFiles Library/ScriptAssemblies/NativeFilePicker.Runtime.pdb
[575/851    1s] Csc Library/Bee/artifacts/1900b0aE.dag/IAPResolver.dll (+2 others) [CacheHit f8a5eb7403d3a2e97352d201a837228800000000000000000000000000000004]
[593/851   1784879464s] Csc Library/Bee/artifacts/1900b0aE.dag/IAPResolver.dll (+2 others)
[595/851    0s] CopyFiles Library/ScriptAssemblies/IAPResolver.pdb
[596/851    0s] CopyFiles Library/ScriptAssemblies/Diagnostics.pdb
[597/851    0s] CopyFiles Library/ScriptAssemblies/AppConfiguration.pdb
[598/851    5s] Csc Library/Bee/artifacts/1900b0aE.dag/NVorbis.dll (+2 others)
[599/851    2s] Csc Library/Bee/artifacts/1900b0aE.dag/Utilites.dll (+2 others)
Assets\ModulesShared\Utilites\Serialization\SessionDataReader.cs(103,5): warning CS0642: Possible mistaken empty statement

Assets\ModulesShared\Utilites\Serialization\SessionDataReader.cs(113,5): warning CS0642: Possible mistaken empty statement

Assets\ModulesShared\Utilites\Serialization\SessionDataWriter.cs(118,5): warning CS0642: Possible mistaken empty statement

Assets\ModulesShared\Utilites\Serialization\SessionDataWriter.cs(128,5): warning CS0642: Possible mistaken empty statement
[600/851    0s] CopyFiles Library/ScriptAssemblies/NVorbis.pdb
[601/851    0s] CopyFiles Library/ScriptAssemblies/AppConfiguration.dll
[602/851    0s] CopyFiles Library/ScriptAssemblies/Diagnostics.dll
[603/851    0s] CopyFiles Library/ScriptAssemblies/Utilites.pdb
[604/851    0s] CopyFiles Library/ScriptAssemblies/NativeFilePicker.Runtime.dll
[605/851    0s] CopyFiles Library/ScriptAssemblies/IAPResolver.dll
[606/851    0s] CopyFiles Library/ScriptAssemblies/NVorbis.dll
[607/851    0s] CopyFiles Library/ScriptAssemblies/Utilites.dll
[608/851    2s] Csc Library/Bee/artifacts/1900b0aE.dag/NativeFilePicker.Editor.dll (+2 others)
[609/851    0s] CopyFiles Library/ScriptAssemblies/NativeFilePicker.Editor.pdb
[610/851    2s] MovedFromExtractor-Combine Library/Bee/artifacts/1900b0aE.dag/Unity.Purchasing.Stores.XboxCloudServices.dll.mvfrm
[611/851    1s] MovedFromExtractor-Combine Library/Bee/artifacts/1900b0aE.dag/Unity.Multiplayer.Center.Editor.dll.mvfrm
[612/851    1s] MovedFromExtractor-Combine Library/Bee/artifacts/1900b0aE.dag/Localization.dll.mvfrm
[613/851    2s] MovedFromExtractor-Combine Library/Bee/artifacts/1900b0aE.dag/Unity.TextMeshPro.Editor.dll.mvfrm
[614/851    1s] MovedFromExtractor-Combine Library/Bee/artifacts/1900b0aE.dag/Unity.InputSystem.TestFramework.dll.mvfrm
[615/851    2s] MovedFromExtractor-Combine Library/Bee/artifacts/1900b0aE.dag/Unity.Services.Core.Internal.dll.mvfrm
[616/851    1s] MovedFromExtractor-Combine Library/Bee/artifacts/1900b0aE.dag/Gui.dll.mvfrm
[617/851    1s] MovedFromExtractor-Combine Library/Bee/artifacts/1900b0aE.dag/Unity.InputSystem.DocCodeSamples.dll.mvfrm
[618/851    2s] MovedFromExtractor-Combine Library/Bee/artifacts/1900b0aE.dag/Unity.Services.Core.Analytics.dll.mvfrm
[619/851    2s] MovedFromExtractor-Combine Library/Bee/artifacts/1900b0aE.dag/UnityEditor.UI.Analytics.dll.mvfrm
[620/851    2s] MovedFromExtractor-Combine Library/Bee/artifacts/1900b0aE.dag/Unity.Purchasing.SecurityStub.dll.mvfrm
[621/851    2s] MovedFromExtractor-Combine Library/Bee/artifacts/1900b0aE.dag/Unity.Sysroot.Linux_x86_64.dll.mvfrm
[622/851    1s] MovedFromExtractor-Combine Library/Bee/artifacts/1900b0aE.dag/GameServices.dll.mvfrm
[623/851    2s] MovedFromExtractor Library/Bee/artifacts/mvdfrm/Unity.Purchasing.Utilities.ref.dll_4B00BBA54F778AF8.mvfrm
[624/851    1s] MovedFromExtractor-Combine Library/Bee/artifacts/1900b0aE.dag/Unity.InputSystem.ForUI.dll.mvfrm
[625/851    1s] MovedFromExtractor-Combine Library/Bee/artifacts/1900b0aE.dag/BattleSimulator.dll.mvfrm
[609/851    0s] Csc Library/Bee/artifacts/1900b0aE.dag/Unity.Purchasing.Stores.XboxCloudServices.dll (+2 others) [CacheHit 9b6f69ef7895febbacd2516b0ad0402300000000000000000000000000000004]
[626/851   1784879465s] Csc Library/Bee/artifacts/1900b0aE.dag/Unity.Purchasing.Stores.XboxCloudServices.dll (+2 others)
[628/851    0s] CopyFiles Library/ScriptAssemblies/Unity.Purchasing.Stores.XboxCloudServices.pdb
[611/851    0s] Csc Library/Bee/artifacts/1900b0aE.dag/Unity.Multiplayer.Center.Editor.dll (+2 others) [CacheHit 0810dcff0351b7268a6bf6ba2a70dbbc00000000000000000000000000000004]
[629/851   1784879465s] Csc Library/Bee/artifacts/1900b0aE.dag/Unity.Multiplayer.Center.Editor.dll (+2 others)
[631/851    0s] CopyFiles Library/ScriptAssemblies/Unity.Multiplayer.Center.Editor.pdb
[613/851    0s] Csc Library/Bee/artifacts/1900b0aE.dag/Unity.TextMeshPro.Editor.dll (+2 others) [CacheHit fcd833e7685a2796dcba0ea21ace71c700000000000000000000000000000004]
[632/851   1784879465s] Csc Library/Bee/artifacts/1900b0aE.dag/Unity.TextMeshPro.Editor.dll (+2 others)
[634/851    0s] CopyFiles Library/ScriptAssemblies/Unity.TextMeshPro.Editor.pdb
[615/851    0s] Csc Library/Bee/artifacts/1900b0aE.dag/Unity.Services.Core.Internal.dll (+2 others) [CacheHit b309e6e2036eae50e5719c7dea964e9a00000000000000000000000000000004]
[615/851    0s] Csc Library/Bee/artifacts/1900b0aE.dag/Unity.InputSystem.TestFramework.dll (+2 others) [CacheHit c58f886aaccb805fec7d5a97d845a3fa00000000000000000000000000000004]
[635/851   1784879465s] Csc Library/Bee/artifacts/1900b0aE.dag/Unity.Services.Core.Internal.dll (+2 others)
[637/851   1784879465s] Csc Library/Bee/artifacts/1900b0aE.dag/Unity.InputSystem.TestFramework.dll (+2 others)
[617/851    0s] Csc Library/Bee/artifacts/1900b0aE.dag/Unity.Purchasing.SecurityStub.dll (+2 others) [CacheHit 94d3633f0f456fe98f920c6109f12f3700000000000000000000000000000004]
[617/851    0s] Csc Library/Bee/artifacts/1900b0aE.dag/Unity.Services.Core.Analytics.dll (+2 others) [CacheHit c26de311fb68d5621205d83b76dc184f00000000000000000000000000000004]
[639/851   1784879465s] Csc Library/Bee/artifacts/1900b0aE.dag/Unity.Purchasing.SecurityStub.dll (+2 others)
[641/851   1784879465s] Csc Library/Bee/artifacts/1900b0aE.dag/Unity.Services.Core.Analytics.dll (+2 others)
[619/851    0s] Csc Library/Bee/artifacts/1900b0aE.dag/Unity.InputSystem.DocCodeSamples.dll (+2 others) [CacheHit 63952c91c946467a4a5f2841461bde5000000000000000000000000000000004]
[643/851   1784879465s] Csc Library/Bee/artifacts/1900b0aE.dag/Unity.InputSystem.DocCodeSamples.dll (+2 others)
[645/851    0s] CopyFiles Library/ScriptAssemblies/Unity.InputSystem.TestFramework.pdb
[646/851    0s] CopyFiles Library/ScriptAssemblies/Unity.Services.Core.Internal.pdb
[647/851    0s] CopyFiles Library/ScriptAssemblies/Unity.Services.Core.Analytics.pdb
[648/851    0s] CopyFiles Library/ScriptAssemblies/Unity.InputSystem.DocCodeSamples.pdb
[649/851    0s] CopyFiles Library/ScriptAssemblies/Unity.Purchasing.SecurityStub.pdb
[650/851    0s] MovedFromExtractor Library/Bee/artifacts/mvdfrm/Unity.Purchasing.Stores.XboxCloudServices.ref.dll_4930CFEF5220607C.mvfrm
[651/851    0s] CopyFiles Library/ScriptAssemblies/Unity.TextMeshPro.Editor.dll
[652/851    0s] CopyFiles Library/ScriptAssemblies/Unity.Multiplayer.Center.Editor.dll
[653/851    0s] CopyFiles Library/ScriptAssemblies/NativeFilePicker.Editor.dll
[654/851    0s] CopyFiles Library/ScriptAssemblies/Unity.Purchasing.Stores.XboxCloudServices.dll
[630/851    0s] Csc Library/Bee/artifacts/1900b0aE.dag/UnityEditor.UI.Analytics.dll (+2 others) [CacheHit 2c0d04ddd93cfa33092b10620f00f14600000000000000000000000000000004]
[655/851   1784879466s] Csc Library/Bee/artifacts/1900b0aE.dag/UnityEditor.UI.Analytics.dll (+2 others)
[657/851    0s] CopyFiles Library/ScriptAssemblies/UnityEditor.UI.Analytics.pdb
[632/851    0s] Csc Library/Bee/artifacts/1900b0aE.dag/Unity.InputSystem.ForUI.dll (+2 others) [CacheHit a9ef4b4a24a83e8b14c127e143a254dc00000000000000000000000000000004]
[658/851   1784879466s] Csc Library/Bee/artifacts/1900b0aE.dag/Unity.InputSystem.ForUI.dll (+2 others)
[660/851    0s] CopyFiles Library/ScriptAssemblies/Unity.Services.Core.Analytics.dll
[661/851    0s] CopyFiles Library/ScriptAssemblies/Unity.InputSystem.ForUI.pdb
[662/851    0s] CopyFiles Library/ScriptAssemblies/Unity.InputSystem.TestFramework.dll
[663/851    0s] CopyFiles Library/ScriptAssemblies/Unity.InputSystem.DocCodeSamples.dll
[637/851    0s] Csc Library/Bee/artifacts/1900b0aE.dag/Unity.Sysroot.Linux_x86_64.dll (+2 others) [CacheHit f0fa4f9fff18386096d051907cbb3e1200000000000000000000000000000004]
[664/851   1784879466s] Csc Library/Bee/artifacts/1900b0aE.dag/Unity.Sysroot.Linux_x86_64.dll (+2 others)
[666/851    0s] CopyFiles Library/ScriptAssemblies/Unity.Sysroot.Linux_x86_64.pdb
[667/851    0s] CopyFiles Library/ScriptAssemblies/Unity.Purchasing.SecurityStub.dll
[668/851    1s] Csc Library/Bee/artifacts/1900b0aE.dag/Utilites.Tests.dll (+2 others)
[669/851    3s] Csc Library/Bee/artifacts/1900b0aE.dag/CodeWriter.ExpressionParser.dll (+2 others)
Assets\ExpressionParser\Runtime\Variant.cs(7,28): warning CS0660: 'Variant' defines operator == or operator != but does not override Object.Equals(object o)

Assets\ExpressionParser\Runtime\Variant.cs(7,28): warning CS0661: 'Variant' defines operator == or operator != but does not override Object.GetHashCode()
[670/851    0s] CopyFiles Library/ScriptAssemblies/Utilites.Tests.pdb
[671/851    0s] CopyFiles Library/ScriptAssemblies/CodeWriter.ExpressionParser.pdb
[672/851    0s] CopyFiles Library/ScriptAssemblies/Unity.InputSystem.ForUI.dll
[673/851    0s] CopyFiles Library/ScriptAssemblies/Unity.Services.Core.Internal.dll
[674/851    0s] CopyFiles Library/ScriptAssemblies/UnityEditor.UI.Analytics.dll
[675/851    0s] CopyFiles Library/ScriptAssemblies/Unity.Sysroot.Linux_x86_64.dll
[676/851    0s] CopyFiles Library/ScriptAssemblies/Utilites.Tests.dll
[677/851    0s] CopyFiles Library/ScriptAssemblies/CodeWriter.ExpressionParser.dll
[678/851    0s] MovedFromExtractor Library/Bee/artifacts/mvdfrm/Unity.Multiplayer.Center.Editor.ref.dll_EB1F4B6E56116D4A.mvfrm
[679/851    0s] MovedFromExtractor Library/Bee/artifacts/mvdfrm/Unity.TextMeshPro.Editor.ref.dll_159E061D77A10B86.mvfrm
[680/851    4s] Csc Library/Bee/artifacts/1900b0aE.dag/Zenject.dll (+2 others)
Assets\Plugins\Zenject\Source\Util\UnityUtil.cs(130,20): warning CS0618: 'Object.FindObjectsOfType<T>()' is obsolete: 'Object.FindObjectsOfType has been deprecated. Use Object.FindObjectsByType instead which lets you decide whether you need the results sorted or not.  FindObjectsOfType sorts the results by InstanceID but if you do not need this using FindObjectSortMode.None is considerably faster.'

Assets\Plugins\Zenject\Source\Install\Contexts\ProjectContext.cs(104,25): warning CS0618: 'Object.FindObjectsOfType<T>()' is obsolete: 'Object.FindObjectsOfType has been deprecated. Use Object.FindObjectsByType instead which lets you decide whether you need the results sorted or not.  FindObjectsOfType sorts the results by InstanceID but if you do not need this using FindObjectSortMode.None is considerably faster.'
[681/851    0s] MovedFromExtractor Library/Bee/artifacts/mvdfrm/Unity.Purchasing.SecurityStub.ref.dll_645059B8FDE96FB6.mvfrm
[682/851    0s] MovedFromExtractor Library/Bee/artifacts/mvdfrm/Unity.Services.Core.Analytics.ref.dll_EDA1682A714EA6BF.mvfrm
[683/851    0s] MovedFromExtractor Library/Bee/artifacts/mvdfrm/Unity.Services.Core.Internal.ref.dll_A02B3542C15F550A.mvfrm
[684/851    0s] CopyFiles Library/ScriptAssemblies/Zenject.pdb
[685/851    0s] MovedFromExtractor Library/Bee/artifacts/mvdfrm/UnityEditor.UI.Analytics.ref.dll_3B64A5A3A726AD5D.mvfrm
[686/851    0s] MovedFromExtractor Library/Bee/artifacts/mvdfrm/Unity.InputSystem.ForUI.ref.dll_0478B67D1094CE70.mvfrm
[687/851    0s] MovedFromExtractor Library/Bee/artifacts/mvdfrm/Unity.Sysroot.Linux_x86_64.ref.dll_24C7B1A47E18827F.mvfrm
[688/851    0s] MovedFromExtractor-Combine Library/Bee/artifacts/1900b0aE.dag/Unity.Services.Core.Environments.dll.mvfrm
[689/851    0s] MovedFromExtractor-Combine Library/Bee/artifacts/1900b0aE.dag/Unity.Services.Core.Configuration.dll.mvfrm
[690/851    0s] MovedFromExtractor-Combine Library/Bee/artifacts/1900b0aE.dag/Unity.Services.Core.Environments.Internal.dll.mvfrm
[691/851    0s] MovedFromExtractor-Combine Library/Bee/artifacts/1900b0aE.dag/Unity.Services.Core.Threading.dll.mvfrm
[692/851    0s] MovedFromExtractor-Combine Library/Bee/artifacts/1900b0aE.dag/Unity.Services.Core.Networking.dll.mvfrm
[693/851    0s] MovedFromExtractor-Combine Library/Bee/artifacts/1900b0aE.dag/Unity.Services.Core.Scheduler.dll.mvfrm
[694/851    0s] MovedFromExtractor-Combine Library/Bee/artifacts/1900b0aE.dag/Unity.Services.Core.Device.dll.mvfrm
[695/851    0s] MovedFromExtractor-Combine Library/Bee/artifacts/1900b0aE.dag/Unity.Services.Core.Telemetry.dll.mvfrm
[696/851    0s] CopyFiles Library/ScriptAssemblies/Zenject.dll
[697/851    0s] Csc Library/Bee/artifacts/1900b0aE.dag/CodeWriter.ExpressionParser.Tests.dll (+2 others)
[698/851    0s] MovedFromExtractor-Combine Library/Bee/artifacts/1900b0aE.dag/Unity.Toolchain.Win-x86_64-Linux-x86_64.dll.mvfrm
[699/851    0s] CopyFiles Library/ScriptAssemblies/CodeWriter.ExpressionParser.Tests.pdb
[700/851    5s] Csc Library/Bee/artifacts/1900b0aE.dag/UniRx.dll (+2 others)
Assets\Plugins\UniRx\Scripts\UnityEngineBridge\MainThreadDispatcher.cs(452,34): warning CS0618: 'Object.FindObjectOfType<T>()' is obsolete: 'Object.FindObjectOfType has been deprecated. Use Object.FindFirstObjectByType instead or if finding any instance is acceptable the faster Object.FindAnyObjectByType'

Assets\Plugins\UniRx\Scripts\UnityEngineBridge\MainThreadDispatcher.cs(580,31): warning CS0618: 'Object.FindObjectsOfType<T>()' is obsolete: 'Object.FindObjectsOfType has been deprecated. Use Object.FindObjectsByType instead which lets you decide whether you need the results sorted or not.  FindObjectsOfType sorts the results by InstanceID but if you do not need this using FindObjectSortMode.None is considerably faster.'

Assets\Plugins\UniRx\Scripts\UnityEngineBridge\MainThreadDispatcher.cs(591,28): warning CS0618: 'Object.FindObjectOfType<T>()' is obsolete: 'Object.FindObjectOfType has been deprecated. Use Object.FindFirstObjectByType instead or if finding any instance is acceptable the faster Object.FindAnyObjectByType'
[672/851    0s] Csc Library/Bee/artifacts/1900b0aE.dag/Unity.Services.Core.Environments.dll (+2 others) [CacheHit bbe81848049543d09a8635ba411157e900000000000000000000000000000004]
[701/851   1784879467s] Csc Library/Bee/artifacts/1900b0aE.dag/Unity.Services.Core.Environments.dll (+2 others)
[673/851    0s] Csc Library/Bee/artifacts/1900b0aE.dag/Unity.Services.Core.Scheduler.dll (+2 others) [CacheHit eb04d30cf91f69eee776bd00cffce97100000000000000000000000000000004]
[703/851   1784879467s] Csc Library/Bee/artifacts/1900b0aE.dag/Unity.Services.Core.Scheduler.dll (+2 others)
[705/851    0s] CopyFiles Library/ScriptAssemblies/Unity.Services.Core.Environments.pdb
[706/851    0s] CopyFiles Library/ScriptAssemblies/Unity.Services.Core.Scheduler.pdb
[676/851    0s] Csc Library/Bee/artifacts/1900b0aE.dag/Unity.Services.Core.Environments.Internal.dll (+2 others) [CacheHit ec4fde5d6f63e9273c85d76dc05ea32a00000000000000000000000000000004]
[707/851   1784879467s] Csc Library/Bee/artifacts/1900b0aE.dag/Unity.Services.Core.Environments.Internal.dll (+2 others)
[677/851    0s] Csc Library/Bee/artifacts/1900b0aE.dag/Unity.Services.Core.Threading.dll (+2 others) [CacheHit 4abdb65ef6a1aa6855986e08d3fec8e600000000000000000000000000000004]
[709/851   1784879467s] Csc Library/Bee/artifacts/1900b0aE.dag/Unity.Services.Core.Threading.dll (+2 others)
[711/851    0s] CopyFiles Library/ScriptAssemblies/Unity.Services.Core.Environments.Internal.pdb
[679/851    0s] Csc Library/Bee/artifacts/1900b0aE.dag/Unity.Services.Core.Device.dll (+2 others) [CacheHit c929cc5e8614e6d9ec579301246f96bd00000000000000000000000000000004]
[712/851   1784879467s] Csc Library/Bee/artifacts/1900b0aE.dag/Unity.Services.Core.Device.dll (+2 others)
[714/851    0s] CopyFiles Library/ScriptAssemblies/Unity.Services.Core.Threading.pdb
[715/851    0s] CopyFiles Library/ScriptAssemblies/Unity.Services.Core.Device.pdb
[682/851    0s] Csc Library/Bee/artifacts/1900b0aE.dag/Unity.Services.Core.Networking.dll (+2 others) [CacheHit 67d2cd1c4dbf1beaa3ba9f94e491469700000000000000000000000000000004]
[716/851   1784879467s] Csc Library/Bee/artifacts/1900b0aE.dag/Unity.Services.Core.Networking.dll (+2 others)
[718/851    0s] CopyFiles Library/ScriptAssemblies/Unity.Services.Core.Networking.pdb
[684/851    0s] Csc Library/Bee/artifacts/1900b0aE.dag/Unity.Services.Core.Telemetry.dll (+2 others) [CacheHit fabf1b2eb52834778cfe470ed9e0eec000000000000000000000000000000004]
[719/851   1784879467s] Csc Library/Bee/artifacts/1900b0aE.dag/Unity.Services.Core.Telemetry.dll (+2 others)
[685/851    0s] Csc Library/Bee/artifacts/1900b0aE.dag/Unity.Services.Core.Configuration.dll (+2 others) [CacheHit 2b05307850f088e5eb592418ed3f3fe500000000000000000000000000000004]
[721/851   1784879467s] Csc Library/Bee/artifacts/1900b0aE.dag/Unity.Services.Core.Configuration.dll (+2 others)
[723/851    0s] CopyFiles Library/ScriptAssemblies/Unity.Services.Core.Telemetry.pdb
[724/851    0s] CopyFiles Library/ScriptAssemblies/Unity.Services.Core.Configuration.pdb
[725/851    0s] CopyFiles Library/ScriptAssemblies/UniRx.pdb
[726/851    0s] CopyFiles Library/ScriptAssemblies/Unity.Services.Core.Scheduler.dll
[727/851    0s] CopyFiles Library/ScriptAssemblies/Unity.Services.Core.Environments.Internal.dll
[728/851    0s] CopyFiles Library/ScriptAssemblies/CodeWriter.ExpressionParser.Tests.dll
[729/851    0s] CopyFiles Library/ScriptAssemblies/Unity.Services.Core.Environments.dll
[730/851    0s] CopyFiles Library/ScriptAssemblies/Unity.Services.Core.Device.dll
[731/851    0s] CopyFiles Library/ScriptAssemblies/Unity.Services.Core.Configuration.dll
[732/851    0s] CopyFiles Library/ScriptAssemblies/UniRx.dll
[697/851    0s] Csc Library/Bee/artifacts/1900b0aE.dag/Unity.Toolchain.Win-x86_64-Linux-x86_64.dll (+2 others) [CacheHit 3201b410f6e266fe73f9a59b725a0c1900000000000000000000000000000004]
[733/851   1784879467s] Csc Library/Bee/artifacts/1900b0aE.dag/Unity.Toolchain.Win-x86_64-Linux-x86_64.dll (+2 others)
[735/851    0s] CopyFiles Library/ScriptAssemblies/Unity.Toolchain.Win-x86_64-Linux-x86_64.pdb
[736/851    0s] CopyFiles Library/ScriptAssemblies/Unity.Services.Core.Threading.dll
[737/851    0s] CopyFiles Library/ScriptAssemblies/Unity.Services.Core.Networking.dll
[738/851    0s] CopyFiles Library/ScriptAssemblies/Unity.Services.Core.Telemetry.dll
[739/851    1s] Csc Library/Bee/artifacts/1900b0aE.dag/Zenject-TestFramework.dll (+2 others)
[740/851    1s] Csc Library/Bee/artifacts/1900b0aE.dag/Zenject-Editor.dll (+2 others)
[741/851    0s] CopyFiles Library/ScriptAssemblies/Unity.Toolchain.Win-x86_64-Linux-x86_64.dll
[742/851    1s] Csc Library/Bee/artifacts/1900b0aE.dag/CommonComponents.dll (+2 others)
[743/851    0s] CopyFiles Library/ScriptAssemblies/Zenject-TestFramework.pdb
[744/851    0s] CopyFiles Library/ScriptAssemblies/Zenject-Editor.pdb
[745/851    0s] CopyFiles Library/ScriptAssemblies/CommonComponents.pdb
[746/851    0s] MovedFromExtractor Library/Bee/artifacts/mvdfrm/Unity.Services.Core.Scheduler.ref.dll_EE2AFA3B402F70E4.mvfrm
[747/851    0s] MovedFromExtractor Library/Bee/artifacts/mvdfrm/Unity.Services.Core.Environments.ref.dll_7E0AC2CDE81D9C6D.mvfrm
[748/851    0s] MovedFromExtractor Library/Bee/artifacts/mvdfrm/Unity.Services.Core.Threading.ref.dll_F1D7894C57B2A611.mvfrm
[749/851    0s] MovedFromExtractor Library/Bee/artifacts/mvdfrm/Unity.Services.Core.Telemetry.ref.dll_FA20132DD923A4D2.mvfrm
[750/851    0s] MovedFromExtractor Library/Bee/artifacts/mvdfrm/Unity.Services.Core.Environments.Internal.ref.dll_E1932F3567E8EA54.mvfrm
[751/851    0s] MovedFromExtractor Library/Bee/artifacts/mvdfrm/Unity.Services.Core.Configuration.ref.dll_9A0B0462DB47136F.mvfrm
[752/851    0s] MovedFromExtractor Library/Bee/artifacts/mvdfrm/Unity.Services.Core.Networking.ref.dll_9223E05EC4657081.mvfrm
[753/851    0s] MovedFromExtractor Library/Bee/artifacts/mvdfrm/Unity.Services.Core.Device.ref.dll_EC89AF6B778C7413.mvfrm
[754/851    0s] MovedFromExtractor Library/Bee/artifacts/mvdfrm/Unity.Toolchain.Win-x86_64-Linux-x86_64.ref.dll_224B50E477DB13E8.mvfrm
[755/851    0s] MovedFromExtractor-Combine Library/Bee/artifacts/1900b0aE.dag/Unity.Services.Core.Components.dll.mvfrm
[756/851    0s] MovedFromExtractor-Combine Library/Bee/artifacts/1900b0aE.dag/Unity.Purchasing.dll.mvfrm
[757/851    0s] Csc Library/Bee/artifacts/1900b0aE.dag/SecurityStub.dll (+2 others)
Assets\Modules\SecurityStub\Scripts\RequestFactory.cs(39,23): warning CS0618: 'WWW' is obsolete: 'Use UnityWebRequest, a fully featured replacement which is more efficient and has additional features'

Assets\Modules\SecurityStub\Scripts\RequestFactory.cs(44,23): warning CS0618: 'WWW' is obsolete: 'Use UnityWebRequest, a fully featured replacement which is more efficient and has additional features'

Assets\Modules\SecurityStub\Scripts\RequestFactory.cs(49,23): warning CS0618: 'WWW' is obsolete: 'Use UnityWebRequest, a fully featured replacement which is more efficient and has additional features'

Assets\Modules\SecurityStub\Scripts\RequestFactory.cs(54,23): warning CS0618: 'WWW' is obsolete: 'Use UnityWebRequest, a fully featured replacement which is more efficient and has additional features'

Assets\Modules\SecurityStub\Scripts\RequestFactory.cs(41,24): warning CS0618: 'WWW' is obsolete: 'Use UnityWebRequest, a fully featured replacement which is more efficient and has additional features'

Assets\Modules\SecurityStub\Scripts\RequestFactory.cs(46,24): warning CS0618: 'WWW' is obsolete: 'Use UnityWebRequest, a fully featured replacement which is more efficient and has additional features'

Assets\Modules\SecurityStub\Scripts\RequestFactory.cs(51,24): warning CS0618: 'WWW' is obsolete: 'Use UnityWebRequest, a fully featured replacement which is more efficient and has additional features'

Assets\Modules\SecurityStub\Scripts\RequestFactory.cs(56,24): warning CS0618: 'WWW' is obsolete: 'Use UnityWebRequest, a fully featured replacement which is more efficient and has additional features'
[721/851    0s] Csc Library/Bee/artifacts/1900b0aE.dag/Unity.Services.Core.Components.dll (+2 others) [CacheHit 6c1a7dbd61f833e06c82bd68a1eccc0100000000000000000000000000000004]
[758/851   1784879468s] Csc Library/Bee/artifacts/1900b0aE.dag/Unity.Services.Core.Components.dll (+2 others)
[722/851    0s] Csc Library/Bee/artifacts/1900b0aE.dag/Unity.Purchasing.dll (+2 others) [CacheHit 95d0ad7690c6fb49fab39e982b22f9c700000000000000000000000000000004]
[760/851   1784879468s] Csc Library/Bee/artifacts/1900b0aE.dag/Unity.Purchasing.dll (+2 others)
[762/851    0s] CopyFiles Library/ScriptAssemblies/Unity.Purchasing.pdb
[763/851    0s] CopyFiles Library/ScriptAssemblies/SecurityStub.pdb
[764/851    0s] CopyFiles Library/ScriptAssemblies/Unity.Services.Core.Components.pdb
[765/851    0s] Csc Library/Bee/artifacts/1900b0aE.dag/UniRx.Examples.dll (+2 others)
[766/851    0s] MovedFromExtractor-Combine Library/Bee/artifacts/1900b0aE.dag/Unity.Services.Core.Configuration.Editor.dll.mvfrm
[767/851    0s] MovedFromExtractor-Combine Library/Bee/artifacts/1900b0aE.dag/Unity.Services.Core.Registration.dll.mvfrm
[768/851    0s] CopyFiles Library/ScriptAssemblies/UniRx.Examples.pdb
[769/851    0s] CopyFiles Library/ScriptAssemblies/Unity.Services.Core.Components.dll
[770/851    1s] CopyFiles Library/ScriptAssemblies/CommonComponents.dll
[771/851    1s] CopyFiles Library/ScriptAssemblies/Zenject-Editor.dll
[772/851    1s] CopyFiles Library/ScriptAssemblies/Zenject-TestFramework.dll
[773/851    1s] Csc Library/Bee/artifacts/1900b0aE.dag/CommonComponents.Tests.dll (+2 others)
[774/851    1s] Csc Library/Bee/artifacts/1900b0aE.dag/Zenject-PoolMonitor-Editor.dll (+2 others)
[775/851    1s] Csc Library/Bee/artifacts/1900b0aE.dag/ServicesFacade.dll (+2 others)
[776/851    1s] Csc Library/Bee/artifacts/1900b0aE.dag/Zenject-ReflectionBaking-Editor.dll (+2 others)
[777/851    0s] CopyFiles Library/ScriptAssemblies/CommonComponents.Tests.pdb
[778/851    0s] CopyFiles Library/ScriptAssemblies/Zenject-PoolMonitor-Editor.pdb
[779/851    0s] CopyFiles Library/ScriptAssemblies/Zenject-ReflectionBaking-Editor.pdb
[780/851    0s] CopyFiles Library/ScriptAssemblies/ServicesFacade.pdb
[742/851    0s] Csc Library/Bee/artifacts/1900b0aE.dag/Unity.Services.Core.Registration.dll (+2 others) [CacheHit d651a25098c3bb3d4591d55e05acc74400000000000000000000000000000004]
[781/851   1784879468s] Csc Library/Bee/artifacts/1900b0aE.dag/Unity.Services.Core.Registration.dll (+2 others)
[783/851    0s] CopyFiles Library/ScriptAssemblies/Unity.Services.Core.Registration.pdb
[784/851    0s] CopyFiles Library/ScriptAssemblies/UniRx.Examples.dll
[785/851    0s] CopyFiles Library/ScriptAssemblies/Unity.Purchasing.dll
[746/851    0s] Csc Library/Bee/artifacts/1900b0aE.dag/Unity.Services.Core.Configuration.Editor.dll (+2 others) [CacheHit 2a73df2a50ee0cb2a5d4953c0494f3df00000000000000000000000000000004]
[786/851   1784879468s] Csc Library/Bee/artifacts/1900b0aE.dag/Unity.Services.Core.Configuration.Editor.dll (+2 others)
[788/851    0s] CopyFiles Library/ScriptAssemblies/Unity.Services.Core.Configuration.Editor.pdb
[789/851    0s] CopyFiles Library/ScriptAssemblies/CommonComponents.Tests.dll
[790/851    0s] CopyFiles Library/ScriptAssemblies/ServicesFacade.dll
[791/851    0s] CopyFiles Library/ScriptAssemblies/Zenject-PoolMonitor-Editor.dll
[792/851    0s] CopyFiles Library/ScriptAssemblies/SecurityStub.dll
[793/851    0s] CopyFiles Library/ScriptAssemblies/Zenject-ReflectionBaking-Editor.dll
[794/851    0s] MovedFromExtractor Library/Bee/artifacts/mvdfrm/Unity.Services.Core.Components.ref.dll_066D80BB5B7F72E3.mvfrm
[795/851    0s] CopyFiles Library/ScriptAssemblies/Unity.Services.Core.Configuration.Editor.dll
[796/851    0s] CopyFiles Library/ScriptAssemblies/Unity.Services.Core.Registration.dll
[797/851    0s] MovedFromExtractor Library/Bee/artifacts/mvdfrm/Unity.Purchasing.ref.dll_F5BD9813F8945D6C.mvfrm
[798/851    0s] MovedFromExtractor Library/Bee/artifacts/mvdfrm/Unity.Services.Core.Registration.ref.dll_0EE1D1878B496356.mvfrm
[799/851    0s] MovedFromExtractor Library/Bee/artifacts/mvdfrm/Unity.Services.Core.Configuration.Editor.ref.dll_FF09FAD520872032.mvfrm
[800/851    0s] MovedFromExtractor-Combine Library/Bee/artifacts/1900b0aE.dag/Unity.Purchasing.AppleStub.dll.mvfrm
[801/851    0s] MovedFromExtractor-Combine Library/Bee/artifacts/1900b0aE.dag/Unity.Purchasing.AppleMacosStub.dll.mvfrm
[761/851    0s] Csc Library/Bee/artifacts/1900b0aE.dag/Unity.Purchasing.AppleStub.dll (+2 others) [CacheHit 3a406266d21da42fa8f2ce97b64be76a00000000000000000000000000000004]
[802/851   1784879469s] Csc Library/Bee/artifacts/1900b0aE.dag/Unity.Purchasing.AppleStub.dll (+2 others)
[762/851    0s] Csc Library/Bee/artifacts/1900b0aE.dag/Unity.Purchasing.AppleMacosStub.dll (+2 others) [CacheHit 993921f2e7c5e92f522ff276ed5e906900000000000000000000000000000004]
[804/851   1784879469s] Csc Library/Bee/artifacts/1900b0aE.dag/Unity.Purchasing.AppleMacosStub.dll (+2 others)
[806/851    0s] Csc Library/Bee/artifacts/1900b0aE.dag/Services.dll (+2 others)
[807/851    0s] CopyFiles Library/ScriptAssemblies/Unity.Purchasing.AppleStub.pdb
[808/851    0s] CopyFiles Library/ScriptAssemblies/Unity.Purchasing.AppleMacosStub.pdb
[809/851    0s] CopyFiles Library/ScriptAssemblies/Services.pdb
[810/851    0s] MovedFromExtractor-Combine Library/Bee/artifacts/1900b0aE.dag/Unity.Services.Core.Editor.dll.mvfrm
[768/851    0s] Csc Library/Bee/artifacts/1900b0aE.dag/Unity.Services.Core.Editor.dll (+2 others) [CacheHit f38183f33d64dde07d86057c43b1bdfb00000000000000000000000000000004]
[811/851   1784879469s] Csc Library/Bee/artifacts/1900b0aE.dag/Unity.Services.Core.Editor.dll (+2 others)
[813/851    0s] CopyFiles Library/ScriptAssemblies/Unity.Services.Core.Editor.pdb
[814/851    0s] MovedFromExtractor Library/Bee/artifacts/mvdfrm/Unity.Purchasing.AppleStub.ref.dll_A672530F00A4EA26.mvfrm
[815/851    0s] MovedFromExtractor Library/Bee/artifacts/mvdfrm/Unity.Purchasing.AppleMacosStub.ref.dll_44392DAFE4C867AF.mvfrm
[816/851    0s] CopyFiles Library/ScriptAssemblies/Unity.Services.Core.Editor.dll
[817/851    0s] CopyFiles Library/ScriptAssemblies/Services.dll
[818/851    0s] CopyFiles Library/ScriptAssemblies/Unity.Purchasing.AppleMacosStub.dll
[819/851    0s] CopyFiles Library/ScriptAssemblies/Unity.Purchasing.AppleStub.dll
[820/851    0s] MovedFromExtractor-Combine Library/Bee/artifacts/1900b0aE.dag/Unity.Purchasing.Stores.dll.mvfrm
[821/851    0s] MovedFromExtractor Library/Bee/artifacts/mvdfrm/Unity.Services.Core.Editor.ref.dll_CCD0CF61C5D7A10A.mvfrm
[822/851    2s] Csc Library/Bee/artifacts/1900b0aE.dag/Database.dll (+2 others)
Assets\Modules\Database\Scripts\Types\ColorData.cs(43,30): warning CS0168: The variable 'e' is declared but never used
[778/851    0s] Csc Library/Bee/artifacts/1900b0aE.dag/Unity.Purchasing.Stores.dll (+2 others) [CacheHit aafea6459627774b624a0cacda4c116b00000000000000000000000000000004]
[823/851   1784879470s] Csc Library/Bee/artifacts/1900b0aE.dag/Unity.Purchasing.Stores.dll (+2 others)
[825/851    0s] CopyFiles Library/ScriptAssemblies/Unity.Purchasing.Stores.pdb
[826/851    0s] CopyFiles Library/ScriptAssemblies/Database.pdb
[827/851    0s] MovedFromExtractor-Combine Library/Bee/artifacts/1900b0aE.dag/UnityEngine.Advertisements.DevX.Editor.dll.mvfrm
[828/851    0s] MovedFromExtractor-Combine Library/Bee/artifacts/1900b0aE.dag/Unity.Services.Core.Environments.Editor.dll.mvfrm
[829/851    0s] CopyFiles Library/ScriptAssemblies/Database.dll
[830/851    0s] CopyFiles Library/ScriptAssemblies/Unity.Purchasing.Stores.dll
[831/851    0s] MovedFromExtractor Library/Bee/artifacts/mvdfrm/Unity.Purchasing.Stores.ref.dll_94D63FEA2CC7B40A.mvfrm
[787/851    0s] Csc Library/Bee/artifacts/1900b0aE.dag/Unity.Services.Core.Environments.Editor.dll (+2 others) [CacheHit e5d65edb7ec2d526047eb5e57395364e00000000000000000000000000000004]
[832/851   1784879470s] Csc Library/Bee/artifacts/1900b0aE.dag/Unity.Services.Core.Environments.Editor.dll (+2 others)
[788/851    0s] Csc Library/Bee/artifacts/1900b0aE.dag/UnityEngine.Advertisements.DevX.Editor.dll (+2 others) [CacheHit c4eac7e7db6452e6145512c6e0cfc15d00000000000000000000000000000004]
[834/851   1784879470s] Csc Library/Bee/artifacts/1900b0aE.dag/UnityEngine.Advertisements.DevX.Editor.dll (+2 others)
[836/851    0s] CopyFiles Library/ScriptAssemblies/Unity.Services.Core.Environments.Editor.pdb
[837/851    0s] CopyFiles Library/ScriptAssemblies/UnityEngine.Advertisements.DevX.Editor.pdb
[838/851    0s] CopyFiles Library/ScriptAssemblies/Unity.Services.Core.Environments.Editor.dll
[839/851    0s] CopyFiles Library/ScriptAssemblies/UnityEngine.Advertisements.DevX.Editor.dll
[840/851    0s] Csc Library/Bee/artifacts/1900b0aE.dag/Database.Tests.dll (+2 others)
[841/851    0s] Csc Library/Bee/artifacts/1900b0aE.dag/Localization.dll (+2 others)
Assets\ModulesShared\Localization\Scripts\Localization\SystemFontLocator.cs(12,38): warning CS0414: The field 'SystemFontLocator._fontSize' is assigned but its value is never used
[842/851    0s] CopyFiles Library/ScriptAssemblies/Database.Tests.pdb
[843/851    0s] Csc Library/Bee/artifacts/1900b0aE.dag/ResourceLocator.dll (+2 others)
[844/851    0s] CopyFiles Library/ScriptAssemblies/Database.Tests.dll
[845/851    0s] CopyFiles Library/ScriptAssemblies/Localization.pdb
[846/851    0s] CopyFiles Library/ScriptAssemblies/ResourceLocator.pdb
[847/851    0s] MovedFromExtractor-Combine Library/Bee/artifacts/1900b0aE.dag/Unity.Purchasing.Codeless.dll.mvfrm
[848/851    0s] CopyFiles Library/ScriptAssemblies/Localization.dll
[849/851    0s] CopyFiles Library/ScriptAssemblies/ResourceLocator.dll
[803/851    0s] Csc Library/Bee/artifacts/1900b0aE.dag/Unity.Purchasing.Codeless.dll (+2 others) [CacheHit 9774ca08271d44843a2a423af242525300000000000000000000000000000004]
[850/851   1784879470s] Csc Library/Bee/artifacts/1900b0aE.dag/Unity.Purchasing.Codeless.dll (+2 others)
[852/851    0s] CopyFiles Library/ScriptAssemblies/Unity.Purchasing.Codeless.pdb
[853/851    0s] MovedFromExtractor Library/Bee/artifacts/mvdfrm/Unity.Purchasing.Codeless.ref.dll_5DB2A2D5E8A2EDEE.mvfrm
[854/851    0s] CopyFiles Library/ScriptAssemblies/Unity.Purchasing.Codeless.dll
[855/851    0s] Csc Library/Bee/artifacts/1900b0aE.dag/GameServices.dll (+2 others)
Assets\Modules\GameServices\Scripts\Input\Configuration.cs(45,30): warning CS0168: The variable 'e' is declared but never used
[856/851    0s] CopyFiles Library/ScriptAssemblies/GameServices.pdb
[857/851    0s] CopyFiles Library/ScriptAssemblies/GameServices.dll
[858/851    0s] Csc Library/Bee/artifacts/1900b0aE.dag/Quests.dll (+2 others)
[859/851    0s] MovedFromExtractor-Combine Library/Bee/artifacts/1900b0aE.dag/UnityEditor.Purchasing.dll.mvfrm
[860/851    0s] Csc Library/Bee/artifacts/1900b0aE.dag/ShipConstructor.dll (+2 others)
Assets\Modules\ShipConstructor\Scripts\ShipLayoutObsolete.cs(16,14): warning CS0612: 'IShipLayout.Size' is obsolete

Assets\Modules\ShipConstructor\Scripts\ShipLayoutObsolete.cs(54,24): warning CS0612: 'IShipLayout.Size' is obsolete

Assets\Modules\ShipConstructor\Scripts\IntegratedComponent.cs(43,53): warning CS0612: 'ComponentInfo.SerializeToInt64()' is obsolete

Assets\Modules\ShipConstructor\Scripts\IntegratedComponent.cs(58,29): warning CS0612: 'ComponentInfo.FromInt64(IDatabase, long)' is obsolete

Assets\Modules\ShipConstructor\Scripts\IntegratedComponent.cs(72,53): warning CS0612: 'ComponentInfo.SerializeToInt32Obsolete()' is obsolete

Assets\Modules\ShipConstructor\Scripts\IntegratedComponent.cs(87,29): warning CS0612: 'ComponentInfo.FromInt32Obsolete(IDatabase, int)' is obsolete

Assets\Modules\ShipConstructor\Scripts\IntegratedComponent.cs(101,26): warning CS0612: 'ComponentInfo.SerializeToInt32Obsolete()' is obsolete

Assets\Modules\ShipConstructor\Scripts\IntegratedComponent.cs(127,29): warning CS0612: 'ComponentInfo.FromInt32Obsolete(IDatabase, int)' is obsolete
[861/851    0s] CopyFiles Library/ScriptAssemblies/Quests.pdb
[862/851    0s] CopyFiles Library/ScriptAssemblies/ShipConstructor.pdb
[863/851    0s] CopyFiles Library/ScriptAssemblies/Quests.dll
[816/851    0s] Csc Library/Bee/artifacts/1900b0aE.dag/UnityEditor.Purchasing.dll (+2 others) [CacheHit 6f7386128d2e845a2bd9ddb545a418bc00000000000000000000000000000004]
[864/851   1784879471s] Csc Library/Bee/artifacts/1900b0aE.dag/UnityEditor.Purchasing.dll (+2 others)
[866/851    0s] CopyFiles Library/ScriptAssemblies/UnityEditor.Purchasing.pdb
[867/851    0s] CopyFiles Library/ScriptAssemblies/ShipConstructor.dll
[868/851    0s] CopyFiles Library/ScriptAssemblies/UnityEditor.Purchasing.dll
[869/851    0s] MovedFromExtractor Library/Bee/artifacts/mvdfrm/UnityEditor.Purchasing.ref.dll_8A54E68F887CD9BF.mvfrm
[870/851    0s] MovedFromExtractor-Combine Library/Bee/artifacts/1900b0aE.dag/Assembly-CSharp.dll.mvfrm
[871/851    0s] MovedFromExtractor-Combine Library/Bee/artifacts/1900b0aE.dag/Assembly-CSharp-Editor.dll.mvfrm
[872/851    0s] Csc Library/Bee/artifacts/1900b0aE.dag/Gui.dll (+2 others)
Assets\ModulesShared\Gui\Scripts\Theme\Wrappers\ThemedImage.cs(14,38): warning CS0414: The field 'ThemedImage._themeManaged' is assigned but its value is never used

Assets\ModulesShared\Gui\Scripts\Theme\Wrappers\ThemedText.cs(16,38): warning CS0414: The field 'ThemedText._themeManaged' is assigned but its value is never used
[873/851    0s] CopyFiles Library/ScriptAssemblies/Gui.pdb
[874/851    0s] CopyFiles Library/ScriptAssemblies/Gui.dll
[875/851    1s] Csc Library/Bee/artifacts/1900b0aE.dag/GameSession.dll (+2 others)
Assets\Modules\GameSession\Scripts\Obsolete\Content\StatisticsData.cs(102,8): warning CS0219: The variable 'index' is assigned but its value is never used
[876/851    0s] CopyFiles Library/ScriptAssemblies/GameSession.pdb
[877/851    0s] CopyFiles Library/ScriptAssemblies/GameSession.dll
[878/851    0s] Csc Library/Bee/artifacts/1900b0aE.dag/GuiThemeEditor.dll (+2 others)
[879/851    0s] Csc Library/Bee/artifacts/1900b0aE.dag/ListScrollRectEditor.dll (+2 others)
[880/851    0s] CopyFiles Library/ScriptAssemblies/GuiThemeEditor.pdb
[881/851    0s] CopyFiles Library/ScriptAssemblies/ListScrollRectEditor.pdb
[882/851    0s] CopyFiles Library/ScriptAssemblies/ListScrollRectEditor.dll
[883/851    0s] CopyFiles Library/ScriptAssemblies/GuiThemeEditor.dll
[884/851    0s] Csc Library/Bee/artifacts/1900b0aE.dag/GameSession.Tests.dll (+2 others)
[885/851    0s] CopyFiles Library/ScriptAssemblies/GameSession.Tests.pdb
[886/851    1s] Csc Library/Bee/artifacts/1900b0aE.dag/ShipEditor.dll (+2 others)
Assets\ModulesShared\ShipEditor\Scripts\Model\ShipLayoutModel.cs(34,36): warning CS0612: 'IShipLayout.Size' is obsolete

Assets\ModulesShared\ShipEditor\Scripts\UI\BuildsPanel.cs(368,33): warning CS0612: 'ComponentInfo.SerializeToInt64()' is obsolete

Assets\ModulesShared\ShipEditor\Scripts\UI\BuildsPanel.cs(381,28): warning CS0612: 'ComponentInfo.FromInt64(IDatabase, long)' is obsolete

Assets\ModulesShared\ShipEditor\Scripts\UI\ComponentPanel.cs(287,51): warning CS0618: 'Object.FindObjectOfType<T>()' is obsolete: 'Object.FindObjectOfType has been deprecated. Use Object.FindFirstObjectByType instead or if finding any instance is acceptable the faster Object.FindAnyObjectByType'

Assets\ModulesShared\ShipEditor\Scripts\UI\ShipEditorWindow.cs(412,59): warning CS0612: 'IShipLayout.Size' is obsolete

Assets\ModulesShared\ShipEditor\Scripts\UI\ComponentPanel.cs(455,51): warning CS0618: 'Object.FindObjectOfType<T>()' is obsolete: 'Object.FindObjectOfType has been deprecated. Use Object.FindFirstObjectByType instead or if finding any instance is acceptable the faster Object.FindAnyObjectByType'
[887/851    0s] CopyFiles Library/ScriptAssemblies/GameSession.Tests.dll
[888/851    0s] CopyFiles Library/ScriptAssemblies/ShipEditor.pdb
[889/851    0s] CopyFiles Library/ScriptAssemblies/ShipEditor.dll
[890/851    2s] Csc Library/Bee/artifacts/1900b0aE.dag/BattleSimulator.dll (+2 others)
Assets\Modules\BattleSimulator\Scripts\Combat\Factory\Bullets\AmmunitionClassExtensions.cs(53,23): warning CS0612: 'BulletEffectType' is obsolete

Assets\Modules\BattleSimulator\Scripts\Combat\Factory\Bullets\BulletStats.cs(85,16): warning CS0612: 'BulletEffectType' is obsolete

Assets\Modules\BattleSimulator\Scripts\Combat\Factory\Bullets\BulletStats.cs(202,16): warning CS0612: 'BulletEffectType' is obsolete

Assets\Modules\BattleSimulator\Scripts\Combat\Component\Systems\Devices\RetributionDevice.cs(61,22): warning CS0114: 'RetributionDevice.Cooldown' hides inherited member 'SystemBase.Cooldown'. To make the current member override that implementation, add the override keyword. Otherwise add the new keyword.

Assets\Modules\BattleSimulator\Scripts\Combat\Component\Systems\Devices\SophonJammerDevice.cs(92,22): warning CS0114: 'SophonJammerDevice.Cooldown' hides inherited member 'SystemBase.Cooldown'. To make the current member override that implementation, add the override keyword. Otherwise add the new keyword.

Assets\Modules\BattleSimulator\Scripts\Combat\Factory\Bullets\BulletFactoryObsolete.cs(49,50): warning CS0612: 'PrefabCache.LoadBulletPrefabObsolete(PrefabId, string, IGameServicesProvider)' is obsolete

Assets\Modules\BattleSimulator\Scripts\Combat\Component\Collider\CircleCollider.cs(45,25): warning CS0618: 'Physics2D.OverlapCircleNonAlloc(Vector2, float, Collider2D[], int)' is obsolete: 'Physics2D.OverlapCircleNonAlloc is deprecated. Use Physics2D.OverlapCircle instead.'

Assets\Modules\BattleSimulator\Scripts\Combat\Component\Body\RigidBodyAdapter.cs(21,17): warning CS0618: 'Rigidbody2D.isKinematic' is obsolete: 'Please use Rigidbody2D.bodyType instead.'

Assets\Modules\BattleSimulator\Scripts\Combat\Component\Body\RigidBodyAdapter.cs(26,17): warning CS0618: 'Rigidbody2D.isKinematic' is obsolete: 'Please use Rigidbody2D.bodyType instead.'

Assets\Modules\BattleSimulator\Scripts\Combat\AI\Actions\AttackAction.cs(54,25): warning CS0612: 'WeaponInfo.BulletEffectType' is obsolete

Assets\Modules\BattleSimulator\Scripts\Combat\AI\Actions\AttackAction.cs(54,84): warning CS0612: 'WeaponInfo.BulletEffectType' is obsolete

Assets\Modules\BattleSimulator\Scripts\Combat\AI\Actions\AttackAction.cs(54,151): warning CS0612: 'WeaponInfo.BulletEffectType' is obsolete

Assets\Modules\BattleSimulator\Scripts\Combat\AI\Actions\AttackAction.cs(99,21): warning CS0612: 'WeaponInfo.BulletEffectType' is obsolete

Assets\Modules\BattleSimulator\Scripts\Combat\Factory\Bullets\BulletStats.cs(210,11): warning CS0612: 'BulletEffectType' is obsolete

Assets\Modules\BattleSimulator\Scripts\Combat\Factory\Bullets\BulletStats.cs(211,11): warning CS0612: 'BulletEffectType' is obsolete

Assets\Modules\BattleSimulator\Scripts\Combat\Factory\Bullets\BulletStats.cs(213,11): warning CS0612: 'BulletEffectType' is obsolete

Assets\Modules\BattleSimulator\Scripts\Combat\Factory\Bullets\BulletStats.cs(215,11): warning CS0612: 'BulletEffectType' is obsolete

Assets\Modules\BattleSimulator\Scripts\Combat\Factory\Bullets\BulletStats.cs(93,32): warning CS0612: 'BulletEffectType' is obsolete

Assets\Modules\BattleSimulator\Scripts\Combat\Factory\Bullets\BulletStats.cs(95,32): warning CS0612: 'BulletEffectType' is obsolete

Assets\Modules\BattleSimulator\Scripts\Combat\Factory\Bullets\BulletStats.cs(97,32): warning CS0612: 'BulletEffectType' is obsolete

Assets\Modules\BattleSimulator\Scripts\Combat\AI\Strategy\Factories\AttackRules.cs(29,12): warning CS0612: 'WeaponInfo.BulletEffectType' is obsolete

Assets\Modules\BattleSimulator\Scripts\Combat\AI\Strategy\Factories\AttackRules.cs(29,44): warning CS0612: 'BulletEffectType' is obsolete

Assets\Modules\BattleSimulator\Scripts\Combat\AI\Strategy\Factories\AttackRules.cs(32,21): warning CS0612: 'WeaponInfo.BulletEffectType' is obsolete

Assets\Modules\BattleSimulator\Scripts\Combat\AI\Strategy\Factories\AttackRules.cs(32,53): warning CS0612: 'BulletEffectType' is obsolete

Assets\Modules\BattleSimulator\Scripts\Combat\AI\Strategy\Factories\AttackRules.cs(32,81): warning CS0612: 'WeaponInfo.BulletEffectType' is obsolete

Assets\Modules\BattleSimulator\Scripts\Combat\AI\Strategy\Factories\AttackRules.cs(32,113): warning CS0612: 'BulletEffectType' is obsolete

Assets\Modules\BattleSimulator\Scripts\Combat\AI\Strategy\Factories\AttackRules.cs(72,21): warning CS0612: 'WeaponInfo.BulletEffectType' is obsolete

Assets\Modules\BattleSimulator\Scripts\Combat\AI\Strategy\Factories\AttackRules.cs(72,53): warning CS0612: 'BulletEffectType' is obsolete

Assets\Modules\BattleSimulator\Scripts\Combat\AI\Strategy\Factories\AttackRules.cs(97,21): warning CS0612: 'WeaponInfo.BulletEffectType' is obsolete

Assets\Modules\BattleSimulator\Scripts\Combat\AI\Strategy\Factories\AttackRules.cs(97,53): warning CS0612: 'BulletEffectType' is obsolete

Assets\Modules\BattleSimulator\Scripts\Combat\AI\Strategy\Factories\AttackRules.cs(97,81): warning CS0612: 'WeaponInfo.BulletEffectType' is obsolete

Assets\Modules\BattleSimulator\Scripts\Combat\AI\Strategy\Factories\AttackRules.cs(97,113): warning CS0612: 'BulletEffectType' is obsolete

Assets\Modules\BattleSimulator\Scripts\Combat\AI\Starbase.cs(57,21): warning CS0612: 'WeaponInfo.BulletEffectType' is obsolete

Assets\Modules\BattleSimulator\Scripts\Combat\AI\Starbase.cs(57,53): warning CS0612: 'BulletEffectType' is obsolete

Assets\Modules\BattleSimulator\Scripts\Combat\AI\Starbase.cs(57,81): warning CS0612: 'WeaponInfo.BulletEffectType' is obsolete

Assets\Modules\BattleSimulator\Scripts\Combat\AI\Starbase.cs(57,113): warning CS0612: 'BulletEffectType' is obsolete

Assets\Modules\BattleSimulator\Scripts\Combat\Factory\Bullets\BulletFactoryObsolete.cs(230,111): warning CS0612: 'IWeaponPlatform.Type' is obsolete

Assets\Modules\BattleSimulator\Scripts\Combat\AI\Keyboard.cs(41,30): warning CS0168: The variable 'e' is declared but never used

Assets\Modules\BattleSimulator\Scripts\Combat\AI\Helpers.cs(21,21): warning CS0612: 'WeaponInfo.BulletEffectType' is obsolete

Assets\Modules\BattleSimulator\Scripts\Combat\AI\Helpers.cs(21,53): warning CS0612: 'BulletEffectType' is obsolete

Assets\Modules\BattleSimulator\Scripts\Combat\AI\Helpers.cs(35,21): warning CS0612: 'WeaponInfo.BulletEffectType' is obsolete

Assets\Modules\BattleSimulator\Scripts\Combat\AI\Helpers.cs(35,53): warning CS0612: 'BulletEffectType' is obsolete

Assets\Modules\BattleSimulator\Scripts\Combat\AI\Helpers.cs(50,21): warning CS0612: 'WeaponInfo.BulletEffectType' is obsolete

Assets\Modules\BattleSimulator\Scripts\Combat\AI\Helpers.cs(50,53): warning CS0612: 'BulletEffectType' is obsolete

Assets\Modules\BattleSimulator\Scripts\Combat\AI\Drone.cs(39,17): warning CS0612: 'ThreatList.Update(float, IShip, IThreatAnalyzer)' is obsolete

Assets\Modules\BattleSimulator\Scripts\Combat\AI\Computer.cs(55,4): warning CS0612: 'ThreatList.Update(float, IShip, IThreatAnalyzer)' is obsolete

Assets\Modules\BattleSimulator\Scripts\Combat\AI\BehaviorTree\Utils\ShipSystemExtensions.cs(98,8): warning CS0219: The variable 'systems' is assigned but its value is never used

Assets\Modules\BattleSimulator\Scripts\Combat\Factory\ShipFactory.cs(59,21): warning CS0414: The field 'ShipFactory._droneBayUniqueId' is assigned but its value is never used
[891/851    0s] CopyFiles Library/ScriptAssemblies/BattleSimulator.pdb
[892/851    0s] CopyFiles Library/ScriptAssemblies/BattleSimulator.dll
[893/851    1s] Csc Library/Bee/artifacts/1900b0aE.dag/Assembly-CSharp.dll (+2 others)
Assets\Scripts\Combat\Domain\CombatModelBuilder.cs(95,32): warning CS0618: 'Factory<CombatModelBuilder>' is obsolete: 'Zenject.Factory has been renamed to PlaceholderFactory.  Zenject.Factory will be removed in future versions'

Assets\Scripts\GameStateMachine\States\AnnouncementState.cs(47,32): warning CS0618: 'Factory<AnnouncementState>' is obsolete: 'Zenject.Factory has been renamed to PlaceholderFactory.  Zenject.Factory will be removed in future versions'

Assets\Scripts\GameStateMachine\States\CombatRewardState.cs(41,32): warning CS0618: 'Factory<IReward, CombatRewardState>' is obsolete: 'Zenject.Factory has been renamed to PlaceholderFactory.  Zenject.Factory will be removed in future versions'

Assets\Scripts\GameStateMachine\States\CombatState.cs(128,32): warning CS0618: 'Factory<ICombatModel, Action<ICombatModel>, CombatState>' is obsolete: 'Zenject.Factory has been renamed to PlaceholderFactory.  Zenject.Factory will be removed in future versions'

Assets\Scripts\GameStateMachine\States\DailyRewardState.cs(57,32): warning CS0618: 'Factory<DailyRewardState>' is obsolete: 'Zenject.Factory has been renamed to PlaceholderFactory.  Zenject.Factory will be removed in future versions'

Assets\Scripts\GameStateMachine\States\DialogState.cs(59,32): warning CS0618: 'Factory<string, WindowArgs, Action<WindowExitCode>, DialogState>' is obsolete: 'Zenject.Factory has been renamed to PlaceholderFactory.  Zenject.Factory will be removed in future versions'

Assets\Scripts\GameStateMachine\States\EditorInitializationState.cs(49,32): warning CS0618: 'Factory<EditorInitializationState>' is obsolete: 'Zenject.Factory has been renamed to PlaceholderFactory.  Zenject.Factory will be removed in future versions'

Assets\Scripts\GameStateMachine\States\EhopediaState.cs(31,32): warning CS0618: 'Factory<EhopediaState>' is obsolete: 'Zenject.Factory has been renamed to PlaceholderFactory.  Zenject.Factory will be removed in future versions'

Assets\Scripts\GameStateMachine\States\ExplorationState.cs(85,32): warning CS0618: 'Factory<Planet, ExplorationState>' is obsolete: 'Zenject.Factory has been renamed to PlaceholderFactory.  Zenject.Factory will be removed in future versions'

Assets\Scripts\GameStateMachine\States\InitializationState.cs(194,32): warning CS0618: 'Factory<InitializationState>' is obsolete: 'Zenject.Factory has been renamed to PlaceholderFactory.  Zenject.Factory will be removed in future versions'

Assets\Scripts\GameStateMachine\States\MainMenuState.cs(152,26): warning CS0618: 'Factory<MainMenuState>' is obsolete: 'Zenject.Factory has been renamed to PlaceholderFactory.  Zenject.Factory will be removed in future versions'

Assets\Scripts\GameStateMachine\States\ModalDialogState.cs(53,32): warning CS0618: 'Factory<string, IEnumerable<GameScene>, ModalDialogState>' is obsolete: 'Zenject.Factory has been renamed to PlaceholderFactory.  Zenject.Factory will be removed in future versions'

Assets\Scripts\GameStateMachine\States\RetreatState.cs(81,32): warning CS0618: 'Factory<RetreatState>' is obsolete: 'Zenject.Factory has been renamed to PlaceholderFactory.  Zenject.Factory will be removed in future versions'

Assets\Scripts\GameStateMachine\States\QuickCombatState.cs(218,32): warning CS0618: 'Factory<QuickCombatState.Settings, QuickCombatState>' is obsolete: 'Zenject.Factory has been renamed to PlaceholderFactory.  Zenject.Factory will be removed in future versions'

Assets\Scripts\GameStateMachine\States\SkillTreeState.cs(31,32): warning CS0618: 'Factory<SkillTreeState>' is obsolete: 'Zenject.Factory has been renamed to PlaceholderFactory.  Zenject.Factory will be removed in future versions'

Assets\Scripts\GameStateMachine\States\QuestState.cs(63,26): warning CS0618: 'Factory<IUserInteraction, QuestState>' is obsolete: 'Zenject.Factory has been renamed to PlaceholderFactory.  Zenject.Factory will be removed in future versions'

Assets\Scripts\GameStateMachine\States\StartingNewGameState.cs(91,32): warning CS0618: 'Factory<StartingNewGameState>' is obsolete: 'Zenject.Factory has been renamed to PlaceholderFactory.  Zenject.Factory will be removed in future versions'

Assets\Scripts\GameStateMachine\States\TestingState.cs(31,32): warning CS0618: 'Factory<TestingState>' is obsolete: 'Zenject.Factory has been renamed to PlaceholderFactory.  Zenject.Factory will be removed in future versions'

Assets\Scripts\GameStateMachine\States\TravelState.cs(89,32): warning CS0618: 'Factory<int, TravelState>' is obsolete: 'Zenject.Factory has been renamed to PlaceholderFactory.  Zenject.Factory will be removed in future versions'

Assets\Scripts\GameStateMachine\States\StarMapState.cs(360,32): warning CS0618: 'Factory<StarMapState>' is obsolete: 'Zenject.Factory has been renamed to PlaceholderFactory.  Zenject.Factory will be removed in future versions'

Assets\Scripts\Legacy\GUI\Console.cs(24,17): warning CS0618: 'Object.FindObjectsOfType<T>()' is obsolete: 'Object.FindObjectsOfType has been deprecated. Use Object.FindObjectsByType instead which lets you decide whether you need the results sorted or not.  FindObjectsOfType sorts the results by InstanceID but if you do not need this using FindObjectSortMode.None is considerably faster.'

Assets\Scripts\Legacy\GUI\Layout\RandomLayoutGroup.cs(29,4): warning CS0618: 'Random.seed' is obsolete: 'Deprecated. Use InitState() function or Random.state property instead.'

Assets\Scripts\Legacy\GUI\Layout\RandomLayoutGroup.cs(42,4): warning CS0618: 'Random.seed' is obsolete: 'Deprecated. Use InitState() function or Random.state property instead.'

Assets\Scripts\Domain\Economy\ItemType\ComponentItem.cs(21,47): warning CS0612: 'ComponentInfo.SerializeToInt64()' is obsolete

Assets\Scripts\Legacy\Map\Star.cs(409,3): warning CS0618: 'Random.seed' is obsolete: 'Deprecated. Use InitState() function or Random.state property instead.'

Assets\Scripts\Legacy\Debug\Cheats.cs(297,26): warning CS0168: The variable 'e' is declared but never used

Assets\Scripts\Legacy\GUI\ViewModel\StarMap\TechTreePanelViewModel.cs(546,6): warning CS0618: 'Random.seed' is obsolete: 'Deprecated. Use InitState() function or Random.state property instead.'

Assets\Scripts\GameServices\OfflineMultiplayer\ArenaTimeManager.cs(59,17): warning CS0162: Unreachable code detected

Assets\Scripts\GameServices\OfflineMultiplayer\PlayerInfo.cs(108,30): warning CS0168: The variable 'e' is declared but never used

Assets\Scripts\GameServices\OfflineMultiplayer\PlayerInfo.cs(147,30): warning CS0168: The variable 'e' is declared but never used

Assets\Scripts\GameServices\OfflineMultiplayer\PlayerInfo.cs(163,30): warning CS0168: The variable 'e' is declared but never used

Assets\Scripts\GameServices\OfflineMultiplayer\EnemyPlayerInfo.cs(61,30): warning CS0168: The variable 'e' is declared but never used

Assets\Scripts\GameServices\OfflineMultiplayer\PlayerInfo.cs(192,30): warning CS0168: The variable 'e' is declared but never used

Assets\Scripts\Legacy\Debug\Cheats.cs(353,41): warning CS0612: 'ComponentInfo.FromInt64(IDatabase, long)' is obsolete

Assets\Scripts\Gui\Combat\RadarPanel.cs(61,17): warning CS0219: The variable 'simpleRadarIndex' is assigned but its value is never used

Assets\Scripts\GameStateMachine\States\ShipEditorState.cs(159,40): warning CS0612: 'ComponentInfo.FromInt64(IDatabase, long)' is obsolete

Assets\Scripts\Gui\ShipService\ShipLayoutPanel.cs(75,85): warning CS0612: 'IShipLayout.Size' is obsolete

Assets\Scripts\Gui\ShipService\ShipLayoutPanel.cs(76,86): warning CS0612: 'IShipLayout.Size' is obsolete

Assets\Scripts\Gui\ShipService\ShipLayoutPanel.cs(92,28): warning CS0612: 'IShipLayout.Size' is obsolete

Assets\Scripts\Gui\ShipService\ShipLayoutPanel.cs(146,62): warning CS0612: 'IShipLayout.Size' is obsolete

Assets\Scripts\Gui\ShipService\ShipLayoutPanel.cs(146,91): warning CS0612: 'IShipLayout.Size' is obsolete

Assets\Scripts\Gui\MainMenu\SettingsProgress.cs(176,37): warning CS0618: 'Object.FindObjectsOfType<T>(bool)' is obsolete: 'Object.FindObjectsOfType has been deprecated. Use Object.FindObjectsByType instead which lets you decide whether you need the results sorted or not.  FindObjectsOfType sorts the results by InstanceID but if you do not need this using FindObjectSortMode.None is considerably faster.'

Assets\Scripts\Gui\MainMenu\SettingsProgress.cs(178,38): warning CS0618: 'Object.FindObjectsOfType<T>(bool)' is obsolete: 'Object.FindObjectsOfType has been deprecated. Use Object.FindObjectsByType instead which lets you decide whether you need the results sorted or not.  FindObjectsOfType sorts the results by InstanceID but if you do not need this using FindObjectSortMode.None is considerably faster.'

Assets\Scripts\Legacy\GUI\ViewModel\CargoHold\ScrapPanelViewModel.cs(133,84): warning CS0612: 'ComponentInfo.SerializeToInt64()' is obsolete

Assets\Scripts\Legacy\Debug\Cheats.cs(417,57): warning CS0612: 'ComponentInfo.SerializeToInt64()' is obsolete

Assets\Scripts\Legacy\GUI\ViewModel\MainMenu\DevConsoleViewModel.cs(76,5): warning CS0162: Unreachable code detected

Assets\Scripts\Gui\MainMenu\SettingsProgress.cs(259,60): warning CS0618: 'Object.FindObjectOfType<T>()' is obsolete: 'Object.FindObjectOfType has been deprecated. Use Object.FindFirstObjectByType instead or if finding any instance is acceptable the faster Object.FindAnyObjectByType'

Assets\Scripts\Gui\MainMenu\MainMenu.cs(427,60): warning CS0618: 'Object.FindObjectOfType<T>()' is obsolete: 'Object.FindObjectOfType has been deprecated. Use Object.FindFirstObjectByType instead or if finding any instance is acceptable the faster Object.FindAnyObjectByType'

Assets\Scripts\Gui\MainMenu\MainMenu.cs(609,60): warning CS0618: 'Object.FindObjectOfType<T>()' is obsolete: 'Object.FindObjectOfType has been deprecated. Use Object.FindFirstObjectByType instead or if finding any instance is acceptable the faster Object.FindAnyObjectByType'

Assets\Scripts\Gui\MainMenu\MainMenu.cs(654,60): warning CS0618: 'Object.FindObjectOfType<T>()' is obsolete: 'Object.FindObjectOfType has been deprecated. Use Object.FindFirstObjectByType instead or if finding any instance is acceptable the faster Object.FindAnyObjectByType'

Assets\Scripts\Legacy\GUI\LoadingScreen.cs(133,18): warning CS0414: The field 'LoadingScreen._firstTime' is assigned but its value is never used

Assets\Scripts\Legacy\GUI\LoadingScreen.cs(28,15): warning CS0414: The field 'LoadingScreen._coroutineRunning' is assigned but its value is never used

Assets\Scripts\Legacy\GUI\ViewModel\StarMap\MilitaryPanelViewModel.cs(41,15): warning CS0414: The field 'MilitaryPanelViewModel._money' is assigned but its value is never used

Assets\Scripts\Legacy\GUI\LoadingScreen.cs(20,33): warning CS0414: The field 'LoadingScreen._delay' is assigned but its value is never used
[894/851    0s] CopyFiles Library/ScriptAssemblies/Assembly-CSharp.pdb
[895/851    0s] CopyFiles Library/ScriptAssemblies/Assembly-CSharp.dll
[896/851    0s] Csc Library/Bee/artifacts/1900b0aE.dag/Assembly-CSharp-Editor.dll (+2 others)
Assets\Editor\TexturePostProcessor.cs(44,13): warning CS0618: 'TextureImporter.spritePackingTag' is obsolete: 'Support for packing sprites through spritePackingTag has been removed. Please use SpriteAtlas instead.'

Assets\Editor\ApplicationManager.cs(222,36): warning CS0618: 'PlayerSettings.GetScriptingDefineSymbolsForGroup(BuildTargetGroup)' is obsolete: 'Use GetScriptingDefineSymbols(NamedBuildTarget buildTarget) instead'

Assets\Editor\ApplicationManager.cs(232,13): warning CS0618: 'PlayerSettings.SetScriptingDefineSymbolsForGroup(BuildTargetGroup, string)' is obsolete: 'Use SetScriptingDefineSymbols(NamedBuildTarget buildTarget, string defines) instead'

Assets\Editor\ApplicationManager.cs(240,36): warning CS0618: 'PlayerSettings.GetScriptingDefineSymbolsForGroup(BuildTargetGroup)' is obsolete: 'Use GetScriptingDefineSymbols(NamedBuildTarget buildTarget) instead'

Assets\Editor\ApplicationManager.cs(252,13): warning CS0618: 'PlayerSettings.SetScriptingDefineSymbolsForGroup(BuildTargetGroup, string)' is obsolete: 'Use SetScriptingDefineSymbols(NamedBuildTarget buildTarget, string defines) instead'

Assets\Editor\AndroidDevelopmentBuild.cs(26,9): warning CS0618: 'PlayerSettings.SetApplicationIdentifier(BuildTargetGroup, string)' is obsolete: 'Use SetApplicationIdentifier(NamedBuildTarget buildTarget, string identifier) instead'

Assets\Editor\AndroidDevelopmentBuild.cs(31,9): warning CS0618: 'PlayerSettings.SetScriptingBackend(BuildTargetGroup, ScriptingImplementation)' is obsolete: 'Use SetScriptingBackend(NamedBuildTarget buildTarget, ScriptingImplementation backend) instead'

Assets\ReUI\Editor\ReUIQuickAndroidBuild.cs(30,13): warning CS0618: 'PlayerSettings.SetApplicationIdentifier(BuildTargetGroup, string)' is obsolete: 'Use SetApplicationIdentifier(NamedBuildTarget buildTarget, string identifier) instead'

Assets\ReUI\Editor\ReUIQuickAndroidBuild.cs(36,13): warning CS0618: 'PlayerSettings.SetScriptingBackend(BuildTargetGroup, ScriptingImplementation)' is obsolete: 'Use SetScriptingBackend(NamedBuildTarget buildTarget, ScriptingImplementation backend) instead'
[897/851    0s] CopyFiles Library/ScriptAssemblies/Assembly-CSharp-Editor.pdb
[898/851    0s] CopyFiles Library/ScriptAssemblies/Assembly-CSharp-Editor.dll
*** Tundra build success (17.18 seconds), 675 items updated, 851 evaluated
Assets\ModulesShared\Utilites\Serialization\SessionDataReader.cs(103,5): warning CS0642: Possible mistaken empty statement
Assets\ModulesShared\Utilites\Serialization\SessionDataReader.cs(113,5): warning CS0642: Possible mistaken empty statement
Assets\ModulesShared\Utilites\Serialization\SessionDataWriter.cs(118,5): warning CS0642: Possible mistaken empty statement
Assets\ModulesShared\Utilites\Serialization\SessionDataWriter.cs(128,5): warning CS0642: Possible mistaken empty statement
Assets\ExpressionParser\Runtime\Variant.cs(7,28): warning CS0660: 'Variant' defines operator == or operator != but does not override Object.Equals(object o)
Assets\ExpressionParser\Runtime\Variant.cs(7,28): warning CS0661: 'Variant' defines operator == or operator != but does not override Object.GetHashCode()
Assets\Plugins\Zenject\Source\Util\UnityUtil.cs(130,20): warning CS0618: 'Object.FindObjectsOfType<T>()' is obsolete: 'Object.FindObjectsOfType has been deprecated. Use Object.FindObjectsByType instead which lets you decide whether you need the results sorted or not.  FindObjectsOfType sorts the results by InstanceID but if you do not need this using FindObjectSortMode.None is considerably faster.'
Assets\Plugins\Zenject\Source\Install\Contexts\ProjectContext.cs(104,25): warning CS0618: 'Object.FindObjectsOfType<T>()' is obsolete: 'Object.FindObjectsOfType has been deprecated. Use Object.FindObjectsByType instead which lets you decide whether you need the results sorted or not.  FindObjectsOfType sorts the results by InstanceID but if you do not need this using FindObjectSortMode.None is considerably faster.'
Assets\Plugins\UniRx\Scripts\UnityEngineBridge\MainThreadDispatcher.cs(452,34): warning CS0618: 'Object.FindObjectOfType<T>()' is obsolete: 'Object.FindObjectOfType has been deprecated. Use Object.FindFirstObjectByType instead or if finding any instance is acceptable the faster Object.FindAnyObjectByType'
Assets\Plugins\UniRx\Scripts\UnityEngineBridge\MainThreadDispatcher.cs(580,31): warning CS0618: 'Object.FindObjectsOfType<T>()' is obsolete: 'Object.FindObjectsOfType has been deprecated. Use Object.FindObjectsByType instead which lets you decide whether you need the results sorted or not.  FindObjectsOfType sorts the results by InstanceID but if you do not need this using FindObjectSortMode.None is considerably faster.'
Assets\Plugins\UniRx\Scripts\UnityEngineBridge\MainThreadDispatcher.cs(591,28): warning CS0618: 'Object.FindObjectOfType<T>()' is obsolete: 'Object.FindObjectOfType has been deprecated. Use Object.FindFirstObjectByType instead or if finding any instance is acceptable the faster Object.FindAnyObjectByType'
Assets\Modules\SecurityStub\Scripts\RequestFactory.cs(39,23): warning CS0618: 'WWW' is obsolete: 'Use UnityWebRequest, a fully featured replacement which is more efficient and has additional features'
Assets\Modules\SecurityStub\Scripts\RequestFactory.cs(44,23): warning CS0618: 'WWW' is obsolete: 'Use UnityWebRequest, a fully featured replacement which is more efficient and has additional features'
Assets\Modules\SecurityStub\Scripts\RequestFactory.cs(49,23): warning CS0618: 'WWW' is obsolete: 'Use UnityWebRequest, a fully featured replacement which is more efficient and has additional features'
Assets\Modules\SecurityStub\Scripts\RequestFactory.cs(54,23): warning CS0618: 'WWW' is obsolete: 'Use UnityWebRequest, a fully featured replacement which is more efficient and has additional features'
Assets\Modules\SecurityStub\Scripts\RequestFactory.cs(41,24): warning CS0618: 'WWW' is obsolete: 'Use UnityWebRequest, a fully featured replacement which is more efficient and has additional features'
Assets\Modules\SecurityStub\Scripts\RequestFactory.cs(46,24): warning CS0618: 'WWW' is obsolete: 'Use UnityWebRequest, a fully featured replacement which is more efficient and has additional features'
Assets\Modules\SecurityStub\Scripts\RequestFactory.cs(51,24): warning CS0618: 'WWW' is obsolete: 'Use UnityWebRequest, a fully featured replacement which is more efficient and has additional features'
Assets\Modules\SecurityStub\Scripts\RequestFactory.cs(56,24): warning CS0618: 'WWW' is obsolete: 'Use UnityWebRequest, a fully featured replacement which is more efficient and has additional features'
Assets\Modules\Database\Scripts\Types\ColorData.cs(43,30): warning CS0168: The variable 'e' is declared but never used
Assets\ModulesShared\Localization\Scripts\Localization\SystemFontLocator.cs(12,38): warning CS0414: The field 'SystemFontLocator._fontSize' is assigned but its value is never used
Assets\Modules\GameServices\Scripts\Input\Configuration.cs(45,30): warning CS0168: The variable 'e' is declared but never used
Assets\Modules\ShipConstructor\Scripts\ShipLayoutObsolete.cs(16,14): warning CS0612: 'IShipLayout.Size' is obsolete
Assets\Modules\ShipConstructor\Scripts\ShipLayoutObsolete.cs(54,24): warning CS0612: 'IShipLayout.Size' is obsolete
Assets\Modules\ShipConstructor\Scripts\IntegratedComponent.cs(43,53): warning CS0612: 'ComponentInfo.SerializeToInt64()' is obsolete
Assets\Modules\ShipConstructor\Scripts\IntegratedComponent.cs(58,29): warning CS0612: 'ComponentInfo.FromInt64(IDatabase, long)' is obsolete
Assets\Modules\ShipConstructor\Scripts\IntegratedComponent.cs(72,53): warning CS0612: 'ComponentInfo.SerializeToInt32Obsolete()' is obsolete
Assets\Modules\ShipConstructor\Scripts\IntegratedComponent.cs(87,29): warning CS0612: 'ComponentInfo.FromInt32Obsolete(IDatabase, int)' is obsolete
Assets\Modules\ShipConstructor\Scripts\IntegratedComponent.cs(101,26): warning CS0612: 'ComponentInfo.SerializeToInt32Obsolete()' is obsolete
Assets\Modules\ShipConstructor\Scripts\IntegratedComponent.cs(127,29): warning CS0612: 'ComponentInfo.FromInt32Obsolete(IDatabase, int)' is obsolete
Assets\ModulesShared\Gui\Scripts\Theme\Wrappers\ThemedImage.cs(14,38): warning CS0414: The field 'ThemedImage._themeManaged' is assigned but its value is never used
Assets\ModulesShared\Gui\Scripts\Theme\Wrappers\ThemedText.cs(16,38): warning CS0414: The field 'ThemedText._themeManaged' is assigned but its value is never used
Assets\Modules\GameSession\Scripts\Obsolete\Content\StatisticsData.cs(102,8): warning CS0219: The variable 'index' is assigned but its value is never used
Assets\ModulesShared\ShipEditor\Scripts\Model\ShipLayoutModel.cs(34,36): warning CS0612: 'IShipLayout.Size' is obsolete
Assets\ModulesShared\ShipEditor\Scripts\UI\BuildsPanel.cs(368,33): warning CS0612: 'ComponentInfo.SerializeToInt64()' is obsolete
Assets\ModulesShared\ShipEditor\Scripts\UI\BuildsPanel.cs(381,28): warning CS0612: 'ComponentInfo.FromInt64(IDatabase, long)' is obsolete
Assets\ModulesShared\ShipEditor\Scripts\UI\ComponentPanel.cs(287,51): warning CS0618: 'Object.FindObjectOfType<T>()' is obsolete: 'Object.FindObjectOfType has been deprecated. Use Object.FindFirstObjectByType instead or if finding any instance is acceptable the faster Object.FindAnyObjectByType'
Assets\ModulesShared\ShipEditor\Scripts\UI\ShipEditorWindow.cs(412,59): warning CS0612: 'IShipLayout.Size' is obsolete
Assets\ModulesShared\ShipEditor\Scripts\UI\ComponentPanel.cs(455,51): warning CS0618: 'Object.FindObjectOfType<T>()' is obsolete: 'Object.FindObjectOfType has been deprecated. Use Object.FindFirstObjectByType instead or if finding any instance is acceptable the faster Object.FindAnyObjectByType'
Assets\Modules\BattleSimulator\Scripts\Combat\Factory\Bullets\AmmunitionClassExtensions.cs(53,23): warning CS0612: 'BulletEffectType' is obsolete
Assets\Modules\BattleSimulator\Scripts\Combat\Factory\Bullets\BulletStats.cs(85,16): warning CS0612: 'BulletEffectType' is obsolete
Assets\Modules\BattleSimulator\Scripts\Combat\Factory\Bullets\BulletStats.cs(202,16): warning CS0612: 'BulletEffectType' is obsolete
Assets\Modules\BattleSimulator\Scripts\Combat\Component\Systems\Devices\RetributionDevice.cs(61,22): warning CS0114: 'RetributionDevice.Cooldown' hides inherited member 'SystemBase.Cooldown'. To make the current member override that implementation, add the override keyword. Otherwise add the new keyword.
Assets\Modules\BattleSimulator\Scripts\Combat\Component\Systems\Devices\SophonJammerDevice.cs(92,22): warning CS0114: 'SophonJammerDevice.Cooldown' hides inherited member 'SystemBase.Cooldown'. To make the current member override that implementation, add the override keyword. Otherwise add the new keyword.
Assets\Modules\BattleSimulator\Scripts\Combat\Factory\Bullets\BulletFactoryObsolete.cs(49,50): warning CS0612: 'PrefabCache.LoadBulletPrefabObsolete(PrefabId, string, IGameServicesProvider)' is obsolete
Assets\Modules\BattleSimulator\Scripts\Combat\Component\Collider\CircleCollider.cs(45,25): warning CS0618: 'Physics2D.OverlapCircleNonAlloc(Vector2, float, Collider2D[], int)' is obsolete: 'Physics2D.OverlapCircleNonAlloc is deprecated. Use Physics2D.OverlapCircle instead.'
Assets\Modules\BattleSimulator\Scripts\Combat\Component\Body\RigidBodyAdapter.cs(21,17): warning CS0618: 'Rigidbody2D.isKinematic' is obsolete: 'Please use Rigidbody2D.bodyType instead.'
Assets\Modules\BattleSimulator\Scripts\Combat\Component\Body\RigidBodyAdapter.cs(26,17): warning CS0618: 'Rigidbody2D.isKinematic' is obsolete: 'Please use Rigidbody2D.bodyType instead.'
Assets\Modules\BattleSimulator\Scripts\Combat\AI\Actions\AttackAction.cs(54,25): warning CS0612: 'WeaponInfo.BulletEffectType' is obsolete
Assets\Modules\BattleSimulator\Scripts\Combat\AI\Actions\AttackAction.cs(54,84): warning CS0612: 'WeaponInfo.BulletEffectType' is obsolete
Assets\Modules\BattleSimulator\Scripts\Combat\AI\Actions\AttackAction.cs(54,151): warning CS0612: 'WeaponInfo.BulletEffectType' is obsolete
Assets\Modules\BattleSimulator\Scripts\Combat\AI\Actions\AttackAction.cs(99,21): warning CS0612: 'WeaponInfo.BulletEffectType' is obsolete
Assets\Modules\BattleSimulator\Scripts\Combat\Factory\Bullets\BulletStats.cs(210,11): warning CS0612: 'BulletEffectType' is obsolete
Assets\Modules\BattleSimulator\Scripts\Combat\Factory\Bullets\BulletStats.cs(211,11): warning CS0612: 'BulletEffectType' is obsolete
Assets\Modules\BattleSimulator\Scripts\Combat\Factory\Bullets\BulletStats.cs(213,11): warning CS0612: 'BulletEffectType' is obsolete
Assets\Modules\BattleSimulator\Scripts\Combat\Factory\Bullets\BulletStats.cs(215,11): warning CS0612: 'BulletEffectType' is obsolete
Assets\Modules\BattleSimulator\Scripts\Combat\Factory\Bullets\BulletStats.cs(93,32): warning CS0612: 'BulletEffectType' is obsolete
Assets\Modules\BattleSimulator\Scripts\Combat\Factory\Bullets\BulletStats.cs(95,32): warning CS0612: 'BulletEffectType' is obsolete
Assets\Modules\BattleSimulator\Scripts\Combat\Factory\Bullets\BulletStats.cs(97,32): warning CS0612: 'BulletEffectType' is obsolete
Assets\Modules\BattleSimulator\Scripts\Combat\AI\Strategy\Factories\AttackRules.cs(29,12): warning CS0612: 'WeaponInfo.BulletEffectType' is obsolete
Assets\Modules\BattleSimulator\Scripts\Combat\AI\Strategy\Factories\AttackRules.cs(29,44): warning CS0612: 'BulletEffectType' is obsolete
Assets\Modules\BattleSimulator\Scripts\Combat\AI\Strategy\Factories\AttackRules.cs(32,21): warning CS0612: 'WeaponInfo.BulletEffectType' is obsolete
Assets\Modules\BattleSimulator\Scripts\Combat\AI\Strategy\Factories\AttackRules.cs(32,53): warning CS0612: 'BulletEffectType' is obsolete
Assets\Modules\BattleSimulator\Scripts\Combat\AI\Strategy\Factories\AttackRules.cs(32,81): warning CS0612: 'WeaponInfo.BulletEffectType' is obsolete
Assets\Modules\BattleSimulator\Scripts\Combat\AI\Strategy\Factories\AttackRules.cs(32,113): warning CS0612: 'BulletEffectType' is obsolete
Assets\Modules\BattleSimulator\Scripts\Combat\AI\Strategy\Factories\AttackRules.cs(72,21): warning CS0612: 'WeaponInfo.BulletEffectType' is obsolete
Assets\Modules\BattleSimulator\Scripts\Combat\AI\Strategy\Factories\AttackRules.cs(72,53): warning CS0612: 'BulletEffectType' is obsolete
Assets\Modules\BattleSimulator\Scripts\Combat\AI\Strategy\Factories\AttackRules.cs(97,21): warning CS0612: 'WeaponInfo.BulletEffectType' is obsolete
Assets\Modules\BattleSimulator\Scripts\Combat\AI\Strategy\Factories\AttackRules.cs(97,53): warning CS0612: 'BulletEffectType' is obsolete
Assets\Modules\BattleSimulator\Scripts\Combat\AI\Strategy\Factories\AttackRules.cs(97,81): warning CS0612: 'WeaponInfo.BulletEffectType' is obsolete
Assets\Modules\BattleSimulator\Scripts\Combat\AI\Strategy\Factories\AttackRules.cs(97,113): warning CS0612: 'BulletEffectType' is obsolete
Assets\Modules\BattleSimulator\Scripts\Combat\AI\Starbase.cs(57,21): warning CS0612: 'WeaponInfo.BulletEffectType' is obsolete
Assets\Modules\BattleSimulator\Scripts\Combat\AI\Starbase.cs(57,53): warning CS0612: 'BulletEffectType' is obsolete
Assets\Modules\BattleSimulator\Scripts\Combat\AI\Starbase.cs(57,81): warning CS0612: 'WeaponInfo.BulletEffectType' is obsolete
Assets\Modules\BattleSimulator\Scripts\Combat\AI\Starbase.cs(57,113): warning CS0612: 'BulletEffectType' is obsolete
Assets\Modules\BattleSimulator\Scripts\Combat\Factory\Bullets\BulletFactoryObsolete.cs(230,111): warning CS0612: 'IWeaponPlatform.Type' is obsolete
Assets\Modules\BattleSimulator\Scripts\Combat\AI\Keyboard.cs(41,30): warning CS0168: The variable 'e' is declared but never used
Assets\Modules\BattleSimulator\Scripts\Combat\AI\Helpers.cs(21,21): warning CS0612: 'WeaponInfo.BulletEffectType' is obsolete
Assets\Modules\BattleSimulator\Scripts\Combat\AI\Helpers.cs(21,53): warning CS0612: 'BulletEffectType' is obsolete
Assets\Modules\BattleSimulator\Scripts\Combat\AI\Helpers.cs(35,21): warning CS0612: 'WeaponInfo.BulletEffectType' is obsolete
Assets\Modules\BattleSimulator\Scripts\Combat\AI\Helpers.cs(35,53): warning CS0612: 'BulletEffectType' is obsolete
Assets\Modules\BattleSimulator\Scripts\Combat\AI\Helpers.cs(50,21): warning CS0612: 'WeaponInfo.BulletEffectType' is obsolete
Assets\Modules\BattleSimulator\Scripts\Combat\AI\Helpers.cs(50,53): warning CS0612: 'BulletEffectType' is obsolete
Assets\Modules\BattleSimulator\Scripts\Combat\AI\Drone.cs(39,17): warning CS0612: 'ThreatList.Update(float, IShip, IThreatAnalyzer)' is obsolete
Assets\Modules\BattleSimulator\Scripts\Combat\AI\Computer.cs(55,4): warning CS0612: 'ThreatList.Update(float, IShip, IThreatAnalyzer)' is obsolete
Assets\Modules\BattleSimulator\Scripts\Combat\AI\BehaviorTree\Utils\ShipSystemExtensions.cs(98,8): warning CS0219: The variable 'systems' is assigned but its value is never used
Assets\Modules\BattleSimulator\Scripts\Combat\Factory\ShipFactory.cs(59,21): warning CS0414: The field 'ShipFactory._droneBayUniqueId' is assigned but its value is never used
Assets\Scripts\Combat\Domain\CombatModelBuilder.cs(95,32): warning CS0618: 'Factory<CombatModelBuilder>' is obsolete: 'Zenject.Factory has been renamed to PlaceholderFactory.  Zenject.Factory will be removed in future versions'
Assets\Scripts\GameStateMachine\States\AnnouncementState.cs(47,32): warning CS0618: 'Factory<AnnouncementState>' is obsolete: 'Zenject.Factory has been renamed to PlaceholderFactory.  Zenject.Factory will be removed in future versions'
Assets\Scripts\GameStateMachine\States\CombatRewardState.cs(41,32): warning CS0618: 'Factory<IReward, CombatRewardState>' is obsolete: 'Zenject.Factory has been renamed to PlaceholderFactory.  Zenject.Factory will be removed in future versions'
Assets\Scripts\GameStateMachine\States\CombatState.cs(128,32): warning CS0618: 'Factory<ICombatModel, Action<ICombatModel>, CombatState>' is obsolete: 'Zenject.Factory has been renamed to PlaceholderFactory.  Zenject.Factory will be removed in future versions'
Assets\Scripts\GameStateMachine\States\DailyRewardState.cs(57,32): warning CS0618: 'Factory<DailyRewardState>' is obsolete: 'Zenject.Factory has been renamed to PlaceholderFactory.  Zenject.Factory will be removed in future versions'
Assets\Scripts\GameStateMachine\States\DialogState.cs(59,32): warning CS0618: 'Factory<string, WindowArgs, Action<WindowExitCode>, DialogState>' is obsolete: 'Zenject.Factory has been renamed to PlaceholderFactory.  Zenject.Factory will be removed in future versions'
Assets\Scripts\GameStateMachine\States\EditorInitializationState.cs(49,32): warning CS0618: 'Factory<EditorInitializationState>' is obsolete: 'Zenject.Factory has been renamed to PlaceholderFactory.  Zenject.Factory will be removed in future versions'
Assets\Scripts\GameStateMachine\States\EhopediaState.cs(31,32): warning CS0618: 'Factory<EhopediaState>' is obsolete: 'Zenject.Factory has been renamed to PlaceholderFactory.  Zenject.Factory will be removed in future versions'
Assets\Scripts\GameStateMachine\States\ExplorationState.cs(85,32): warning CS0618: 'Factory<Planet, ExplorationState>' is obsolete: 'Zenject.Factory has been renamed to PlaceholderFactory.  Zenject.Factory will be removed in future versions'
Assets\Scripts\GameStateMachine\States\InitializationState.cs(194,32): warning CS0618: 'Factory<InitializationState>' is obsolete: 'Zenject.Factory has been renamed to PlaceholderFactory.  Zenject.Factory will be removed in future versions'
Assets\Scripts\GameStateMachine\States\MainMenuState.cs(152,26): warning CS0618: 'Factory<MainMenuState>' is obsolete: 'Zenject.Factory has been renamed to PlaceholderFactory.  Zenject.Factory will be removed in future versions'
Assets\Scripts\GameStateMachine\States\ModalDialogState.cs(53,32): warning CS0618: 'Factory<string, IEnumerable<GameScene>, ModalDialogState>' is obsolete: 'Zenject.Factory has been renamed to PlaceholderFactory.  Zenject.Factory will be removed in future versions'
Assets\Scripts\GameStateMachine\States\RetreatState.cs(81,32): warning CS0618: 'Factory<RetreatState>' is obsolete: 'Zenject.Factory has been renamed to PlaceholderFactory.  Zenject.Factory will be removed in future versions'
Assets\Scripts\GameStateMachine\States\QuickCombatState.cs(218,32): warning CS0618: 'Factory<QuickCombatState.Settings, QuickCombatState>' is obsolete: 'Zenject.Factory has been renamed to PlaceholderFactory.  Zenject.Factory will be removed in future versions'
Assets\Scripts\GameStateMachine\States\SkillTreeState.cs(31,32): warning CS0618: 'Factory<SkillTreeState>' is obsolete: 'Zenject.Factory has been renamed to PlaceholderFactory.  Zenject.Factory will be removed in future versions'
Assets\Scripts\GameStateMachine\States\QuestState.cs(63,26): warning CS0618: 'Factory<IUserInteraction, QuestState>' is obsolete: 'Zenject.Factory has been renamed to PlaceholderFactory.  Zenject.Factory will be removed in future versions'
Assets\Scripts\GameStateMachine\States\StartingNewGameState.cs(91,32): warning CS0618: 'Factory<StartingNewGameState>' is obsolete: 'Zenject.Factory has been renamed to PlaceholderFactory.  Zenject.Factory will be removed in future versions'
Assets\Scripts\GameStateMachine\States\TestingState.cs(31,32): warning CS0618: 'Factory<TestingState>' is obsolete: 'Zenject.Factory has been renamed to PlaceholderFactory.  Zenject.Factory will be removed in future versions'
Assets\Scripts\GameStateMachine\States\TravelState.cs(89,32): warning CS0618: 'Factory<int, TravelState>' is obsolete: 'Zenject.Factory has been renamed to PlaceholderFactory.  Zenject.Factory will be removed in future versions'
Assets\Scripts\GameStateMachine\States\StarMapState.cs(360,32): warning CS0618: 'Factory<StarMapState>' is obsolete: 'Zenject.Factory has been renamed to PlaceholderFactory.  Zenject.Factory will be removed in future versions'
Assets\Scripts\Legacy\GUI\Console.cs(24,17): warning CS0618: 'Object.FindObjectsOfType<T>()' is obsolete: 'Object.FindObjectsOfType has been deprecated. Use Object.FindObjectsByType instead which lets you decide whether you need the results sorted or not.  FindObjectsOfType sorts the results by InstanceID but if you do not need this using FindObjectSortMode.None is considerably faster.'
Assets\Scripts\Legacy\GUI\Layout\RandomLayoutGroup.cs(29,4): warning CS0618: 'Random.seed' is obsolete: 'Deprecated. Use InitState() function or Random.state property instead.'
Assets\Scripts\Legacy\GUI\Layout\RandomLayoutGroup.cs(42,4): warning CS0618: 'Random.seed' is obsolete: 'Deprecated. Use InitState() function or Random.state property instead.'
Assets\Scripts\Domain\Economy\ItemType\ComponentItem.cs(21,47): warning CS0612: 'ComponentInfo.SerializeToInt64()' is obsolete
Assets\Scripts\Legacy\Map\Star.cs(409,3): warning CS0618: 'Random.seed' is obsolete: 'Deprecated. Use InitState() function or Random.state property instead.'
Assets\Scripts\Legacy\Debug\Cheats.cs(297,26): warning CS0168: The variable 'e' is declared but never used
Assets\Scripts\Legacy\GUI\ViewModel\StarMap\TechTreePanelViewModel.cs(546,6): warning CS0618: 'Random.seed' is obsolete: 'Deprecated. Use InitState() function or Random.state property instead.'
Assets\Scripts\GameServices\OfflineMultiplayer\ArenaTimeManager.cs(59,17): warning CS0162: Unreachable code detected
Assets\Scripts\GameServices\OfflineMultiplayer\PlayerInfo.cs(108,30): warning CS0168: The variable 'e' is declared but never used
Assets\Scripts\GameServices\OfflineMultiplayer\PlayerInfo.cs(147,30): warning CS0168: The variable 'e' is declared but never used
Assets\Scripts\GameServices\OfflineMultiplayer\PlayerInfo.cs(163,30): warning CS0168: The variable 'e' is declared but never used
Assets\Scripts\GameServices\OfflineMultiplayer\EnemyPlayerInfo.cs(61,30): warning CS0168: The variable 'e' is declared but never used
Assets\Scripts\GameServices\OfflineMultiplayer\PlayerInfo.cs(192,30): warning CS0168: The variable 'e' is declared but never used
Assets\Scripts\Legacy\Debug\Cheats.cs(353,41): warning CS0612: 'ComponentInfo.FromInt64(IDatabase, long)' is obsolete
Assets\Scripts\Gui\Combat\RadarPanel.cs(61,17): warning CS0219: The variable 'simpleRadarIndex' is assigned but its value is never used
Assets\Scripts\GameStateMachine\States\ShipEditorState.cs(159,40): warning CS0612: 'ComponentInfo.FromInt64(IDatabase, long)' is obsolete
Assets\Scripts\Gui\ShipService\ShipLayoutPanel.cs(75,85): warning CS0612: 'IShipLayout.Size' is obsolete
Assets\Scripts\Gui\ShipService\ShipLayoutPanel.cs(76,86): warning CS0612: 'IShipLayout.Size' is obsolete
Assets\Scripts\Gui\ShipService\ShipLayoutPanel.cs(92,28): warning CS0612: 'IShipLayout.Size' is obsolete
Assets\Scripts\Gui\ShipService\ShipLayoutPanel.cs(146,62): warning CS0612: 'IShipLayout.Size' is obsolete
Assets\Scripts\Gui\ShipService\ShipLayoutPanel.cs(146,91): warning CS0612: 'IShipLayout.Size' is obsolete
Assets\Scripts\Gui\MainMenu\SettingsProgress.cs(176,37): warning CS0618: 'Object.FindObjectsOfType<T>(bool)' is obsolete: 'Object.FindObjectsOfType has been deprecated. Use Object.FindObjectsByType instead which lets you decide whether you need the results sorted or not.  FindObjectsOfType sorts the results by InstanceID but if you do not need this using FindObjectSortMode.None is considerably faster.'
Assets\Scripts\Gui\MainMenu\SettingsProgress.cs(178,38): warning CS0618: 'Object.FindObjectsOfType<T>(bool)' is obsolete: 'Object.FindObjectsOfType has been deprecated. Use Object.FindObjectsByType instead which lets you decide whether you need the results sorted or not.  FindObjectsOfType sorts the results by InstanceID but if you do not need this using FindObjectSortMode.None is considerably faster.'
Assets\Scripts\Legacy\GUI\ViewModel\CargoHold\ScrapPanelViewModel.cs(133,84): warning CS0612: 'ComponentInfo.SerializeToInt64()' is obsolete
Assets\Scripts\Legacy\Debug\Cheats.cs(417,57): warning CS0612: 'ComponentInfo.SerializeToInt64()' is obsolete
Assets\Scripts\Legacy\GUI\ViewModel\MainMenu\DevConsoleViewModel.cs(76,5): warning CS0162: Unreachable code detected
Assets\Scripts\Gui\MainMenu\SettingsProgress.cs(259,60): warning CS0618: 'Object.FindObjectOfType<T>()' is obsolete: 'Object.FindObjectOfType has been deprecated. Use Object.FindFirstObjectByType instead or if finding any instance is acceptable the faster Object.FindAnyObjectByType'
Assets\Scripts\Gui\MainMenu\MainMenu.cs(427,60): warning CS0618: 'Object.FindObjectOfType<T>()' is obsolete: 'Object.FindObjectOfType has been deprecated. Use Object.FindFirstObjectByType instead or if finding any instance is acceptable the faster Object.FindAnyObjectByType'
Assets\Scripts\Gui\MainMenu\MainMenu.cs(609,60): warning CS0618: 'Object.FindObjectOfType<T>()' is obsolete: 'Object.FindObjectOfType has been deprecated. Use Object.FindFirstObjectByType instead or if finding any instance is acceptable the faster Object.FindAnyObjectByType'
Assets\Scripts\Gui\MainMenu\MainMenu.cs(654,60): warning CS0618: 'Object.FindObjectOfType<T>()' is obsolete: 'Object.FindObjectOfType has been deprecated. Use Object.FindFirstObjectByType instead or if finding any instance is acceptable the faster Object.FindAnyObjectByType'
Assets\Scripts\Legacy\GUI\LoadingScreen.cs(133,18): warning CS0414: The field 'LoadingScreen._firstTime' is assigned but its value is never used
Assets\Scripts\Legacy\GUI\LoadingScreen.cs(28,15): warning CS0414: The field 'LoadingScreen._coroutineRunning' is assigned but its value is never used
Assets\Scripts\Legacy\GUI\ViewModel\StarMap\MilitaryPanelViewModel.cs(41,15): warning CS0414: The field 'MilitaryPanelViewModel._money' is assigned but its value is never used
Assets\Scripts\Legacy\GUI\LoadingScreen.cs(20,33): warning CS0414: The field 'LoadingScreen._delay' is assigned but its value is never used
Assets\Editor\TexturePostProcessor.cs(44,13): warning CS0618: 'TextureImporter.spritePackingTag' is obsolete: 'Support for packing sprites through spritePackingTag has been removed. Please use SpriteAtlas instead.'
Assets\Editor\ApplicationManager.cs(222,36): warning CS0618: 'PlayerSettings.GetScriptingDefineSymbolsForGroup(BuildTargetGroup)' is obsolete: 'Use GetScriptingDefineSymbols(NamedBuildTarget buildTarget) instead'
Assets\Editor\ApplicationManager.cs(232,13): warning CS0618: 'PlayerSettings.SetScriptingDefineSymbolsForGroup(BuildTargetGroup, string)' is obsolete: 'Use SetScriptingDefineSymbols(NamedBuildTarget buildTarget, string defines) instead'
Assets\Editor\ApplicationManager.cs(240,36): warning CS0618: 'PlayerSettings.GetScriptingDefineSymbolsForGroup(BuildTargetGroup)' is obsolete: 'Use GetScriptingDefineSymbols(NamedBuildTarget buildTarget) instead'
Assets\Editor\ApplicationManager.cs(252,13): warning CS0618: 'PlayerSettings.SetScriptingDefineSymbolsForGroup(BuildTargetGroup, string)' is obsolete: 'Use SetScriptingDefineSymbols(NamedBuildTarget buildTarget, string defines) instead'
Assets\Editor\AndroidDevelopmentBuild.cs(26,9): warning CS0618: 'PlayerSettings.SetApplicationIdentifier(BuildTargetGroup, string)' is obsolete: 'Use SetApplicationIdentifier(NamedBuildTarget buildTarget, string identifier) instead'
Assets\Editor\AndroidDevelopmentBuild.cs(31,9): warning CS0618: 'PlayerSettings.SetScriptingBackend(BuildTargetGroup, ScriptingImplementation)' is obsolete: 'Use SetScriptingBackend(NamedBuildTarget buildTarget, ScriptingImplementation backend) instead'
Assets\ReUI\Editor\ReUIQuickAndroidBuild.cs(30,13): warning CS0618: 'PlayerSettings.SetApplicationIdentifier(BuildTargetGroup, string)' is obsolete: 'Use SetApplicationIdentifier(NamedBuildTarget buildTarget, string identifier) instead'
Assets\ReUI\Editor\ReUIQuickAndroidBuild.cs(36,13): warning CS0618: 'PlayerSettings.SetScriptingBackend(BuildTargetGroup, ScriptingImplementation)' is obsolete: 'Use SetScriptingBackend(NamedBuildTarget buildTarget, ScriptingImplementation backend) instead'
AssetDatabase: script compilation time: 24.016795s
Begin MonoManager ReloadAssembly
- Loaded All Assemblies, in  1.214 seconds
Refreshing native plugins compatible for Editor in 88.39 ms, found 0 plugins.
Native extension for Android target not found
Native extension for WindowsStandalone target not found
Detected .NET version 4.5
Mono: successfully reloaded assembly
- Finished resetting the current domain, in  1.389 seconds
Domain Reload Profiling: 2595ms
	BeginReloadAssembly (335ms)
		ExecutionOrderSort (0ms)
		DisableScriptedObjects (13ms)
		BackupInstance (0ms)
		ReleaseScriptingObjects (0ms)
		CreateAndSetChildDomain (147ms)
	RebuildCommonClasses (45ms)
	RebuildNativeTypeToScriptingClass (16ms)
	initialDomainReloadingComplete (38ms)
	LoadAllAssembliesAndSetupDomain (772ms)
		LoadAssemblies (521ms)
		RebuildTransferFunctionScriptingTraits (0ms)
		AnalyzeDomain (374ms)
			TypeCache.Refresh (252ms)
				TypeCache.ScanAssembly (226ms)
			BuildScriptInfoCaches (95ms)
			ResolveRequiredComponents (21ms)
	FinalizeReload (1389ms)
		ReleaseScriptCaches (0ms)
		RebuildScriptCaches (0ms)
		SetupLoadedEditorAssemblies (1121ms)
			LogAssemblyErrors (0ms)
			InitializePlatformSupportModulesInManaged (69ms)
			SetLoadedEditorAssemblies (9ms)
			BeforeProcessingInitializeOnLoad (237ms)
			ProcessInitializeOnLoadAttributes (675ms)
			ProcessInitializeOnLoadMethodAttributes (112ms)
			AfterProcessingInitializeOnLoad (19ms)
			EditorAssembliesLoaded (1ms)
		ExecutionOrderSort2 (0ms)
		AwakeInstancesAfterBackupRestoration (19ms)
Start importing Assets/Resources/Story/MothersTears/story_01.png using Guid(2063e27e992fb1041bfeb1724533ca42) (TextureImporter) -> (artifact id: 'bc0e88634b099ade2b4dde93f020c119') in 0.1097127 seconds
Start importing Assets/Resources/Textures/ThreeBody/silent_core.png using Guid(409581de490264a429411aa117edd124) (TextureImporter) -> (artifact id: '7c5ecb618ab2cd464dc7c9dfe09860f8') in 0.0894079 seconds
Start importing Assets/Resources/Textures/ThreeBody/wan_nian_feng_xue.png using Guid(a13b0c51da3f5af40ac633c873a6113d) (TextureImporter) -> (artifact id: '699266fe2540ea8151785b15a9717db2') in 0.097291 seconds
Start importing Assets/Resources/Story/MothersTears/story_06.png using Guid(a5b5830c1711dc14a8fddda5f83a6b31) (TextureImporter) -> (artifact id: 'abb5ca6d1d5d872f22fa966f10b10495') in 0.078315 seconds
Start importing Assets/Resources/Story/BeautifulProminence/story_04.png using Guid(569f8095bc9675a4facfa42945a2fe61) (TextureImporter) -> (artifact id: '7c9c70fbbc0cd17c7557872110b40bce') in 0.1173714 seconds
Start importing Assets/Resources/Story/BeautifulProminence/story_02.png using Guid(66214afff16d6c94bab45aa47e40dcad) (TextureImporter) -> (artifact id: 'ab0a7078dd1a4ed77740fe1748ae7c71') in 0.1276886 seconds
Start importing Assets/Resources/Story/BeautifulProminence/story_01.png using Guid(666d2ab7148180b459107f51979e637c) (TextureImporter) -> (artifact id: '6e969e81395f744159f13481d9e0fd04') in 0.1578957 seconds
Start importing Assets/Resources/Story/BeautifulProminence/story_03.png using Guid(17cdddb728c569e4282cc8a163868edd) (TextureImporter) -> (artifact id: '578a4a70810ad19d2e2ceaf5b565d3e2') in 0.1360737 seconds
Start importing Assets/Resources/Story/MothersTears/story_03.png using Guid(a715d081ddf24fd43859ebdeb8f98ba6) (TextureImporter) -> (artifact id: '2c04062ebe531e6a2808df9d0689561d') in 0.083354 seconds
Start importing Assets/Resources/Story/MothersTears/story_04.png using Guid(483e681800107bd4bbc7b56d626467d6) (TextureImporter) -> (artifact id: '009b41631d54810bd5c76c950139baa1') in 0.088934 seconds
Start importing Assets/Resources/Story/MothersTears/story_05.png using Guid(58ffe09f765aef146bdaaa3f6f16145f) (TextureImporter) -> (artifact id: 'ab12f5d5fa57ed6f95362502958a988c') in 0.0878758 seconds
Start importing Assets/Resources/Story/MothersTears/story_02.png using Guid(bf57be912c27be846896496e4778ee8d) (TextureImporter) -> (artifact id: '1cfd8e0b81f2300a744ebfa23736bca3') in 0.1179213 seconds
Start importing Assets/Fonts/Magzetician Regular.ttf using Guid(2032ffd61aa4ae6468df1f786cca9036) (TrueTypeFontImporter) -> (artifact id: '76fba0cfc36a116fdf9c0f12a69653f7') in 0.0356313 seconds
Start importing Assets/Fonts/Hyperspace Bold.ttf using Guid(c11cd0345b114c84eacb7434275d4c0c) (TrueTypeFontImporter) -> (artifact id: 'd8340f5177ba13b620dff2156760c637') in 0.0288278 seconds
Start importing Assets/Fonts/Bicubik.otf using Guid(0331ea93716811747acff9f890a054ac) (TrueTypeFontImporter) -> (artifact id: '3514bf91826b90893f3c7df39cf05701') in 0.0171661 seconds
Start importing Assets/Fonts/Bokonique-Regular.otf using Guid(55c7189e256c5f64a896531cdd98f629) (TrueTypeFontImporter) -> (artifact id: 'c25fca0a62b4b96f34466e69b999067a') in 0.0150269 seconds
Start importing Assets/Fonts/Exo2-Regular.ttf using Guid(b5e4db66e129d714aadaddfb86b16e7e) (TrueTypeFontImporter) -> (artifact id: '8126273df3c291c4beb78c57f6769180') in 0.0231137 seconds
Start importing Assets/Fonts/TTWPGOTT.ttf using Guid(1f7c2b15b1c46c2438125d280e866dde) (TrueTypeFontImporter) -> (artifact id: 'f8bc1b84ab06a2f518b276d3b7bad575') in 0.3432464 seconds
Start importing Packages/com.unity.inputsystem/InputSystem/Editor/UITKAssetEditor/PackageResources/BindingPanelRowTemplate.uxml using Guid(449c8e5ca27af8e4a9db710c8be5e4df) (ScriptedImporter) -> (artifact id: 'e6bcd81e97fa5b831f21ee10d299a606') in 0.1420091 seconds
Refreshing native plugins compatible for Editor in 16.26 ms, found 0 plugins.
Preloading 0 native plugins for Editor in 0.00 ms.
Asset Pipeline Refresh (id=827a21b52ca055044b13b5c614af26b8): Total: 30.195 seconds - Initiated by InitialRefreshV2(ForceSynchronousImport)
	Summary:
		Imports: total=1264 (actual=19, local cache=1245, cache server=0)
		Asset DB Process Time: managed=12 ms, native=4439 ms
		Asset DB Callback time: managed=232 ms, native=188 ms
		Scripting: domain reloads=1, domain reload time=1215 ms, compile time=24020 ms, other=86 ms
		Project Asset Count: scripts=1397, non-scripts=4440
		Asset File Changes: new=0, changed=0, moved=0, deleted=0
		Scan Filter Count: 0
	InvokeCustomDependenciesCallbacks: 0.002ms
	InvokePackagesCallback: 167.095ms
	ApplyChangesToAssetFolders: 2.221ms
	Scan: 229.894ms
	OnSourceAssetsModified: 0.002ms
	CategorizeAssetsWithTransientArtifact: 206.787ms
	ProcessAssetsWithTransientArtifactChanges: 143.164ms
	CategorizeAssets: 83.034ms
	ImportOutOfDateAssets: 3460.119ms (-22508.690ms without children)
		ImportManagerImport: 1938.598ms (26.465ms without children)
			ImportInProcess: 1911.931ms
			UpdateCategorizedAssets: 0.202ms
		CompileScripts: 24019.596ms
		ReloadNativeAssets: 0.008ms
		UnloadImportedAssets: 0.635ms
		ReloadImportedAssets: 6.111ms
		EnsureUptoDateAssetsAreRegisteredWithGuidPM: 2.358ms
		InitializingProgressBar: 0.034ms
		PostProcessAllAssetNotificationsAddChangedAssets: 0.001ms
		OnDemandSchedulerStart: 1.468ms
	PostProcessAllAssets: 239.199ms
	Hotreload: 18.258ms
	GatherAllCurrentPrimaryArtifactRevisions: 0.009ms
	UnloadStreamsBegin: 0.684ms
	PersistCurrentRevisions: 3.830ms
	UnloadStreamsEnd: 0.002ms
	GenerateScriptTypeHashes: 9.435ms
	Untracked: 25640.518ms

Application.AssetDatabase Initial Refresh End
Scanning for USB devices : 1.728ms
Initializing Unity extensions:
[MODES] ModeService[none].Initialize
[MODES] ModeService[none].LoadModes
[MODES] Loading mode Default (0) for mode-current-id-三体视界
Unloading 56 Unused Serialized files (Serialized files now loaded: 0)
Unloading 5073 unused Assets / (4.5 MB). Loaded Objects now: 5475.
Memory consumption went from 165.4 MB to 160.9 MB.
Total: 7.555000 ms (FindLiveObjects: 0.230500 ms CreateObjectMapping: 0.166700 ms MarkObjects: 4.753800 ms  DeleteObjects: 2.403300 ms)

Unknown error occurred while loading 'Library/BuildProfileContext.asset'.
UnityEngine.Debug:ExtractStackTraceNoAlloc (byte*,int,string)
UnityEngine.StackTraceUtility:ExtractStackTrace ()
UnityEditorInternal.InternalEditorUtility:LoadSerializedFileAndForget (string)
UnityEditor.Build.Profile.BuildProfileContext:CreateOrLoad ()
UnityEditor.Build.Profile.BuildProfileContext:get_instance ()
UnityEditor.Build.Profile.BuildProfileContext:EnsureInitialized ()

[ line 0]

Unknown error occurred while loading 'Library/BuildProfiles/PlatformProfile.4e3c793746204150860bf175a9a41a05.asset'.
UnityEngine.Debug:ExtractStackTraceNoAlloc (byte*,int,string)
UnityEngine.StackTraceUtility:ExtractStackTrace ()
UnityEditorInternal.InternalEditorUtility:LoadSerializedFileAndForget (string)
UnityEditor.Build.Profile.BuildProfileContext:OnEnable ()
UnityEngine.ScriptableObject:CreateScriptableObjectInstanceFromType (System.Type,bool)
UnityEngine.ScriptableObject:CreateInstance (System.Type)
UnityEngine.ScriptableObject:CreateInstance<UnityEditor.Build.Profile.BuildProfileContext> ()
UnityEditor.Build.Profile.BuildProfileContext:CreateOrLoad ()
UnityEditor.Build.Profile.BuildProfileContext:get_instance ()
UnityEditor.Build.Profile.BuildProfileContext:EnsureInitialized ()

[ line 0]

Failed to load build profile from Library/BuildProfiles/PlatformProfile.4e3c793746204150860bf175a9a41a05.asset.
Unknown error occurred while loading 'Library/BuildProfiles/PlatformProfile.b9b35072a6f44c2e863f17467ea3dc13.asset'.
UnityEngine.Debug:ExtractStackTraceNoAlloc (byte*,int,string)
UnityEngine.StackTraceUtility:ExtractStackTrace ()
UnityEditorInternal.InternalEditorUtility:LoadSerializedFileAndForget (string)
UnityEditor.Build.Profile.BuildProfileContext:OnEnable ()
UnityEngine.ScriptableObject:CreateScriptableObjectInstanceFromType (System.Type,bool)
UnityEngine.ScriptableObject:CreateInstance (System.Type)
UnityEngine.ScriptableObject:CreateInstance<UnityEditor.Build.Profile.BuildProfileContext> ()
UnityEditor.Build.Profile.BuildProfileContext:CreateOrLoad ()
UnityEditor.Build.Profile.BuildProfileContext:get_instance ()
UnityEditor.Build.Profile.BuildProfileContext:EnsureInitialized ()

[ line 0]

Failed to load build profile from Library/BuildProfiles/PlatformProfile.b9b35072a6f44c2e863f17467ea3dc13.asset.
Unknown error occurred while loading 'Library/BuildProfiles/SharedProfile.asset'.
UnityEngine.Debug:ExtractStackTraceNoAlloc (byte*,int,string)
UnityEngine.StackTraceUtility:ExtractStackTrace ()
UnityEditorInternal.InternalEditorUtility:LoadSerializedFileAndForget (string)
UnityEditor.Build.Profile.BuildProfileContext:OnEnable ()
UnityEngine.ScriptableObject:CreateScriptableObjectInstanceFromType (System.Type,bool)
UnityEngine.ScriptableObject:CreateInstance (System.Type)
UnityEngine.ScriptableObject:CreateInstance<UnityEditor.Build.Profile.BuildProfileContext> ()
UnityEditor.Build.Profile.BuildProfileContext:CreateOrLoad ()
UnityEditor.Build.Profile.BuildProfileContext:get_instance ()
UnityEditor.Build.Profile.BuildProfileContext:EnsureInitialized ()

[ line 0]

Failed to load shared profile from Library/BuildProfiles/SharedProfile.asset.
[ReUI Validation] presentation=classic-ugui, thirdPartyUiEffect=false, themePalette=persistent
Opening scene 'Assets/Scenes/SettingsScene.unity'
Unloading 36 Unused Serialized files (Serialized files now loaded: 0)
Loaded scene 'Assets/Scenes/SettingsScene.unity'
	Deserialize:            80.647 ms
	Integration:            85.247 ms
	Integration of assets:  3.278 ms
	Thread Wait Time:       0.085 ms
	Total Operation Time:   169.257 ms
Unloading 3 unused Assets / (5.0 KB). Loaded Objects now: 7376.
Memory consumption went from 154.6 MB to 154.6 MB.
Total: 6.664200 ms (FindLiveObjects: 0.288500 ms CreateObjectMapping: 0.143800 ms MarkObjects: 6.155300 ms  DeleteObjects: 0.075700 ms)

Opening scene 'Assets/Scenes/StarMapScene.unity'
Unloading 114 Unused Serialized files (Serialized files now loaded: 0)
SendMessage cannot be called during Awake, CheckConsistency, or OnValidate (Content: OnRectTransformDimensionsChange)
SendMessage cannot be called during Awake, CheckConsistency, or OnValidate (Content: OnRectTransformDimensionsChange)
SendMessage cannot be called during Awake, CheckConsistency, or OnValidate (Content: OnRectTransformDimensionsChange)
SendMessage cannot be called during Awake, CheckConsistency, or OnValidate (Content: OnRectTransformDimensionsChange)
SendMessage cannot be called during Awake, CheckConsistency, or OnValidate (Content: OnRectTransformDimensionsChange)
SendMessage cannot be called during Awake, CheckConsistency, or OnValidate (Content: OnRectTransformDimensionsChange)
SendMessage cannot be called during Awake, CheckConsistency, or OnValidate (Content: OnRectTransformDimensionsChange)
SendMessage cannot be called during Awake, CheckConsistency, or OnValidate (Content: OnRectTransformDimensionsChange)
SendMessage cannot be called during Awake, CheckConsistency, or OnValidate (Content: OnRectTransformDimensionsChange)
SendMessage cannot be called during Awake, CheckConsistency, or OnValidate (Content: OnRectTransformDimensionsChange)
SendMessage cannot be called during Awake, CheckConsistency, or OnValidate (Content: OnRectTransformDimensionsChange)
SendMessage cannot be called during Awake, CheckConsistency, or OnValidate (Content: OnRectTransformDimensionsChange)
SendMessage cannot be called during Awake, CheckConsistency, or OnValidate (Content: OnRectTransformDimensionsChange)
SendMessage cannot be called during Awake, CheckConsistency, or OnValidate (Content: OnRectTransformDimensionsChange)
SendMessage cannot be called during Awake, CheckConsistency, or OnValidate (Content: OnRectTransformDimensionsChange)
SendMessage cannot be called during Awake, CheckConsistency, or OnValidate (Content: OnRectTransformDimensionsChange)
SendMessage cannot be called during Awake, CheckConsistency, or OnValidate (Content: OnRectTransformDimensionsChange)
SendMessage cannot be called during Awake, CheckConsistency, or OnValidate (Content: OnRectTransformDimensionsChange)
Loaded scene 'Assets/Scenes/StarMapScene.unity'
	Deserialize:            113.593 ms
	Integration:            298.837 ms
	Integration of assets:  3.730 ms
	Thread Wait Time:       0.007 ms
	Total Operation Time:   416.166 ms
Unloading 376 unused Assets / (257.6 KB). Loaded Objects now: 20129.
Memory consumption went from 185.1 MB to 184.8 MB.
Total: 8.016900 ms (FindLiveObjects: 0.683400 ms CreateObjectMapping: 0.590600 ms MarkObjects: 6.465500 ms  DeleteObjects: 0.276500 ms)

Asset Pipeline Refresh (id=2845f260da71e0a4d866f4bbd5849696): Total: 0.043 seconds - Initiated by RefreshV2(NoUpdateAssetOptions)
Serialization depth limit 10 exceeded at 'GameDatabase.Serializable::FactionFilterSerializable.Type'. There may be an object composition cycle in one or more of your serialized classes. Consider rearranging data or use `[SerializeReference]`. 

Serialization hierarchy:
11: GameDatabase.Serializable::FactionFilterSerializable.Type
10: GameDatabase.Serializable::LootContentSerializable.Factions
9: GameDatabase.Serializable::LootItemSerializable.Loot
8: GameDatabase.Serializable::LootContentSerializable.Items
7: GameDatabase.Serializable::LootItemSerializable.Loot
6: GameDatabase.Serializable::LootContentSerializable.Items
5: GameDatabase.Serializable::LootItemSerializable.Loot
4: GameDatabase.Serializable::LootContentSerializable.Items
3: GameDatabase.Serializable::LootItemSerializable.Loot
2: GameDatabase.Serializable::LootContentSerializable.Items
1: GameDatabase.Serializable::RequirementSerializable.Loot
0: GameDatabase.Serializable::QuestSerializable.Requirement
Serialization depth limit 10 exceeded at 'GameDatabase.Serializable::LootContentSerializable.Type'. There may be an object composition cycle in one or more of your serialized classes. Consider rearranging data or use `[SerializeReference]`. 

Serialization hierarchy:
11: GameDatabase.Serializable::LootContentSerializable.Type
10: GameDatabase.Serializable::LootItemSerializable.Loot
9: GameDatabase.Serializable::LootContentSerializable.Items
8: GameDatabase.Serializable::LootItemSerializable.Loot
7: GameDatabase.Serializable::LootContentSerializable.Items
6: GameDatabase.Serializable::LootItemSerializable.Loot
5: GameDatabase.Serializable::LootContentSerializable.Items
4: GameDatabase.Serializable::LootItemSerializable.Loot
3: GameDatabase.Serializable::LootContentSerializable.Items
2: GameDatabase.Serializable::RequirementSerializable.Loot
1: GameDatabase.Serializable::NodeActionSerializable.Requirement
0: GameDatabase.Serializable::NodeSerializable.Actions
Serialization depth limit 10 exceeded at 'GameDatabase.Serializable::FactionFilterSerializable.Type'. There may be an object composition cycle in one or more of your serialized classes. Consider rearranging data or use `[SerializeReference]`. 

Serialization hierarchy:
11: GameDatabase.Serializable::FactionFilterSerializable.Type
10: GameDatabase.Serializable::LootContentSerializable.Factions
9: GameDatabase.Serializable::LootItemSerializable.Loot
8: GameDatabase.Serializable::LootContentSerializable.Items
7: GameDatabase.Serializable::LootItemSerializable.Loot
6: GameDatabase.Serializable::LootContentSerializable.Items
5: GameDatabase.Serializable::LootItemSerializable.Loot
4: GameDatabase.Serializable::LootContentSerializable.Items
3: GameDatabase.Serializable::LootItemSerializable.Loot
2: GameDatabase.Serializable::LootContentSerializable.Items
1: GameDatabase.Serializable::RequirementSerializable.Loot
0: GameDatabase.Serializable::NodeActionSerializable.Requirement
Serialization depth limit 10 exceeded at 'GameDatabase.Serializable::FactionFilterSerializable.Type'. There may be an object composition cycle in one or more of your serialized classes. Consider rearranging data or use `[SerializeReference]`. 

Serialization hierarchy:
11: GameDatabase.Serializable::FactionFilterSerializable.Type
10: GameDatabase.Serializable::LootContentSerializable.Factions
9: GameDatabase.Serializable::LootItemSerializable.Loot
8: GameDatabase.Serializable::LootContentSerializable.Items
7: GameDatabase.Serializable::LootItemSerializable.Loot
6: GameDatabase.Serializable::LootContentSerializable.Items
5: GameDatabase.Serializable::LootItemSerializable.Loot
4: GameDatabase.Serializable::LootContentSerializable.Items
3: GameDatabase.Serializable::LootItemSerializable.Loot
2: GameDatabase.Serializable::LootContentSerializable.Items
1: GameDatabase.Serializable::RequirementSerializable.Loot
0: GameDatabase.Serializable::NodeTransitionSerializable.Requirement
Serialization depth limit 10 exceeded at 'GameDatabase.Serializable::LootContentSerializable.Type'. There may be an object composition cycle in one or more of your serialized classes. Consider rearranging data or use `[SerializeReference]`. 

Serialization hierarchy:
11: GameDatabase.Serializable::LootContentSerializable.Type
10: GameDatabase.Serializable::LootItemSerializable.Loot
9: GameDatabase.Serializable::LootContentSerializable.Items
8: GameDatabase.Serializable::LootItemSerializable.Loot
7: GameDatabase.Serializable::LootContentSerializable.Items
6: GameDatabase.Serializable::LootItemSerializable.Loot
5: GameDatabase.Serializable::LootContentSerializable.Items
4: GameDatabase.Serializable::LootItemSerializable.Loot
3: GameDatabase.Serializable::LootContentSerializable.Items
2: GameDatabase.Serializable::LootItemSerializable.Loot
1: GameDatabase.Serializable::LootContentSerializable.Items
0: GameDatabase.Serializable::RequirementSerializable.Loot
Serialization depth limit 10 exceeded at 'GameDatabase.Serializable::LootContentSerializable.Type'. There may be an object composition cycle in one or more of your serialized classes. Consider rearranging data or use `[SerializeReference]`. 

Serialization hierarchy:
11: GameDatabase.Serializable::LootContentSerializable.Type
10: GameDatabase.Serializable::LootItemSerializable.Loot
9: GameDatabase.Serializable::LootContentSerializable.Items
8: GameDatabase.Serializable::LootItemSerializable.Loot
7: GameDatabase.Serializable::LootContentSerializable.Items
6: GameDatabase.Serializable::LootItemSerializable.Loot
5: GameDatabase.Serializable::LootContentSerializable.Items
4: GameDatabase.Serializable::LootItemSerializable.Loot
3: GameDatabase.Serializable::LootContentSerializable.Items
2: GameDatabase.Serializable::LootItemSerializable.Loot
1: GameDatabase.Serializable::LootContentSerializable.Items
0: GameDatabase.Serializable::LootSerializable.Loot
Serialization depth limit 10 exceeded at 'GameDatabase.Serializable::LootContentSerializable.Type'. There may be an object composition cycle in one or more of your serialized classes. Consider rearranging data or use `[SerializeReference]`. 

Serialization hierarchy:
11: GameDatabase.Serializable::LootContentSerializable.Type
10: GameDatabase.Serializable::LootItemSerializable.Loot
9: GameDatabase.Serializable::LootContentSerializable.Items
8: GameDatabase.Serializable::LootItemSerializable.Loot
7: GameDatabase.Serializable::LootContentSerializable.Items
6: GameDatabase.Serializable::LootItemSerializable.Loot
5: GameDatabase.Serializable::LootContentSerializable.Items
4: GameDatabase.Serializable::LootItemSerializable.Loot
3: GameDatabase.Serializable::LootContentSerializable.Items
2: GameDatabase.Serializable::LootItemSerializable.Loot
1: GameDatabase.Serializable::LootContentSerializable.Items
0: GameDatabase.Serializable::LootItemSerializable.Loot
Serialization depth limit 10 exceeded at 'GameDatabase.Serializable::FactionFilterSerializable.Type'. There may be an object composition cycle in one or more of your serialized classes. Consider rearranging data or use `[SerializeReference]`. 

Serialization hierarchy:
11: GameDatabase.Serializable::FactionFilterSerializable.Type
10: GameDatabase.Serializable::LootContentSerializable.Factions
9: GameDatabase.Serializable::LootItemSerializable.Loot
8: GameDatabase.Serializable::LootContentSerializable.Items
7: GameDatabase.Serializable::LootItemSerializable.Loot
6: GameDatabase.Serializable::LootContentSerializable.Items
5: GameDatabase.Serializable::LootItemSerializable.Loot
4: GameDatabase.Serializable::LootContentSerializable.Items
3: GameDatabase.Serializable::LootItemSerializable.Loot
2: GameDatabase.Serializable::LootContentSerializable.Items
1: GameDatabase.Serializable::DebugCodeSerializable.Loot
0: GameDatabase.Serializable::DebugSettingsSerializable.Codes
Serialization depth limit 10 exceeded at 'GameDatabase.Serializable::LootContentSerializable.Type'. There may be an object composition cycle in one or more of your serialized classes. Consider rearranging data or use `[SerializeReference]`. 

Serialization hierarchy:
11: GameDatabase.Serializable::LootContentSerializable.Type
10: GameDatabase.Serializable::LootItemSerializable.Loot
9: GameDatabase.Serializable::LootContentSerializable.Items
8: GameDatabase.Serializable::LootItemSerializable.Loot
7: GameDatabase.Serializable::LootContentSerializable.Items
6: GameDatabase.Serializable::LootItemSerializable.Loot
5: GameDatabase.Serializable::LootContentSerializable.Items
4: GameDatabase.Serializable::LootItemSerializable.Loot
3: GameDatabase.Serializable::LootContentSerializable.Items
2: GameDatabase.Serializable::LootItemSerializable.Loot
1: GameDatabase.Serializable::LootContentSerializable.Items
0: GameDatabase.Serializable::DebugCodeSerializable.Loot
barrels do not fit layout 163
UnityEngine.Debug:ExtractStackTraceNoAlloc (byte*,int,string)
UnityEngine.StackTraceUtility:ExtractStackTrace ()
UnityEngine.DebugLogHandler:Internal_Log (UnityEngine.LogType,UnityEngine.LogOption,string,UnityEngine.Object)
UnityEngine.DebugLogHandler:LogFormat (UnityEngine.LogType,UnityEngine.Object,string,object[])
UnityEngine.Logger:Log (UnityEngine.LogType,object,UnityEngine.Object)
UnityEngine.Debug:LogError (object,UnityEngine.Object)
GameDiagnostics.UnityLogger:LogError (string,UnityEngine.GameObject) (at Assets/ModulesShared/Diagnostics/Scripts/UnityLogger.cs:9)
GameDiagnostics.Trace:LogError (string) (at Assets/ModulesShared/Diagnostics/Scripts/Debug.cs:35)
GameDatabase.Utils.BarrelConverter:Convert (GameDatabase.Model.Layout,GameDatabase.Serializable.BarrelSerializable[],int) (at Assets/Modules/Database/Scripts/Utils/BarrelConverter.cs:20)
GameDatabase.DataModel.Ship:OnDataDeserialized (GameDatabase.Serializable.ShipSerializable,GameDatabase.Database/Loader) (at Assets/Modules/Database/Scripts/DataModel/Ship.cs:11)
GameDatabase.DataModel.Ship:.ctor (GameDatabase.Serializable.ShipSerializable,GameDatabase.Database/Loader) (at Assets/Modules/Database/Scripts/GeneratedGameCode/DataModel/Ship.cs:49)
GameDatabase.DataModel.Ship:Create (GameDatabase.Serializable.ShipSerializable,GameDatabase.Database/Loader) (at Assets/Modules/Database/Scripts/GeneratedGameCode/DataModel/Ship.cs:22)
GameDatabase.Database/Loader:GetShip (GameDatabase.Model.ItemId`1<GameDatabase.DataModel.Ship>,bool) (at Assets/Modules/Database/Scripts/GeneratedGameCode/Database.cs:535)
GameDatabase.DataModel.ShipBuild:.ctor (GameDatabase.Serializable.ShipBuildSerializable,GameDatabase.Database/Loader) (at Assets/Modules/Database/Scripts/GeneratedGameCode/DataModel/ShipBuild.cs:30)
GameDatabase.DataModel.ShipBuild:Create (GameDatabase.Serializable.ShipBuildSerializable,GameDatabase.Database/Loader) (at Assets/Modules/Database/Scripts/GeneratedGameCode/DataModel/ShipBuild.cs:22)
GameDatabase.Database/Loader:GetShipBuild (GameDatabase.Model.ItemId`1<GameDatabase.DataModel.ShipBuild>,bool) (at Assets/Modules/Database/Scripts/GeneratedGameCode/Database.cs:545)
GameDatabase.DataModel.Component:.ctor (GameDatabase.Serializable.ComponentSerializable,GameDatabase.Database/Loader) (at Assets/Modules/Database/Scripts/GeneratedGameCode/DataModel/Component.cs:49)
GameDatabase.DataModel.Component:Create (GameDatabase.Serializable.ComponentSerializable,GameDatabase.Database/Loader) (at Assets/Modules/Database/Scripts/GeneratedGameCode/DataModel/Component.cs:22)
GameDatabase.Database/Loader:Load () (at Assets/Modules/Database/Scripts/GeneratedGameCode/Database.cs:287)
GameDatabase.Database/Loader:Load (GameDatabase.Database,GameDatabase.Storage.DatabaseContent) (at Assets/Modules/Database/Scripts/GeneratedGameCode/Database.cs:271)
GameDatabase.Database:Load (GameDatabase.Storage.IDataStorage) (at Assets/Modules/Database/Scripts/Database.cs:153)
GameDatabase.Database:LoadDefault () (at Assets/Modules/Database/Scripts/Database.cs:94)
ReUI.Editor.ReUIValidation:ValidateBeta5ThemeAndAssets () (at Assets/ReUI/Editor/ReUIValidation.cs:960)
ReUI.Editor.ReUIValidation:ValidateBeta5 () (at Assets/ReUI/Editor/ReUIValidation.cs:292)
ReUI.Editor.ReUIValidation:ValidateBeta52 () (at Assets/ReUI/Editor/ReUIValidation.cs:301)
ReUI.Editor.ReUIValidation:ValidateBeta6 () (at Assets/ReUI/Editor/ReUIValidation.cs:309)
ReUI.Editor.ReUIValidation:ValidateBeta7 () (at Assets/ReUI/Editor/ReUIValidation.cs:568)
ReUI.Editor.ReUIValidation:ValidateBeta81 () (at Assets/ReUI/Editor/ReUIValidation.cs:664)
ReUI.Editor.ReUIValidation:ValidateBeta82 () (at Assets/ReUI/Editor/ReUIValidation.cs:783)

(Filename: Assets/ModulesShared/Diagnostics/Scripts/Debug.cs Line: 35)

barrels do not fit layout 164
UnityEngine.Debug:ExtractStackTraceNoAlloc (byte*,int,string)
UnityEngine.StackTraceUtility:ExtractStackTrace ()
UnityEngine.DebugLogHandler:Internal_Log (UnityEngine.LogType,UnityEngine.LogOption,string,UnityEngine.Object)
UnityEngine.DebugLogHandler:LogFormat (UnityEngine.LogType,UnityEngine.Object,string,object[])
UnityEngine.Logger:Log (UnityEngine.LogType,object,UnityEngine.Object)
UnityEngine.Debug:LogError (object,UnityEngine.Object)
GameDiagnostics.UnityLogger:LogError (string,UnityEngine.GameObject) (at Assets/ModulesShared/Diagnostics/Scripts/UnityLogger.cs:9)
GameDiagnostics.Trace:LogError (string) (at Assets/ModulesShared/Diagnostics/Scripts/Debug.cs:35)
GameDatabase.Utils.BarrelConverter:Convert (GameDatabase.Model.Layout,GameDatabase.Serializable.BarrelSerializable[],int) (at Assets/Modules/Database/Scripts/Utils/BarrelConverter.cs:20)
GameDatabase.DataModel.Ship:OnDataDeserialized (GameDatabase.Serializable.ShipSerializable,GameDatabase.Database/Loader) (at Assets/Modules/Database/Scripts/DataModel/Ship.cs:11)
GameDatabase.DataModel.Ship:.ctor (GameDatabase.Serializable.ShipSerializable,GameDatabase.Database/Loader) (at Assets/Modules/Database/Scripts/GeneratedGameCode/DataModel/Ship.cs:49)
GameDatabase.DataModel.Ship:Create (GameDatabase.Serializable.ShipSerializable,GameDatabase.Database/Loader) (at Assets/Modules/Database/Scripts/GeneratedGameCode/DataModel/Ship.cs:22)
GameDatabase.Database/Loader:Load () (at Assets/Modules/Database/Scripts/GeneratedGameCode/Database.cs:320)
GameDatabase.Database/Loader:Load (GameDatabase.Database,GameDatabase.Storage.DatabaseContent) (at Assets/Modules/Database/Scripts/GeneratedGameCode/Database.cs:271)
GameDatabase.Database:Load (GameDatabase.Storage.IDataStorage) (at Assets/Modules/Database/Scripts/Database.cs:153)
GameDatabase.Database:LoadDefault () (at Assets/Modules/Database/Scripts/Database.cs:94)
ReUI.Editor.ReUIValidation:ValidateBeta5ThemeAndAssets () (at Assets/ReUI/Editor/ReUIValidation.cs:960)
ReUI.Editor.ReUIValidation:ValidateBeta5 () (at Assets/ReUI/Editor/ReUIValidation.cs:292)
ReUI.Editor.ReUIValidation:ValidateBeta52 () (at Assets/ReUI/Editor/ReUIValidation.cs:301)
ReUI.Editor.ReUIValidation:ValidateBeta6 () (at Assets/ReUI/Editor/ReUIValidation.cs:309)
ReUI.Editor.ReUIValidation:ValidateBeta7 () (at Assets/ReUI/Editor/ReUIValidation.cs:568)
ReUI.Editor.ReUIValidation:ValidateBeta81 () (at Assets/ReUI/Editor/ReUIValidation.cs:664)
ReUI.Editor.ReUIValidation:ValidateBeta82 () (at Assets/ReUI/Editor/ReUIValidation.cs:783)

(Filename: Assets/ModulesShared/Diagnostics/Scripts/Debug.cs Line: 35)

barrels do not fit layout 162
UnityEngine.Debug:ExtractStackTraceNoAlloc (byte*,int,string)
UnityEngine.StackTraceUtility:ExtractStackTrace ()
UnityEngine.DebugLogHandler:Internal_Log (UnityEngine.LogType,UnityEngine.LogOption,string,UnityEngine.Object)
UnityEngine.DebugLogHandler:LogFormat (UnityEngine.LogType,UnityEngine.Object,string,object[])
UnityEngine.Logger:Log (UnityEngine.LogType,object,UnityEngine.Object)
UnityEngine.Debug:LogError (object,UnityEngine.Object)
GameDiagnostics.UnityLogger:LogError (string,UnityEngine.GameObject) (at Assets/ModulesShared/Diagnostics/Scripts/UnityLogger.cs:9)
GameDiagnostics.Trace:LogError (string) (at Assets/ModulesShared/Diagnostics/Scripts/Debug.cs:35)
GameDatabase.Utils.BarrelConverter:Convert (GameDatabase.Model.Layout,GameDatabase.Serializable.BarrelSerializable[],int) (at Assets/Modules/Database/Scripts/Utils/BarrelConverter.cs:20)
GameDatabase.DataModel.Ship:OnDataDeserialized (GameDatabase.Serializable.ShipSerializable,GameDatabase.Database/Loader) (at Assets/Modules/Database/Scripts/DataModel/Ship.cs:11)
GameDatabase.DataModel.Ship:.ctor (GameDatabase.Serializable.ShipSerializable,GameDatabase.Database/Loader) (at Assets/Modules/Database/Scripts/GeneratedGameCode/DataModel/Ship.cs:49)
GameDatabase.DataModel.Ship:Create (GameDatabase.Serializable.ShipSerializable,GameDatabase.Database/Loader) (at Assets/Modules/Database/Scripts/GeneratedGameCode/DataModel/Ship.cs:22)
GameDatabase.Database/Loader:Load () (at Assets/Modules/Database/Scripts/GeneratedGameCode/Database.cs:320)
GameDatabase.Database/Loader:Load (GameDatabase.Database,GameDatabase.Storage.DatabaseContent) (at Assets/Modules/Database/Scripts/GeneratedGameCode/Database.cs:271)
GameDatabase.Database:Load (GameDatabase.Storage.IDataStorage) (at Assets/Modules/Database/Scripts/Database.cs:153)
GameDatabase.Database:LoadDefault () (at Assets/Modules/Database/Scripts/Database.cs:94)
ReUI.Editor.ReUIValidation:ValidateBeta5ThemeAndAssets () (at Assets/ReUI/Editor/ReUIValidation.cs:960)
ReUI.Editor.ReUIValidation:ValidateBeta5 () (at Assets/ReUI/Editor/ReUIValidation.cs:292)
ReUI.Editor.ReUIValidation:ValidateBeta52 () (at Assets/ReUI/Editor/ReUIValidation.cs:301)
ReUI.Editor.ReUIValidation:ValidateBeta6 () (at Assets/ReUI/Editor/ReUIValidation.cs:309)
ReUI.Editor.ReUIValidation:ValidateBeta7 () (at Assets/ReUI/Editor/ReUIValidation.cs:568)
ReUI.Editor.ReUIValidation:ValidateBeta81 () (at Assets/ReUI/Editor/ReUIValidation.cs:664)
ReUI.Editor.ReUIValidation:ValidateBeta82 () (at Assets/ReUI/Editor/ReUIValidation.cs:783)

(Filename: Assets/ModulesShared/Diagnostics/Scripts/Debug.cs Line: 35)

barrels do not fit layout 165
UnityEngine.Debug:ExtractStackTraceNoAlloc (byte*,int,string)
UnityEngine.StackTraceUtility:ExtractStackTrace ()
UnityEngine.DebugLogHandler:Internal_Log (UnityEngine.LogType,UnityEngine.LogOption,string,UnityEngine.Object)
UnityEngine.DebugLogHandler:LogFormat (UnityEngine.LogType,UnityEngine.Object,string,object[])
UnityEngine.Logger:Log (UnityEngine.LogType,object,UnityEngine.Object)
UnityEngine.Debug:LogError (object,UnityEngine.Object)
GameDiagnostics.UnityLogger:LogError (string,UnityEngine.GameObject) (at Assets/ModulesShared/Diagnostics/Scripts/UnityLogger.cs:9)
GameDiagnostics.Trace:LogError (string) (at Assets/ModulesShared/Diagnostics/Scripts/Debug.cs:35)
GameDatabase.Utils.BarrelConverter:Convert (GameDatabase.Model.Layout,GameDatabase.Serializable.BarrelSerializable[],int) (at Assets/Modules/Database/Scripts/Utils/BarrelConverter.cs:20)
GameDatabase.DataModel.Ship:OnDataDeserialized (GameDatabase.Serializable.ShipSerializable,GameDatabase.Database/Loader) (at Assets/Modules/Database/Scripts/DataModel/Ship.cs:11)
GameDatabase.DataModel.Ship:.ctor (GameDatabase.Serializable.ShipSerializable,GameDatabase.Database/Loader) (at Assets/Modules/Database/Scripts/GeneratedGameCode/DataModel/Ship.cs:49)
GameDatabase.DataModel.Ship:Create (GameDatabase.Serializable.ShipSerializable,GameDatabase.Database/Loader) (at Assets/Modules/Database/Scripts/GeneratedGameCode/DataModel/Ship.cs:22)
GameDatabase.Database/Loader:Load () (at Assets/Modules/Database/Scripts/GeneratedGameCode/Database.cs:320)
GameDatabase.Database/Loader:Load (GameDatabase.Database,GameDatabase.Storage.DatabaseContent) (at Assets/Modules/Database/Scripts/GeneratedGameCode/Database.cs:271)
GameDatabase.Database:Load (GameDatabase.Storage.IDataStorage) (at Assets/Modules/Database/Scripts/Database.cs:153)
GameDatabase.Database:LoadDefault () (at Assets/Modules/Database/Scripts/Database.cs:94)
ReUI.Editor.ReUIValidation:ValidateBeta5ThemeAndAssets () (at Assets/ReUI/Editor/ReUIValidation.cs:960)
ReUI.Editor.ReUIValidation:ValidateBeta5 () (at Assets/ReUI/Editor/ReUIValidation.cs:292)
ReUI.Editor.ReUIValidation:ValidateBeta52 () (at Assets/ReUI/Editor/ReUIValidation.cs:301)
ReUI.Editor.ReUIValidation:ValidateBeta6 () (at Assets/ReUI/Editor/ReUIValidation.cs:309)
ReUI.Editor.ReUIValidation:ValidateBeta7 () (at Assets/ReUI/Editor/ReUIValidation.cs:568)
ReUI.Editor.ReUIValidation:ValidateBeta81 () (at Assets/ReUI/Editor/ReUIValidation.cs:664)
ReUI.Editor.ReUIValidation:ValidateBeta82 () (at Assets/ReUI/Editor/ReUIValidation.cs:783)

(Filename: Assets/ModulesShared/Diagnostics/Scripts/Debug.cs Line: 35)

barrels do not fit layout 161
UnityEngine.Debug:ExtractStackTraceNoAlloc (byte*,int,string)
UnityEngine.StackTraceUtility:ExtractStackTrace ()
UnityEngine.DebugLogHandler:Internal_Log (UnityEngine.LogType,UnityEngine.LogOption,string,UnityEngine.Object)
UnityEngine.DebugLogHandler:LogFormat (UnityEngine.LogType,UnityEngine.Object,string,object[])
UnityEngine.Logger:Log (UnityEngine.LogType,object,UnityEngine.Object)
UnityEngine.Debug:LogError (object,UnityEngine.Object)
GameDiagnostics.UnityLogger:LogError (string,UnityEngine.GameObject) (at Assets/ModulesShared/Diagnostics/Scripts/UnityLogger.cs:9)
GameDiagnostics.Trace:LogError (string) (at Assets/ModulesShared/Diagnostics/Scripts/Debug.cs:35)
GameDatabase.Utils.BarrelConverter:Convert (GameDatabase.Model.Layout,GameDatabase.Serializable.BarrelSerializable[],int) (at Assets/Modules/Database/Scripts/Utils/BarrelConverter.cs:20)
GameDatabase.DataModel.Ship:OnDataDeserialized (GameDatabase.Serializable.ShipSerializable,GameDatabase.Database/Loader) (at Assets/Modules/Database/Scripts/DataModel/Ship.cs:11)
GameDatabase.DataModel.Ship:.ctor (GameDatabase.Serializable.ShipSerializable,GameDatabase.Database/Loader) (at Assets/Modules/Database/Scripts/GeneratedGameCode/DataModel/Ship.cs:49)
GameDatabase.DataModel.Ship:Create (GameDatabase.Serializable.ShipSerializable,GameDatabase.Database/Loader) (at Assets/Modules/Database/Scripts/GeneratedGameCode/DataModel/Ship.cs:22)
GameDatabase.Database/Loader:Load () (at Assets/Modules/Database/Scripts/GeneratedGameCode/Database.cs:320)
GameDatabase.Database/Loader:Load (GameDatabase.Database,GameDatabase.Storage.DatabaseContent) (at Assets/Modules/Database/Scripts/GeneratedGameCode/Database.cs:271)
GameDatabase.Database:Load (GameDatabase.Storage.IDataStorage) (at Assets/Modules/Database/Scripts/Database.cs:153)
GameDatabase.Database:LoadDefault () (at Assets/Modules/Database/Scripts/Database.cs:94)
ReUI.Editor.ReUIValidation:ValidateBeta5ThemeAndAssets () (at Assets/ReUI/Editor/ReUIValidation.cs:960)
ReUI.Editor.ReUIValidation:ValidateBeta5 () (at Assets/ReUI/Editor/ReUIValidation.cs:292)
ReUI.Editor.ReUIValidation:ValidateBeta52 () (at Assets/ReUI/Editor/ReUIValidation.cs:301)
ReUI.Editor.ReUIValidation:ValidateBeta6 () (at Assets/ReUI/Editor/ReUIValidation.cs:309)
ReUI.Editor.ReUIValidation:ValidateBeta7 () (at Assets/ReUI/Editor/ReUIValidation.cs:568)
ReUI.Editor.ReUIValidation:ValidateBeta81 () (at Assets/ReUI/Editor/ReUIValidation.cs:664)
ReUI.Editor.ReUIValidation:ValidateBeta82 () (at Assets/ReUI/Editor/ReUIValidation.cs:783)

(Filename: Assets/ModulesShared/Diagnostics/Scripts/Debug.cs Line: 35)

barrels do not fit layout 94000
UnityEngine.Debug:ExtractStackTraceNoAlloc (byte*,int,string)
UnityEngine.StackTraceUtility:ExtractStackTrace ()
UnityEngine.DebugLogHandler:Internal_Log (UnityEngine.LogType,UnityEngine.LogOption,string,UnityEngine.Object)
UnityEngine.DebugLogHandler:LogFormat (UnityEngine.LogType,UnityEngine.Object,string,object[])
UnityEngine.Logger:Log (UnityEngine.LogType,object,UnityEngine.Object)
UnityEngine.Debug:LogError (object,UnityEngine.Object)
GameDiagnostics.UnityLogger:LogError (string,UnityEngine.GameObject) (at Assets/ModulesShared/Diagnostics/Scripts/UnityLogger.cs:9)
GameDiagnostics.Trace:LogError (string) (at Assets/ModulesShared/Diagnostics/Scripts/Debug.cs:35)
GameDatabase.Utils.BarrelConverter:Convert (GameDatabase.Model.Layout,GameDatabase.Serializable.BarrelSerializable[],int) (at Assets/Modules/Database/Scripts/Utils/BarrelConverter.cs:20)
GameDatabase.DataModel.Ship:OnDataDeserialized (GameDatabase.Serializable.ShipSerializable,GameDatabase.Database/Loader) (at Assets/Modules/Database/Scripts/DataModel/Ship.cs:11)
GameDatabase.DataModel.Ship:.ctor (GameDatabase.Serializable.ShipSerializable,GameDatabase.Database/Loader) (at Assets/Modules/Database/Scripts/GeneratedGameCode/DataModel/Ship.cs:49)
GameDatabase.DataModel.Ship:Create (GameDatabase.Serializable.ShipSerializable,GameDatabase.Database/Loader) (at Assets/Modules/Database/Scripts/GeneratedGameCode/DataModel/Ship.cs:22)
GameDatabase.Database/Loader:Load () (at Assets/Modules/Database/Scripts/GeneratedGameCode/Database.cs:320)
GameDatabase.Database/Loader:Load (GameDatabase.Database,GameDatabase.Storage.DatabaseContent) (at Assets/Modules/Database/Scripts/GeneratedGameCode/Database.cs:271)
GameDatabase.Database:Load (GameDatabase.Storage.IDataStorage) (at Assets/Modules/Database/Scripts/Database.cs:153)
GameDatabase.Database:LoadDefault () (at Assets/Modules/Database/Scripts/Database.cs:94)
ReUI.Editor.ReUIValidation:ValidateBeta5ThemeAndAssets () (at Assets/ReUI/Editor/ReUIValidation.cs:960)
ReUI.Editor.ReUIValidation:ValidateBeta5 () (at Assets/ReUI/Editor/ReUIValidation.cs:292)
ReUI.Editor.ReUIValidation:ValidateBeta52 () (at Assets/ReUI/Editor/ReUIValidation.cs:301)
ReUI.Editor.ReUIValidation:ValidateBeta6 () (at Assets/ReUI/Editor/ReUIValidation.cs:309)
ReUI.Editor.ReUIValidation:ValidateBeta7 () (at Assets/ReUI/Editor/ReUIValidation.cs:568)
ReUI.Editor.ReUIValidation:ValidateBeta81 () (at Assets/ReUI/Editor/ReUIValidation.cs:664)
ReUI.Editor.ReUIValidation:ValidateBeta82 () (at Assets/ReUI/Editor/ReUIValidation.cs:783)

(Filename: Assets/ModulesShared/Diagnostics/Scripts/Debug.cs Line: 35)

barrels do not fit layout 1145141
UnityEngine.Debug:ExtractStackTraceNoAlloc (byte*,int,string)
UnityEngine.StackTraceUtility:ExtractStackTrace ()
UnityEngine.DebugLogHandler:Internal_Log (UnityEngine.LogType,UnityEngine.LogOption,string,UnityEngine.Object)
UnityEngine.DebugLogHandler:LogFormat (UnityEngine.LogType,UnityEngine.Object,string,object[])
UnityEngine.Logger:Log (UnityEngine.LogType,object,UnityEngine.Object)
UnityEngine.Debug:LogError (object,UnityEngine.Object)
GameDiagnostics.UnityLogger:LogError (string,UnityEngine.GameObject) (at Assets/ModulesShared/Diagnostics/Scripts/UnityLogger.cs:9)
GameDiagnostics.Trace:LogError (string) (at Assets/ModulesShared/Diagnostics/Scripts/Debug.cs:35)
GameDatabase.Utils.BarrelConverter:Convert (GameDatabase.Model.Layout,GameDatabase.Serializable.BarrelSerializable[],int) (at Assets/Modules/Database/Scripts/Utils/BarrelConverter.cs:20)
GameDatabase.DataModel.Ship:OnDataDeserialized (GameDatabase.Serializable.ShipSerializable,GameDatabase.Database/Loader) (at Assets/Modules/Database/Scripts/DataModel/Ship.cs:11)
GameDatabase.DataModel.Ship:.ctor (GameDatabase.Serializable.ShipSerializable,GameDatabase.Database/Loader) (at Assets/Modules/Database/Scripts/GeneratedGameCode/DataModel/Ship.cs:49)
GameDatabase.DataModel.Ship:Create (GameDatabase.Serializable.ShipSerializable,GameDatabase.Database/Loader) (at Assets/Modules/Database/Scripts/GeneratedGameCode/DataModel/Ship.cs:22)
GameDatabase.Database/Loader:Load () (at Assets/Modules/Database/Scripts/GeneratedGameCode/Database.cs:320)
GameDatabase.Database/Loader:Load (GameDatabase.Database,GameDatabase.Storage.DatabaseContent) (at Assets/Modules/Database/Scripts/GeneratedGameCode/Database.cs:271)
GameDatabase.Database:Load (GameDatabase.Storage.IDataStorage) (at Assets/Modules/Database/Scripts/Database.cs:153)
GameDatabase.Database:LoadDefault () (at Assets/Modules/Database/Scripts/Database.cs:94)
ReUI.Editor.ReUIValidation:ValidateBeta5ThemeAndAssets () (at Assets/ReUI/Editor/ReUIValidation.cs:960)
ReUI.Editor.ReUIValidation:ValidateBeta5 () (at Assets/ReUI/Editor/ReUIValidation.cs:292)
ReUI.Editor.ReUIValidation:ValidateBeta52 () (at Assets/ReUI/Editor/ReUIValidation.cs:301)
ReUI.Editor.ReUIValidation:ValidateBeta6 () (at Assets/ReUI/Editor/ReUIValidation.cs:309)
ReUI.Editor.ReUIValidation:ValidateBeta7 () (at Assets/ReUI/Editor/ReUIValidation.cs:568)
ReUI.Editor.ReUIValidation:ValidateBeta81 () (at Assets/ReUI/Editor/ReUIValidation.cs:664)
ReUI.Editor.ReUIValidation:ValidateBeta82 () (at Assets/ReUI/Editor/ReUIValidation.cs:783)

(Filename: Assets/ModulesShared/Diagnostics/Scripts/Debug.cs Line: 35)

barrels do not fit layout 1145142
UnityEngine.Debug:ExtractStackTraceNoAlloc (byte*,int,string)
UnityEngine.StackTraceUtility:ExtractStackTrace ()
UnityEngine.DebugLogHandler:Internal_Log (UnityEngine.LogType,UnityEngine.LogOption,string,UnityEngine.Object)
UnityEngine.DebugLogHandler:LogFormat (UnityEngine.LogType,UnityEngine.Object,string,object[])
UnityEngine.Logger:Log (UnityEngine.LogType,object,UnityEngine.Object)
UnityEngine.Debug:LogError (object,UnityEngine.Object)
GameDiagnostics.UnityLogger:LogError (string,UnityEngine.GameObject) (at Assets/ModulesShared/Diagnostics/Scripts/UnityLogger.cs:9)
GameDiagnostics.Trace:LogError (string) (at Assets/ModulesShared/Diagnostics/Scripts/Debug.cs:35)
GameDatabase.Utils.BarrelConverter:Convert (GameDatabase.Model.Layout,GameDatabase.Serializable.BarrelSerializable[],int) (at Assets/Modules/Database/Scripts/Utils/BarrelConverter.cs:20)
GameDatabase.DataModel.Ship:OnDataDeserialized (GameDatabase.Serializable.ShipSerializable,GameDatabase.Database/Loader) (at Assets/Modules/Database/Scripts/DataModel/Ship.cs:11)
GameDatabase.DataModel.Ship:.ctor (GameDatabase.Serializable.ShipSerializable,GameDatabase.Database/Loader) (at Assets/Modules/Database/Scripts/GeneratedGameCode/DataModel/Ship.cs:49)
GameDatabase.DataModel.Ship:Create (GameDatabase.Serializable.ShipSerializable,GameDatabase.Database/Loader) (at Assets/Modules/Database/Scripts/GeneratedGameCode/DataModel/Ship.cs:22)
GameDatabase.Database/Loader:Load () (at Assets/Modules/Database/Scripts/GeneratedGameCode/Database.cs:320)
GameDatabase.Database/Loader:Load (GameDatabase.Database,GameDatabase.Storage.DatabaseContent) (at Assets/Modules/Database/Scripts/GeneratedGameCode/Database.cs:271)
GameDatabase.Database:Load (GameDatabase.Storage.IDataStorage) (at Assets/Modules/Database/Scripts/Database.cs:153)
GameDatabase.Database:LoadDefault () (at Assets/Modules/Database/Scripts/Database.cs:94)
ReUI.Editor.ReUIValidation:ValidateBeta5ThemeAndAssets () (at Assets/ReUI/Editor/ReUIValidation.cs:960)
ReUI.Editor.ReUIValidation:ValidateBeta5 () (at Assets/ReUI/Editor/ReUIValidation.cs:292)
ReUI.Editor.ReUIValidation:ValidateBeta52 () (at Assets/ReUI/Editor/ReUIValidation.cs:301)
ReUI.Editor.ReUIValidation:ValidateBeta6 () (at Assets/ReUI/Editor/ReUIValidation.cs:309)
ReUI.Editor.ReUIValidation:ValidateBeta7 () (at Assets/ReUI/Editor/ReUIValidation.cs:568)
ReUI.Editor.ReUIValidation:ValidateBeta81 () (at Assets/ReUI/Editor/ReUIValidation.cs:664)
ReUI.Editor.ReUIValidation:ValidateBeta82 () (at Assets/ReUI/Editor/ReUIValidation.cs:783)

(Filename: Assets/ModulesShared/Diagnostics/Scripts/Debug.cs Line: 35)

barrels do not fit layout 114514
UnityEngine.Debug:ExtractStackTraceNoAlloc (byte*,int,string)
UnityEngine.StackTraceUtility:ExtractStackTrace ()
UnityEngine.DebugLogHandler:Internal_Log (UnityEngine.LogType,UnityEngine.LogOption,string,UnityEngine.Object)
UnityEngine.DebugLogHandler:LogFormat (UnityEngine.LogType,UnityEngine.Object,string,object[])
UnityEngine.Logger:Log (UnityEngine.LogType,object,UnityEngine.Object)
UnityEngine.Debug:LogError (object,UnityEngine.Object)
GameDiagnostics.UnityLogger:LogError (string,UnityEngine.GameObject) (at Assets/ModulesShared/Diagnostics/Scripts/UnityLogger.cs:9)
GameDiagnostics.Trace:LogError (string) (at Assets/ModulesShared/Diagnostics/Scripts/Debug.cs:35)
GameDatabase.Utils.BarrelConverter:Convert (GameDatabase.Model.Layout,GameDatabase.Serializable.BarrelSerializable[],int) (at Assets/Modules/Database/Scripts/Utils/BarrelConverter.cs:20)
GameDatabase.DataModel.Ship:OnDataDeserialized (GameDatabase.Serializable.ShipSerializable,GameDatabase.Database/Loader) (at Assets/Modules/Database/Scripts/DataModel/Ship.cs:11)
GameDatabase.DataModel.Ship:.ctor (GameDatabase.Serializable.ShipSerializable,GameDatabase.Database/Loader) (at Assets/Modules/Database/Scripts/GeneratedGameCode/DataModel/Ship.cs:49)
GameDatabase.DataModel.Ship:Create (GameDatabase.Serializable.ShipSerializable,GameDatabase.Database/Loader) (at Assets/Modules/Database/Scripts/GeneratedGameCode/DataModel/Ship.cs:22)
GameDatabase.Database/Loader:Load () (at Assets/Modules/Database/Scripts/GeneratedGameCode/Database.cs:320)
GameDatabase.Database/Loader:Load (GameDatabase.Database,GameDatabase.Storage.DatabaseContent) (at Assets/Modules/Database/Scripts/GeneratedGameCode/Database.cs:271)
GameDatabase.Database:Load (GameDatabase.Storage.IDataStorage) (at Assets/Modules/Database/Scripts/Database.cs:153)
GameDatabase.Database:LoadDefault () (at Assets/Modules/Database/Scripts/Database.cs:94)
ReUI.Editor.ReUIValidation:ValidateBeta5ThemeAndAssets () (at Assets/ReUI/Editor/ReUIValidation.cs:960)
ReUI.Editor.ReUIValidation:ValidateBeta5 () (at Assets/ReUI/Editor/ReUIValidation.cs:292)
ReUI.Editor.ReUIValidation:ValidateBeta52 () (at Assets/ReUI/Editor/ReUIValidation.cs:301)
ReUI.Editor.ReUIValidation:ValidateBeta6 () (at Assets/ReUI/Editor/ReUIValidation.cs:309)
ReUI.Editor.ReUIValidation:ValidateBeta7 () (at Assets/ReUI/Editor/ReUIValidation.cs:568)
ReUI.Editor.ReUIValidation:ValidateBeta81 () (at Assets/ReUI/Editor/ReUIValidation.cs:664)
ReUI.Editor.ReUIValidation:ValidateBeta82 () (at Assets/ReUI/Editor/ReUIValidation.cs:783)

(Filename: Assets/ModulesShared/Diagnostics/Scripts/Debug.cs Line: 35)

[Beta5 Validation] uiTheme=player-selectable, presentation=classic-ugui, settings=serialized-controls, shipEditor=ui-settings, captain=authored-png, factionIcons=21-28-authored-png, runtimeScope=settings-palette-plus-specialized-ship-editor-and-combat
[Beta5.2 Validation] picker=large-sv-square, hue=vertical-strip, apply=explicit-and-persistent, classicTheme=live-refreshed
Asset Pipeline Refresh (id=d7c8cb34fa4eafa48859ad97fddad882): Total: 0.004 seconds - Initiated by RefreshV2(NoUpdateAssetOptions)
barrels do not fit layout 163
UnityEngine.Debug:ExtractStackTraceNoAlloc (byte*,int,string)
UnityEngine.StackTraceUtility:ExtractStackTrace ()
UnityEngine.DebugLogHandler:Internal_Log (UnityEngine.LogType,UnityEngine.LogOption,string,UnityEngine.Object)
UnityEngine.DebugLogHandler:LogFormat (UnityEngine.LogType,UnityEngine.Object,string,object[])
UnityEngine.Logger:Log (UnityEngine.LogType,object,UnityEngine.Object)
UnityEngine.Debug:LogError (object,UnityEngine.Object)
GameDiagnostics.UnityLogger:LogError (string,UnityEngine.GameObject) (at Assets/ModulesShared/Diagnostics/Scripts/UnityLogger.cs:9)
GameDiagnostics.Trace:LogError (string) (at Assets/ModulesShared/Diagnostics/Scripts/Debug.cs:35)
GameDatabase.Utils.BarrelConverter:Convert (GameDatabase.Model.Layout,GameDatabase.Serializable.BarrelSerializable[],int) (at Assets/Modules/Database/Scripts/Utils/BarrelConverter.cs:20)
GameDatabase.DataModel.Ship:OnDataDeserialized (GameDatabase.Serializable.ShipSerializable,GameDatabase.Database/Loader) (at Assets/Modules/Database/Scripts/DataModel/Ship.cs:11)
GameDatabase.DataModel.Ship:.ctor (GameDatabase.Serializable.ShipSerializable,GameDatabase.Database/Loader) (at Assets/Modules/Database/Scripts/GeneratedGameCode/DataModel/Ship.cs:49)
GameDatabase.DataModel.Ship:Create (GameDatabase.Serializable.ShipSerializable,GameDatabase.Database/Loader) (at Assets/Modules/Database/Scripts/GeneratedGameCode/DataModel/Ship.cs:22)
GameDatabase.Database/Loader:GetShip (GameDatabase.Model.ItemId`1<GameDatabase.DataModel.Ship>,bool) (at Assets/Modules/Database/Scripts/GeneratedGameCode/Database.cs:535)
GameDatabase.DataModel.ShipBuild:.ctor (GameDatabase.Serializable.ShipBuildSerializable,GameDatabase.Database/Loader) (at Assets/Modules/Database/Scripts/GeneratedGameCode/DataModel/ShipBuild.cs:30)
GameDatabase.DataModel.ShipBuild:Create (GameDatabase.Serializable.ShipBuildSerializable,GameDatabase.Database/Loader) (at Assets/Modules/Database/Scripts/GeneratedGameCode/DataModel/ShipBuild.cs:22)
GameDatabase.Database/Loader:GetShipBuild (GameDatabase.Model.ItemId`1<GameDatabase.DataModel.ShipBuild>,bool) (at Assets/Modules/Database/Scripts/GeneratedGameCode/Database.cs:545)
GameDatabase.DataModel.Component:.ctor (GameDatabase.Serializable.ComponentSerializable,GameDatabase.Database/Loader) (at Assets/Modules/Database/Scripts/GeneratedGameCode/DataModel/Component.cs:49)
GameDatabase.DataModel.Component:Create (GameDatabase.Serializable.ComponentSerializable,GameDatabase.Database/Loader) (at Assets/Modules/Database/Scripts/GeneratedGameCode/DataModel/Component.cs:22)
GameDatabase.Database/Loader:Load () (at Assets/Modules/Database/Scripts/GeneratedGameCode/Database.cs:287)
GameDatabase.Database/Loader:Load (GameDatabase.Database,GameDatabase.Storage.DatabaseContent) (at Assets/Modules/Database/Scripts/GeneratedGameCode/Database.cs:271)
GameDatabase.Database:Load (GameDatabase.Storage.IDataStorage) (at Assets/Modules/Database/Scripts/Database.cs:153)
GameDatabase.Database:LoadDefault () (at Assets/Modules/Database/Scripts/Database.cs:94)
ReUI.Editor.ReUIValidation:ValidateBeta6 () (at Assets/ReUI/Editor/ReUIValidation.cs:312)
ReUI.Editor.ReUIValidation:ValidateBeta7 () (at Assets/ReUI/Editor/ReUIValidation.cs:568)
ReUI.Editor.ReUIValidation:ValidateBeta81 () (at Assets/ReUI/Editor/ReUIValidation.cs:664)
ReUI.Editor.ReUIValidation:ValidateBeta82 () (at Assets/ReUI/Editor/ReUIValidation.cs:783)

(Filename: Assets/ModulesShared/Diagnostics/Scripts/Debug.cs Line: 35)

barrels do not fit layout 164
UnityEngine.Debug:ExtractStackTraceNoAlloc (byte*,int,string)
UnityEngine.StackTraceUtility:ExtractStackTrace ()
UnityEngine.DebugLogHandler:Internal_Log (UnityEngine.LogType,UnityEngine.LogOption,string,UnityEngine.Object)
UnityEngine.DebugLogHandler:LogFormat (UnityEngine.LogType,UnityEngine.Object,string,object[])
UnityEngine.Logger:Log (UnityEngine.LogType,object,UnityEngine.Object)
UnityEngine.Debug:LogError (object,UnityEngine.Object)
GameDiagnostics.UnityLogger:LogError (string,UnityEngine.GameObject) (at Assets/ModulesShared/Diagnostics/Scripts/UnityLogger.cs:9)
GameDiagnostics.Trace:LogError (string) (at Assets/ModulesShared/Diagnostics/Scripts/Debug.cs:35)
GameDatabase.Utils.BarrelConverter:Convert (GameDatabase.Model.Layout,GameDatabase.Serializable.BarrelSerializable[],int) (at Assets/Modules/Database/Scripts/Utils/BarrelConverter.cs:20)
GameDatabase.DataModel.Ship:OnDataDeserialized (GameDatabase.Serializable.ShipSerializable,GameDatabase.Database/Loader) (at Assets/Modules/Database/Scripts/DataModel/Ship.cs:11)
GameDatabase.DataModel.Ship:.ctor (GameDatabase.Serializable.ShipSerializable,GameDatabase.Database/Loader) (at Assets/Modules/Database/Scripts/GeneratedGameCode/DataModel/Ship.cs:49)
GameDatabase.DataModel.Ship:Create (GameDatabase.Serializable.ShipSerializable,GameDatabase.Database/Loader) (at Assets/Modules/Database/Scripts/GeneratedGameCode/DataModel/Ship.cs:22)
GameDatabase.Database/Loader:Load () (at Assets/Modules/Database/Scripts/GeneratedGameCode/Database.cs:320)
GameDatabase.Database/Loader:Load (GameDatabase.Database,GameDatabase.Storage.DatabaseContent) (at Assets/Modules/Database/Scripts/GeneratedGameCode/Database.cs:271)
GameDatabase.Database:Load (GameDatabase.Storage.IDataStorage) (at Assets/Modules/Database/Scripts/Database.cs:153)
GameDatabase.Database:LoadDefault () (at Assets/Modules/Database/Scripts/Database.cs:94)
ReUI.Editor.ReUIValidation:ValidateBeta6 () (at Assets/ReUI/Editor/ReUIValidation.cs:312)
ReUI.Editor.ReUIValidation:ValidateBeta7 () (at Assets/ReUI/Editor/ReUIValidation.cs:568)
ReUI.Editor.ReUIValidation:ValidateBeta81 () (at Assets/ReUI/Editor/ReUIValidation.cs:664)
ReUI.Editor.ReUIValidation:ValidateBeta82 () (at Assets/ReUI/Editor/ReUIValidation.cs:783)

(Filename: Assets/ModulesShared/Diagnostics/Scripts/Debug.cs Line: 35)

barrels do not fit layout 162
UnityEngine.Debug:ExtractStackTraceNoAlloc (byte*,int,string)
UnityEngine.StackTraceUtility:ExtractStackTrace ()
UnityEngine.DebugLogHandler:Internal_Log (UnityEngine.LogType,UnityEngine.LogOption,string,UnityEngine.Object)
UnityEngine.DebugLogHandler:LogFormat (UnityEngine.LogType,UnityEngine.Object,string,object[])
UnityEngine.Logger:Log (UnityEngine.LogType,object,UnityEngine.Object)
UnityEngine.Debug:LogError (object,UnityEngine.Object)
GameDiagnostics.UnityLogger:LogError (string,UnityEngine.GameObject) (at Assets/ModulesShared/Diagnostics/Scripts/UnityLogger.cs:9)
GameDiagnostics.Trace:LogError (string) (at Assets/ModulesShared/Diagnostics/Scripts/Debug.cs:35)
GameDatabase.Utils.BarrelConverter:Convert (GameDatabase.Model.Layout,GameDatabase.Serializable.BarrelSerializable[],int) (at Assets/Modules/Database/Scripts/Utils/BarrelConverter.cs:20)
GameDatabase.DataModel.Ship:OnDataDeserialized (GameDatabase.Serializable.ShipSerializable,GameDatabase.Database/Loader) (at Assets/Modules/Database/Scripts/DataModel/Ship.cs:11)
GameDatabase.DataModel.Ship:.ctor (GameDatabase.Serializable.ShipSerializable,GameDatabase.Database/Loader) (at Assets/Modules/Database/Scripts/GeneratedGameCode/DataModel/Ship.cs:49)
GameDatabase.DataModel.Ship:Create (GameDatabase.Serializable.ShipSerializable,GameDatabase.Database/Loader) (at Assets/Modules/Database/Scripts/GeneratedGameCode/DataModel/Ship.cs:22)
GameDatabase.Database/Loader:Load () (at Assets/Modules/Database/Scripts/GeneratedGameCode/Database.cs:320)
GameDatabase.Database/Loader:Load (GameDatabase.Database,GameDatabase.Storage.DatabaseContent) (at Assets/Modules/Database/Scripts/GeneratedGameCode/Database.cs:271)
GameDatabase.Database:Load (GameDatabase.Storage.IDataStorage) (at Assets/Modules/Database/Scripts/Database.cs:153)
GameDatabase.Database:LoadDefault () (at Assets/Modules/Database/Scripts/Database.cs:94)
ReUI.Editor.ReUIValidation:ValidateBeta6 () (at Assets/ReUI/Editor/ReUIValidation.cs:312)
ReUI.Editor.ReUIValidation:ValidateBeta7 () (at Assets/ReUI/Editor/ReUIValidation.cs:568)
ReUI.Editor.ReUIValidation:ValidateBeta81 () (at Assets/ReUI/Editor/ReUIValidation.cs:664)
ReUI.Editor.ReUIValidation:ValidateBeta82 () (at Assets/ReUI/Editor/ReUIValidation.cs:783)

(Filename: Assets/ModulesShared/Diagnostics/Scripts/Debug.cs Line: 35)

barrels do not fit layout 165
UnityEngine.Debug:ExtractStackTraceNoAlloc (byte*,int,string)
UnityEngine.StackTraceUtility:ExtractStackTrace ()
UnityEngine.DebugLogHandler:Internal_Log (UnityEngine.LogType,UnityEngine.LogOption,string,UnityEngine.Object)
UnityEngine.DebugLogHandler:LogFormat (UnityEngine.LogType,UnityEngine.Object,string,object[])
UnityEngine.Logger:Log (UnityEngine.LogType,object,UnityEngine.Object)
UnityEngine.Debug:LogError (object,UnityEngine.Object)
GameDiagnostics.UnityLogger:LogError (string,UnityEngine.GameObject) (at Assets/ModulesShared/Diagnostics/Scripts/UnityLogger.cs:9)
GameDiagnostics.Trace:LogError (string) (at Assets/ModulesShared/Diagnostics/Scripts/Debug.cs:35)
GameDatabase.Utils.BarrelConverter:Convert (GameDatabase.Model.Layout,GameDatabase.Serializable.BarrelSerializable[],int) (at Assets/Modules/Database/Scripts/Utils/BarrelConverter.cs:20)
GameDatabase.DataModel.Ship:OnDataDeserialized (GameDatabase.Serializable.ShipSerializable,GameDatabase.Database/Loader) (at Assets/Modules/Database/Scripts/DataModel/Ship.cs:11)
GameDatabase.DataModel.Ship:.ctor (GameDatabase.Serializable.ShipSerializable,GameDatabase.Database/Loader) (at Assets/Modules/Database/Scripts/GeneratedGameCode/DataModel/Ship.cs:49)
GameDatabase.DataModel.Ship:Create (GameDatabase.Serializable.ShipSerializable,GameDatabase.Database/Loader) (at Assets/Modules/Database/Scripts/GeneratedGameCode/DataModel/Ship.cs:22)
GameDatabase.Database/Loader:Load () (at Assets/Modules/Database/Scripts/GeneratedGameCode/Database.cs:320)
GameDatabase.Database/Loader:Load (GameDatabase.Database,GameDatabase.Storage.DatabaseContent) (at Assets/Modules/Database/Scripts/GeneratedGameCode/Database.cs:271)
GameDatabase.Database:Load (GameDatabase.Storage.IDataStorage) (at Assets/Modules/Database/Scripts/Database.cs:153)
GameDatabase.Database:LoadDefault () (at Assets/Modules/Database/Scripts/Database.cs:94)
ReUI.Editor.ReUIValidation:ValidateBeta6 () (at Assets/ReUI/Editor/ReUIValidation.cs:312)
ReUI.Editor.ReUIValidation:ValidateBeta7 () (at Assets/ReUI/Editor/ReUIValidation.cs:568)
ReUI.Editor.ReUIValidation:ValidateBeta81 () (at Assets/ReUI/Editor/ReUIValidation.cs:664)
ReUI.Editor.ReUIValidation:ValidateBeta82 () (at Assets/ReUI/Editor/ReUIValidation.cs:783)

(Filename: Assets/ModulesShared/Diagnostics/Scripts/Debug.cs Line: 35)

barrels do not fit layout 161
UnityEngine.Debug:ExtractStackTraceNoAlloc (byte*,int,string)
UnityEngine.StackTraceUtility:ExtractStackTrace ()
UnityEngine.DebugLogHandler:Internal_Log (UnityEngine.LogType,UnityEngine.LogOption,string,UnityEngine.Object)
UnityEngine.DebugLogHandler:LogFormat (UnityEngine.LogType,UnityEngine.Object,string,object[])
UnityEngine.Logger:Log (UnityEngine.LogType,object,UnityEngine.Object)
UnityEngine.Debug:LogError (object,UnityEngine.Object)
GameDiagnostics.UnityLogger:LogError (string,UnityEngine.GameObject) (at Assets/ModulesShared/Diagnostics/Scripts/UnityLogger.cs:9)
GameDiagnostics.Trace:LogError (string) (at Assets/ModulesShared/Diagnostics/Scripts/Debug.cs:35)
GameDatabase.Utils.BarrelConverter:Convert (GameDatabase.Model.Layout,GameDatabase.Serializable.BarrelSerializable[],int) (at Assets/Modules/Database/Scripts/Utils/BarrelConverter.cs:20)
GameDatabase.DataModel.Ship:OnDataDeserialized (GameDatabase.Serializable.ShipSerializable,GameDatabase.Database/Loader) (at Assets/Modules/Database/Scripts/DataModel/Ship.cs:11)
GameDatabase.DataModel.Ship:.ctor (GameDatabase.Serializable.ShipSerializable,GameDatabase.Database/Loader) (at Assets/Modules/Database/Scripts/GeneratedGameCode/DataModel/Ship.cs:49)
GameDatabase.DataModel.Ship:Create (GameDatabase.Serializable.ShipSerializable,GameDatabase.Database/Loader) (at Assets/Modules/Database/Scripts/GeneratedGameCode/DataModel/Ship.cs:22)
GameDatabase.Database/Loader:Load () (at Assets/Modules/Database/Scripts/GeneratedGameCode/Database.cs:320)
GameDatabase.Database/Loader:Load (GameDatabase.Database,GameDatabase.Storage.DatabaseContent) (at Assets/Modules/Database/Scripts/GeneratedGameCode/Database.cs:271)
GameDatabase.Database:Load (GameDatabase.Storage.IDataStorage) (at Assets/Modules/Database/Scripts/Database.cs:153)
GameDatabase.Database:LoadDefault () (at Assets/Modules/Database/Scripts/Database.cs:94)
ReUI.Editor.ReUIValidation:ValidateBeta6 () (at Assets/ReUI/Editor/ReUIValidation.cs:312)
ReUI.Editor.ReUIValidation:ValidateBeta7 () (at Assets/ReUI/Editor/ReUIValidation.cs:568)
ReUI.Editor.ReUIValidation:ValidateBeta81 () (at Assets/ReUI/Editor/ReUIValidation.cs:664)
ReUI.Editor.ReUIValidation:ValidateBeta82 () (at Assets/ReUI/Editor/ReUIValidation.cs:783)

(Filename: Assets/ModulesShared/Diagnostics/Scripts/Debug.cs Line: 35)

barrels do not fit layout 94000
UnityEngine.Debug:ExtractStackTraceNoAlloc (byte*,int,string)
UnityEngine.StackTraceUtility:ExtractStackTrace ()
UnityEngine.DebugLogHandler:Internal_Log (UnityEngine.LogType,UnityEngine.LogOption,string,UnityEngine.Object)
UnityEngine.DebugLogHandler:LogFormat (UnityEngine.LogType,UnityEngine.Object,string,object[])
UnityEngine.Logger:Log (UnityEngine.LogType,object,UnityEngine.Object)
UnityEngine.Debug:LogError (object,UnityEngine.Object)
GameDiagnostics.UnityLogger:LogError (string,UnityEngine.GameObject) (at Assets/ModulesShared/Diagnostics/Scripts/UnityLogger.cs:9)
GameDiagnostics.Trace:LogError (string) (at Assets/ModulesShared/Diagnostics/Scripts/Debug.cs:35)
GameDatabase.Utils.BarrelConverter:Convert (GameDatabase.Model.Layout,GameDatabase.Serializable.BarrelSerializable[],int) (at Assets/Modules/Database/Scripts/Utils/BarrelConverter.cs:20)
GameDatabase.DataModel.Ship:OnDataDeserialized (GameDatabase.Serializable.ShipSerializable,GameDatabase.Database/Loader) (at Assets/Modules/Database/Scripts/DataModel/Ship.cs:11)
GameDatabase.DataModel.Ship:.ctor (GameDatabase.Serializable.ShipSerializable,GameDatabase.Database/Loader) (at Assets/Modules/Database/Scripts/GeneratedGameCode/DataModel/Ship.cs:49)
GameDatabase.DataModel.Ship:Create (GameDatabase.Serializable.ShipSerializable,GameDatabase.Database/Loader) (at Assets/Modules/Database/Scripts/GeneratedGameCode/DataModel/Ship.cs:22)
GameDatabase.Database/Loader:Load () (at Assets/Modules/Database/Scripts/GeneratedGameCode/Database.cs:320)
GameDatabase.Database/Loader:Load (GameDatabase.Database,GameDatabase.Storage.DatabaseContent) (at Assets/Modules/Database/Scripts/GeneratedGameCode/Database.cs:271)
GameDatabase.Database:Load (GameDatabase.Storage.IDataStorage) (at Assets/Modules/Database/Scripts/Database.cs:153)
GameDatabase.Database:LoadDefault () (at Assets/Modules/Database/Scripts/Database.cs:94)
ReUI.Editor.ReUIValidation:ValidateBeta6 () (at Assets/ReUI/Editor/ReUIValidation.cs:312)
ReUI.Editor.ReUIValidation:ValidateBeta7 () (at Assets/ReUI/Editor/ReUIValidation.cs:568)
ReUI.Editor.ReUIValidation:ValidateBeta81 () (at Assets/ReUI/Editor/ReUIValidation.cs:664)
ReUI.Editor.ReUIValidation:ValidateBeta82 () (at Assets/ReUI/Editor/ReUIValidation.cs:783)

(Filename: Assets/ModulesShared/Diagnostics/Scripts/Debug.cs Line: 35)

barrels do not fit layout 1145141
UnityEngine.Debug:ExtractStackTraceNoAlloc (byte*,int,string)
UnityEngine.StackTraceUtility:ExtractStackTrace ()
UnityEngine.DebugLogHandler:Internal_Log (UnityEngine.LogType,UnityEngine.LogOption,string,UnityEngine.Object)
UnityEngine.DebugLogHandler:LogFormat (UnityEngine.LogType,UnityEngine.Object,string,object[])
UnityEngine.Logger:Log (UnityEngine.LogType,object,UnityEngine.Object)
UnityEngine.Debug:LogError (object,UnityEngine.Object)
GameDiagnostics.UnityLogger:LogError (string,UnityEngine.GameObject) (at Assets/ModulesShared/Diagnostics/Scripts/UnityLogger.cs:9)
GameDiagnostics.Trace:LogError (string) (at Assets/ModulesShared/Diagnostics/Scripts/Debug.cs:35)
GameDatabase.Utils.BarrelConverter:Convert (GameDatabase.Model.Layout,GameDatabase.Serializable.BarrelSerializable[],int) (at Assets/Modules/Database/Scripts/Utils/BarrelConverter.cs:20)
GameDatabase.DataModel.Ship:OnDataDeserialized (GameDatabase.Serializable.ShipSerializable,GameDatabase.Database/Loader) (at Assets/Modules/Database/Scripts/DataModel/Ship.cs:11)
GameDatabase.DataModel.Ship:.ctor (GameDatabase.Serializable.ShipSerializable,GameDatabase.Database/Loader) (at Assets/Modules/Database/Scripts/GeneratedGameCode/DataModel/Ship.cs:49)
GameDatabase.DataModel.Ship:Create (GameDatabase.Serializable.ShipSerializable,GameDatabase.Database/Loader) (at Assets/Modules/Database/Scripts/GeneratedGameCode/DataModel/Ship.cs:22)
GameDatabase.Database/Loader:Load () (at Assets/Modules/Database/Scripts/GeneratedGameCode/Database.cs:320)
GameDatabase.Database/Loader:Load (GameDatabase.Database,GameDatabase.Storage.DatabaseContent) (at Assets/Modules/Database/Scripts/GeneratedGameCode/Database.cs:271)
GameDatabase.Database:Load (GameDatabase.Storage.IDataStorage) (at Assets/Modules/Database/Scripts/Database.cs:153)
GameDatabase.Database:LoadDefault () (at Assets/Modules/Database/Scripts/Database.cs:94)
ReUI.Editor.ReUIValidation:ValidateBeta6 () (at Assets/ReUI/Editor/ReUIValidation.cs:312)
ReUI.Editor.ReUIValidation:ValidateBeta7 () (at Assets/ReUI/Editor/ReUIValidation.cs:568)
ReUI.Editor.ReUIValidation:ValidateBeta81 () (at Assets/ReUI/Editor/ReUIValidation.cs:664)
ReUI.Editor.ReUIValidation:ValidateBeta82 () (at Assets/ReUI/Editor/ReUIValidation.cs:783)

(Filename: Assets/ModulesShared/Diagnostics/Scripts/Debug.cs Line: 35)

barrels do not fit layout 1145142
UnityEngine.Debug:ExtractStackTraceNoAlloc (byte*,int,string)
UnityEngine.StackTraceUtility:ExtractStackTrace ()
UnityEngine.DebugLogHandler:Internal_Log (UnityEngine.LogType,UnityEngine.LogOption,string,UnityEngine.Object)
UnityEngine.DebugLogHandler:LogFormat (UnityEngine.LogType,UnityEngine.Object,string,object[])
UnityEngine.Logger:Log (UnityEngine.LogType,object,UnityEngine.Object)
UnityEngine.Debug:LogError (object,UnityEngine.Object)
GameDiagnostics.UnityLogger:LogError (string,UnityEngine.GameObject) (at Assets/ModulesShared/Diagnostics/Scripts/UnityLogger.cs:9)
GameDiagnostics.Trace:LogError (string) (at Assets/ModulesShared/Diagnostics/Scripts/Debug.cs:35)
GameDatabase.Utils.BarrelConverter:Convert (GameDatabase.Model.Layout,GameDatabase.Serializable.BarrelSerializable[],int) (at Assets/Modules/Database/Scripts/Utils/BarrelConverter.cs:20)
GameDatabase.DataModel.Ship:OnDataDeserialized (GameDatabase.Serializable.ShipSerializable,GameDatabase.Database/Loader) (at Assets/Modules/Database/Scripts/DataModel/Ship.cs:11)
GameDatabase.DataModel.Ship:.ctor (GameDatabase.Serializable.ShipSerializable,GameDatabase.Database/Loader) (at Assets/Modules/Database/Scripts/GeneratedGameCode/DataModel/Ship.cs:49)
GameDatabase.DataModel.Ship:Create (GameDatabase.Serializable.ShipSerializable,GameDatabase.Database/Loader) (at Assets/Modules/Database/Scripts/GeneratedGameCode/DataModel/Ship.cs:22)
GameDatabase.Database/Loader:Load () (at Assets/Modules/Database/Scripts/GeneratedGameCode/Database.cs:320)
GameDatabase.Database/Loader:Load (GameDatabase.Database,GameDatabase.Storage.DatabaseContent) (at Assets/Modules/Database/Scripts/GeneratedGameCode/Database.cs:271)
GameDatabase.Database:Load (GameDatabase.Storage.IDataStorage) (at Assets/Modules/Database/Scripts/Database.cs:153)
GameDatabase.Database:LoadDefault () (at Assets/Modules/Database/Scripts/Database.cs:94)
ReUI.Editor.ReUIValidation:ValidateBeta6 () (at Assets/ReUI/Editor/ReUIValidation.cs:312)
ReUI.Editor.ReUIValidation:ValidateBeta7 () (at Assets/ReUI/Editor/ReUIValidation.cs:568)
ReUI.Editor.ReUIValidation:ValidateBeta81 () (at Assets/ReUI/Editor/ReUIValidation.cs:664)
ReUI.Editor.ReUIValidation:ValidateBeta82 () (at Assets/ReUI/Editor/ReUIValidation.cs:783)

(Filename: Assets/ModulesShared/Diagnostics/Scripts/Debug.cs Line: 35)

barrels do not fit layout 114514
UnityEngine.Debug:ExtractStackTraceNoAlloc (byte*,int,string)
UnityEngine.StackTraceUtility:ExtractStackTrace ()
UnityEngine.DebugLogHandler:Internal_Log (UnityEngine.LogType,UnityEngine.LogOption,string,UnityEngine.Object)
UnityEngine.DebugLogHandler:LogFormat (UnityEngine.LogType,UnityEngine.Object,string,object[])
UnityEngine.Logger:Log (UnityEngine.LogType,object,UnityEngine.Object)
UnityEngine.Debug:LogError (object,UnityEngine.Object)
GameDiagnostics.UnityLogger:LogError (string,UnityEngine.GameObject) (at Assets/ModulesShared/Diagnostics/Scripts/UnityLogger.cs:9)
GameDiagnostics.Trace:LogError (string) (at Assets/ModulesShared/Diagnostics/Scripts/Debug.cs:35)
GameDatabase.Utils.BarrelConverter:Convert (GameDatabase.Model.Layout,GameDatabase.Serializable.BarrelSerializable[],int) (at Assets/Modules/Database/Scripts/Utils/BarrelConverter.cs:20)
GameDatabase.DataModel.Ship:OnDataDeserialized (GameDatabase.Serializable.ShipSerializable,GameDatabase.Database/Loader) (at Assets/Modules/Database/Scripts/DataModel/Ship.cs:11)
GameDatabase.DataModel.Ship:.ctor (GameDatabase.Serializable.ShipSerializable,GameDatabase.Database/Loader) (at Assets/Modules/Database/Scripts/GeneratedGameCode/DataModel/Ship.cs:49)
GameDatabase.DataModel.Ship:Create (GameDatabase.Serializable.ShipSerializable,GameDatabase.Database/Loader) (at Assets/Modules/Database/Scripts/GeneratedGameCode/DataModel/Ship.cs:22)
GameDatabase.Database/Loader:Load () (at Assets/Modules/Database/Scripts/GeneratedGameCode/Database.cs:320)
GameDatabase.Database/Loader:Load (GameDatabase.Database,GameDatabase.Storage.DatabaseContent) (at Assets/Modules/Database/Scripts/GeneratedGameCode/Database.cs:271)
GameDatabase.Database:Load (GameDatabase.Storage.IDataStorage) (at Assets/Modules/Database/Scripts/Database.cs:153)
GameDatabase.Database:LoadDefault () (at Assets/Modules/Database/Scripts/Database.cs:94)
ReUI.Editor.ReUIValidation:ValidateBeta6 () (at Assets/ReUI/Editor/ReUIValidation.cs:312)
ReUI.Editor.ReUIValidation:ValidateBeta7 () (at Assets/ReUI/Editor/ReUIValidation.cs:568)
ReUI.Editor.ReUIValidation:ValidateBeta81 () (at Assets/ReUI/Editor/ReUIValidation.cs:664)
ReUI.Editor.ReUIValidation:ValidateBeta82 () (at Assets/ReUI/Editor/ReUIValidation.cs:783)

(Filename: Assets/ModulesShared/Diagnostics/Scripts/Debug.cs Line: 35)

[Beta6 Validation] quest=MothersTears-4-stages, sim=earth-independent-blueprint-114514, waterdrop=trisolaris-independent-blueprint-114514, sophonLauncher=post-battleship-player-only, antigravity=green-special, modifications=detailed, allies=double-plus-titan, storyImages=6-high-resolution, questOffer=next-route-explicit-accept, modificationNames=visible, wanNianFengXue=clockwise90-scaled-restricted-destroyer-cheat-acquirable, trisolarisStarbase=max20-no-titan-earth-titan-plus-two-flagships, hyperspaceEngine=unlimited-range-95-percent-fuel-reduction, silentCore=authored-art-60s-emp-lightning-charge-3s-self-destruct
Asset Pipeline Refresh (id=460b8ffcb75a6ce48a23c187c3ec96db): Total: 0.004 seconds - Initiated by RefreshV2(NoUpdateAssetOptions)
barrels do not fit layout 163
UnityEngine.Debug:ExtractStackTraceNoAlloc (byte*,int,string)
UnityEngine.StackTraceUtility:ExtractStackTrace ()
UnityEngine.DebugLogHandler:Internal_Log (UnityEngine.LogType,UnityEngine.LogOption,string,UnityEngine.Object)
UnityEngine.DebugLogHandler:LogFormat (UnityEngine.LogType,UnityEngine.Object,string,object[])
UnityEngine.Logger:Log (UnityEngine.LogType,object,UnityEngine.Object)
UnityEngine.Debug:LogError (object,UnityEngine.Object)
GameDiagnostics.UnityLogger:LogError (string,UnityEngine.GameObject) (at Assets/ModulesShared/Diagnostics/Scripts/UnityLogger.cs:9)
GameDiagnostics.Trace:LogError (string) (at Assets/ModulesShared/Diagnostics/Scripts/Debug.cs:35)
GameDatabase.Utils.BarrelConverter:Convert (GameDatabase.Model.Layout,GameDatabase.Serializable.BarrelSerializable[],int) (at Assets/Modules/Database/Scripts/Utils/BarrelConverter.cs:20)
GameDatabase.DataModel.Ship:OnDataDeserialized (GameDatabase.Serializable.ShipSerializable,GameDatabase.Database/Loader) (at Assets/Modules/Database/Scripts/DataModel/Ship.cs:11)
GameDatabase.DataModel.Ship:.ctor (GameDatabase.Serializable.ShipSerializable,GameDatabase.Database/Loader) (at Assets/Modules/Database/Scripts/GeneratedGameCode/DataModel/Ship.cs:49)
GameDatabase.DataModel.Ship:Create (GameDatabase.Serializable.ShipSerializable,GameDatabase.Database/Loader) (at Assets/Modules/Database/Scripts/GeneratedGameCode/DataModel/Ship.cs:22)
GameDatabase.Database/Loader:GetShip (GameDatabase.Model.ItemId`1<GameDatabase.DataModel.Ship>,bool) (at Assets/Modules/Database/Scripts/GeneratedGameCode/Database.cs:535)
GameDatabase.DataModel.ShipBuild:.ctor (GameDatabase.Serializable.ShipBuildSerializable,GameDatabase.Database/Loader) (at Assets/Modules/Database/Scripts/GeneratedGameCode/DataModel/ShipBuild.cs:30)
GameDatabase.DataModel.ShipBuild:Create (GameDatabase.Serializable.ShipBuildSerializable,GameDatabase.Database/Loader) (at Assets/Modules/Database/Scripts/GeneratedGameCode/DataModel/ShipBuild.cs:22)
GameDatabase.Database/Loader:GetShipBuild (GameDatabase.Model.ItemId`1<GameDatabase.DataModel.ShipBuild>,bool) (at Assets/Modules/Database/Scripts/GeneratedGameCode/Database.cs:545)
GameDatabase.DataModel.Component:.ctor (GameDatabase.Serializable.ComponentSerializable,GameDatabase.Database/Loader) (at Assets/Modules/Database/Scripts/GeneratedGameCode/DataModel/Component.cs:49)
GameDatabase.DataModel.Component:Create (GameDatabase.Serializable.ComponentSerializable,GameDatabase.Database/Loader) (at Assets/Modules/Database/Scripts/GeneratedGameCode/DataModel/Component.cs:22)
GameDatabase.Database/Loader:Load () (at Assets/Modules/Database/Scripts/GeneratedGameCode/Database.cs:287)
GameDatabase.Database/Loader:Load (GameDatabase.Database,GameDatabase.Storage.DatabaseContent) (at Assets/Modules/Database/Scripts/GeneratedGameCode/Database.cs:271)
GameDatabase.Database:Load (GameDatabase.Storage.IDataStorage) (at Assets/Modules/Database/Scripts/Database.cs:153)
GameDatabase.Database:LoadDefault () (at Assets/Modules/Database/Scripts/Database.cs:94)
ReUI.Editor.ReUIValidation:ValidateBeta7 () (at Assets/ReUI/Editor/ReUIValidation.cs:571)
ReUI.Editor.ReUIValidation:ValidateBeta81 () (at Assets/ReUI/Editor/ReUIValidation.cs:664)
ReUI.Editor.ReUIValidation:ValidateBeta82 () (at Assets/ReUI/Editor/ReUIValidation.cs:783)

(Filename: Assets/ModulesShared/Diagnostics/Scripts/Debug.cs Line: 35)

barrels do not fit layout 164
UnityEngine.Debug:ExtractStackTraceNoAlloc (byte*,int,string)
UnityEngine.StackTraceUtility:ExtractStackTrace ()
UnityEngine.DebugLogHandler:Internal_Log (UnityEngine.LogType,UnityEngine.LogOption,string,UnityEngine.Object)
UnityEngine.DebugLogHandler:LogFormat (UnityEngine.LogType,UnityEngine.Object,string,object[])
UnityEngine.Logger:Log (UnityEngine.LogType,object,UnityEngine.Object)
UnityEngine.Debug:LogError (object,UnityEngine.Object)
GameDiagnostics.UnityLogger:LogError (string,UnityEngine.GameObject) (at Assets/ModulesShared/Diagnostics/Scripts/UnityLogger.cs:9)
GameDiagnostics.Trace:LogError (string) (at Assets/ModulesShared/Diagnostics/Scripts/Debug.cs:35)
GameDatabase.Utils.BarrelConverter:Convert (GameDatabase.Model.Layout,GameDatabase.Serializable.BarrelSerializable[],int) (at Assets/Modules/Database/Scripts/Utils/BarrelConverter.cs:20)
GameDatabase.DataModel.Ship:OnDataDeserialized (GameDatabase.Serializable.ShipSerializable,GameDatabase.Database/Loader) (at Assets/Modules/Database/Scripts/DataModel/Ship.cs:11)
GameDatabase.DataModel.Ship:.ctor (GameDatabase.Serializable.ShipSerializable,GameDatabase.Database/Loader) (at Assets/Modules/Database/Scripts/GeneratedGameCode/DataModel/Ship.cs:49)
GameDatabase.DataModel.Ship:Create (GameDatabase.Serializable.ShipSerializable,GameDatabase.Database/Loader) (at Assets/Modules/Database/Scripts/GeneratedGameCode/DataModel/Ship.cs:22)
GameDatabase.Database/Loader:Load () (at Assets/Modules/Database/Scripts/GeneratedGameCode/Database.cs:320)
GameDatabase.Database/Loader:Load (GameDatabase.Database,GameDatabase.Storage.DatabaseContent) (at Assets/Modules/Database/Scripts/GeneratedGameCode/Database.cs:271)
GameDatabase.Database:Load (GameDatabase.Storage.IDataStorage) (at Assets/Modules/Database/Scripts/Database.cs:153)
GameDatabase.Database:LoadDefault () (at Assets/Modules/Database/Scripts/Database.cs:94)
ReUI.Editor.ReUIValidation:ValidateBeta7 () (at Assets/ReUI/Editor/ReUIValidation.cs:571)
ReUI.Editor.ReUIValidation:ValidateBeta81 () (at Assets/ReUI/Editor/ReUIValidation.cs:664)
ReUI.Editor.ReUIValidation:ValidateBeta82 () (at Assets/ReUI/Editor/ReUIValidation.cs:783)

(Filename: Assets/ModulesShared/Diagnostics/Scripts/Debug.cs Line: 35)

barrels do not fit layout 162
UnityEngine.Debug:ExtractStackTraceNoAlloc (byte*,int,string)
UnityEngine.StackTraceUtility:ExtractStackTrace ()
UnityEngine.DebugLogHandler:Internal_Log (UnityEngine.LogType,UnityEngine.LogOption,string,UnityEngine.Object)
UnityEngine.DebugLogHandler:LogFormat (UnityEngine.LogType,UnityEngine.Object,string,object[])
UnityEngine.Logger:Log (UnityEngine.LogType,object,UnityEngine.Object)
UnityEngine.Debug:LogError (object,UnityEngine.Object)
GameDiagnostics.UnityLogger:LogError (string,UnityEngine.GameObject) (at Assets/ModulesShared/Diagnostics/Scripts/UnityLogger.cs:9)
GameDiagnostics.Trace:LogError (string) (at Assets/ModulesShared/Diagnostics/Scripts/Debug.cs:35)
GameDatabase.Utils.BarrelConverter:Convert (GameDatabase.Model.Layout,GameDatabase.Serializable.BarrelSerializable[],int) (at Assets/Modules/Database/Scripts/Utils/BarrelConverter.cs:20)
GameDatabase.DataModel.Ship:OnDataDeserialized (GameDatabase.Serializable.ShipSerializable,GameDatabase.Database/Loader) (at Assets/Modules/Database/Scripts/DataModel/Ship.cs:11)
GameDatabase.DataModel.Ship:.ctor (GameDatabase.Serializable.ShipSerializable,GameDatabase.Database/Loader) (at Assets/Modules/Database/Scripts/GeneratedGameCode/DataModel/Ship.cs:49)
GameDatabase.DataModel.Ship:Create (GameDatabase.Serializable.ShipSerializable,GameDatabase.Database/Loader) (at Assets/Modules/Database/Scripts/GeneratedGameCode/DataModel/Ship.cs:22)
GameDatabase.Database/Loader:Load () (at Assets/Modules/Database/Scripts/GeneratedGameCode/Database.cs:320)
GameDatabase.Database/Loader:Load (GameDatabase.Database,GameDatabase.Storage.DatabaseContent) (at Assets/Modules/Database/Scripts/GeneratedGameCode/Database.cs:271)
GameDatabase.Database:Load (GameDatabase.Storage.IDataStorage) (at Assets/Modules/Database/Scripts/Database.cs:153)
GameDatabase.Database:LoadDefault () (at Assets/Modules/Database/Scripts/Database.cs:94)
ReUI.Editor.ReUIValidation:ValidateBeta7 () (at Assets/ReUI/Editor/ReUIValidation.cs:571)
ReUI.Editor.ReUIValidation:ValidateBeta81 () (at Assets/ReUI/Editor/ReUIValidation.cs:664)
ReUI.Editor.ReUIValidation:ValidateBeta82 () (at Assets/ReUI/Editor/ReUIValidation.cs:783)

(Filename: Assets/ModulesShared/Diagnostics/Scripts/Debug.cs Line: 35)

barrels do not fit layout 165
UnityEngine.Debug:ExtractStackTraceNoAlloc (byte*,int,string)
UnityEngine.StackTraceUtility:ExtractStackTrace ()
UnityEngine.DebugLogHandler:Internal_Log (UnityEngine.LogType,UnityEngine.LogOption,string,UnityEngine.Object)
UnityEngine.DebugLogHandler:LogFormat (UnityEngine.LogType,UnityEngine.Object,string,object[])
UnityEngine.Logger:Log (UnityEngine.LogType,object,UnityEngine.Object)
UnityEngine.Debug:LogError (object,UnityEngine.Object)
GameDiagnostics.UnityLogger:LogError (string,UnityEngine.GameObject) (at Assets/ModulesShared/Diagnostics/Scripts/UnityLogger.cs:9)
GameDiagnostics.Trace:LogError (string) (at Assets/ModulesShared/Diagnostics/Scripts/Debug.cs:35)
GameDatabase.Utils.BarrelConverter:Convert (GameDatabase.Model.Layout,GameDatabase.Serializable.BarrelSerializable[],int) (at Assets/Modules/Database/Scripts/Utils/BarrelConverter.cs:20)
GameDatabase.DataModel.Ship:OnDataDeserialized (GameDatabase.Serializable.ShipSerializable,GameDatabase.Database/Loader) (at Assets/Modules/Database/Scripts/DataModel/Ship.cs:11)
GameDatabase.DataModel.Ship:.ctor (GameDatabase.Serializable.ShipSerializable,GameDatabase.Database/Loader) (at Assets/Modules/Database/Scripts/GeneratedGameCode/DataModel/Ship.cs:49)
GameDatabase.DataModel.Ship:Create (GameDatabase.Serializable.ShipSerializable,GameDatabase.Database/Loader) (at Assets/Modules/Database/Scripts/GeneratedGameCode/DataModel/Ship.cs:22)
GameDatabase.Database/Loader:Load () (at Assets/Modules/Database/Scripts/GeneratedGameCode/Database.cs:320)
GameDatabase.Database/Loader:Load (GameDatabase.Database,GameDatabase.Storage.DatabaseContent) (at Assets/Modules/Database/Scripts/GeneratedGameCode/Database.cs:271)
GameDatabase.Database:Load (GameDatabase.Storage.IDataStorage) (at Assets/Modules/Database/Scripts/Database.cs:153)
GameDatabase.Database:LoadDefault () (at Assets/Modules/Database/Scripts/Database.cs:94)
ReUI.Editor.ReUIValidation:ValidateBeta7 () (at Assets/ReUI/Editor/ReUIValidation.cs:571)
ReUI.Editor.ReUIValidation:ValidateBeta81 () (at Assets/ReUI/Editor/ReUIValidation.cs:664)
ReUI.Editor.ReUIValidation:ValidateBeta82 () (at Assets/ReUI/Editor/ReUIValidation.cs:783)

(Filename: Assets/ModulesShared/Diagnostics/Scripts/Debug.cs Line: 35)

barrels do not fit layout 161
UnityEngine.Debug:ExtractStackTraceNoAlloc (byte*,int,string)
UnityEngine.StackTraceUtility:ExtractStackTrace ()
UnityEngine.DebugLogHandler:Internal_Log (UnityEngine.LogType,UnityEngine.LogOption,string,UnityEngine.Object)
UnityEngine.DebugLogHandler:LogFormat (UnityEngine.LogType,UnityEngine.Object,string,object[])
UnityEngine.Logger:Log (UnityEngine.LogType,object,UnityEngine.Object)
UnityEngine.Debug:LogError (object,UnityEngine.Object)
GameDiagnostics.UnityLogger:LogError (string,UnityEngine.GameObject) (at Assets/ModulesShared/Diagnostics/Scripts/UnityLogger.cs:9)
GameDiagnostics.Trace:LogError (string) (at Assets/ModulesShared/Diagnostics/Scripts/Debug.cs:35)
GameDatabase.Utils.BarrelConverter:Convert (GameDatabase.Model.Layout,GameDatabase.Serializable.BarrelSerializable[],int) (at Assets/Modules/Database/Scripts/Utils/BarrelConverter.cs:20)
GameDatabase.DataModel.Ship:OnDataDeserialized (GameDatabase.Serializable.ShipSerializable,GameDatabase.Database/Loader) (at Assets/Modules/Database/Scripts/DataModel/Ship.cs:11)
GameDatabase.DataModel.Ship:.ctor (GameDatabase.Serializable.ShipSerializable,GameDatabase.Database/Loader) (at Assets/Modules/Database/Scripts/GeneratedGameCode/DataModel/Ship.cs:49)
GameDatabase.DataModel.Ship:Create (GameDatabase.Serializable.ShipSerializable,GameDatabase.Database/Loader) (at Assets/Modules/Database/Scripts/GeneratedGameCode/DataModel/Ship.cs:22)
GameDatabase.Database/Loader:Load () (at Assets/Modules/Database/Scripts/GeneratedGameCode/Database.cs:320)
GameDatabase.Database/Loader:Load (GameDatabase.Database,GameDatabase.Storage.DatabaseContent) (at Assets/Modules/Database/Scripts/GeneratedGameCode/Database.cs:271)
GameDatabase.Database:Load (GameDatabase.Storage.IDataStorage) (at Assets/Modules/Database/Scripts/Database.cs:153)
GameDatabase.Database:LoadDefault () (at Assets/Modules/Database/Scripts/Database.cs:94)
ReUI.Editor.ReUIValidation:ValidateBeta7 () (at Assets/ReUI/Editor/ReUIValidation.cs:571)
ReUI.Editor.ReUIValidation:ValidateBeta81 () (at Assets/ReUI/Editor/ReUIValidation.cs:664)
ReUI.Editor.ReUIValidation:ValidateBeta82 () (at Assets/ReUI/Editor/ReUIValidation.cs:783)

(Filename: Assets/ModulesShared/Diagnostics/Scripts/Debug.cs Line: 35)

barrels do not fit layout 94000
UnityEngine.Debug:ExtractStackTraceNoAlloc (byte*,int,string)
UnityEngine.StackTraceUtility:ExtractStackTrace ()
UnityEngine.DebugLogHandler:Internal_Log (UnityEngine.LogType,UnityEngine.LogOption,string,UnityEngine.Object)
UnityEngine.DebugLogHandler:LogFormat (UnityEngine.LogType,UnityEngine.Object,string,object[])
UnityEngine.Logger:Log (UnityEngine.LogType,object,UnityEngine.Object)
UnityEngine.Debug:LogError (object,UnityEngine.Object)
GameDiagnostics.UnityLogger:LogError (string,UnityEngine.GameObject) (at Assets/ModulesShared/Diagnostics/Scripts/UnityLogger.cs:9)
GameDiagnostics.Trace:LogError (string) (at Assets/ModulesShared/Diagnostics/Scripts/Debug.cs:35)
GameDatabase.Utils.BarrelConverter:Convert (GameDatabase.Model.Layout,GameDatabase.Serializable.BarrelSerializable[],int) (at Assets/Modules/Database/Scripts/Utils/BarrelConverter.cs:20)
GameDatabase.DataModel.Ship:OnDataDeserialized (GameDatabase.Serializable.ShipSerializable,GameDatabase.Database/Loader) (at Assets/Modules/Database/Scripts/DataModel/Ship.cs:11)
GameDatabase.DataModel.Ship:.ctor (GameDatabase.Serializable.ShipSerializable,GameDatabase.Database/Loader) (at Assets/Modules/Database/Scripts/GeneratedGameCode/DataModel/Ship.cs:49)
GameDatabase.DataModel.Ship:Create (GameDatabase.Serializable.ShipSerializable,GameDatabase.Database/Loader) (at Assets/Modules/Database/Scripts/GeneratedGameCode/DataModel/Ship.cs:22)
GameDatabase.Database/Loader:Load () (at Assets/Modules/Database/Scripts/GeneratedGameCode/Database.cs:320)
GameDatabase.Database/Loader:Load (GameDatabase.Database,GameDatabase.Storage.DatabaseContent) (at Assets/Modules/Database/Scripts/GeneratedGameCode/Database.cs:271)
GameDatabase.Database:Load (GameDatabase.Storage.IDataStorage) (at Assets/Modules/Database/Scripts/Database.cs:153)
GameDatabase.Database:LoadDefault () (at Assets/Modules/Database/Scripts/Database.cs:94)
ReUI.Editor.ReUIValidation:ValidateBeta7 () (at Assets/ReUI/Editor/ReUIValidation.cs:571)
ReUI.Editor.ReUIValidation:ValidateBeta81 () (at Assets/ReUI/Editor/ReUIValidation.cs:664)
ReUI.Editor.ReUIValidation:ValidateBeta82 () (at Assets/ReUI/Editor/ReUIValidation.cs:783)

(Filename: Assets/ModulesShared/Diagnostics/Scripts/Debug.cs Line: 35)

barrels do not fit layout 1145141
UnityEngine.Debug:ExtractStackTraceNoAlloc (byte*,int,string)
UnityEngine.StackTraceUtility:ExtractStackTrace ()
UnityEngine.DebugLogHandler:Internal_Log (UnityEngine.LogType,UnityEngine.LogOption,string,UnityEngine.Object)
UnityEngine.DebugLogHandler:LogFormat (UnityEngine.LogType,UnityEngine.Object,string,object[])
UnityEngine.Logger:Log (UnityEngine.LogType,object,UnityEngine.Object)
UnityEngine.Debug:LogError (object,UnityEngine.Object)
GameDiagnostics.UnityLogger:LogError (string,UnityEngine.GameObject) (at Assets/ModulesShared/Diagnostics/Scripts/UnityLogger.cs:9)
GameDiagnostics.Trace:LogError (string) (at Assets/ModulesShared/Diagnostics/Scripts/Debug.cs:35)
GameDatabase.Utils.BarrelConverter:Convert (GameDatabase.Model.Layout,GameDatabase.Serializable.BarrelSerializable[],int) (at Assets/Modules/Database/Scripts/Utils/BarrelConverter.cs:20)
GameDatabase.DataModel.Ship:OnDataDeserialized (GameDatabase.Serializable.ShipSerializable,GameDatabase.Database/Loader) (at Assets/Modules/Database/Scripts/DataModel/Ship.cs:11)
GameDatabase.DataModel.Ship:.ctor (GameDatabase.Serializable.ShipSerializable,GameDatabase.Database/Loader) (at Assets/Modules/Database/Scripts/GeneratedGameCode/DataModel/Ship.cs:49)
GameDatabase.DataModel.Ship:Create (GameDatabase.Serializable.ShipSerializable,GameDatabase.Database/Loader) (at Assets/Modules/Database/Scripts/GeneratedGameCode/DataModel/Ship.cs:22)
GameDatabase.Database/Loader:Load () (at Assets/Modules/Database/Scripts/GeneratedGameCode/Database.cs:320)
GameDatabase.Database/Loader:Load (GameDatabase.Database,GameDatabase.Storage.DatabaseContent) (at Assets/Modules/Database/Scripts/GeneratedGameCode/Database.cs:271)
GameDatabase.Database:Load (GameDatabase.Storage.IDataStorage) (at Assets/Modules/Database/Scripts/Database.cs:153)
GameDatabase.Database:LoadDefault () (at Assets/Modules/Database/Scripts/Database.cs:94)
ReUI.Editor.ReUIValidation:ValidateBeta7 () (at Assets/ReUI/Editor/ReUIValidation.cs:571)
ReUI.Editor.ReUIValidation:ValidateBeta81 () (at Assets/ReUI/Editor/ReUIValidation.cs:664)
ReUI.Editor.ReUIValidation:ValidateBeta82 () (at Assets/ReUI/Editor/ReUIValidation.cs:783)

(Filename: Assets/ModulesShared/Diagnostics/Scripts/Debug.cs Line: 35)

barrels do not fit layout 1145142
UnityEngine.Debug:ExtractStackTraceNoAlloc (byte*,int,string)
UnityEngine.StackTraceUtility:ExtractStackTrace ()
UnityEngine.DebugLogHandler:Internal_Log (UnityEngine.LogType,UnityEngine.LogOption,string,UnityEngine.Object)
UnityEngine.DebugLogHandler:LogFormat (UnityEngine.LogType,UnityEngine.Object,string,object[])
UnityEngine.Logger:Log (UnityEngine.LogType,object,UnityEngine.Object)
UnityEngine.Debug:LogError (object,UnityEngine.Object)
GameDiagnostics.UnityLogger:LogError (string,UnityEngine.GameObject) (at Assets/ModulesShared/Diagnostics/Scripts/UnityLogger.cs:9)
GameDiagnostics.Trace:LogError (string) (at Assets/ModulesShared/Diagnostics/Scripts/Debug.cs:35)
GameDatabase.Utils.BarrelConverter:Convert (GameDatabase.Model.Layout,GameDatabase.Serializable.BarrelSerializable[],int) (at Assets/Modules/Database/Scripts/Utils/BarrelConverter.cs:20)
GameDatabase.DataModel.Ship:OnDataDeserialized (GameDatabase.Serializable.ShipSerializable,GameDatabase.Database/Loader) (at Assets/Modules/Database/Scripts/DataModel/Ship.cs:11)
GameDatabase.DataModel.Ship:.ctor (GameDatabase.Serializable.ShipSerializable,GameDatabase.Database/Loader) (at Assets/Modules/Database/Scripts/GeneratedGameCode/DataModel/Ship.cs:49)
GameDatabase.DataModel.Ship:Create (GameDatabase.Serializable.ShipSerializable,GameDatabase.Database/Loader) (at Assets/Modules/Database/Scripts/GeneratedGameCode/DataModel/Ship.cs:22)
GameDatabase.Database/Loader:Load () (at Assets/Modules/Database/Scripts/GeneratedGameCode/Database.cs:320)
GameDatabase.Database/Loader:Load (GameDatabase.Database,GameDatabase.Storage.DatabaseContent) (at Assets/Modules/Database/Scripts/GeneratedGameCode/Database.cs:271)
GameDatabase.Database:Load (GameDatabase.Storage.IDataStorage) (at Assets/Modules/Database/Scripts/Database.cs:153)
GameDatabase.Database:LoadDefault () (at Assets/Modules/Database/Scripts/Database.cs:94)
ReUI.Editor.ReUIValidation:ValidateBeta7 () (at Assets/ReUI/Editor/ReUIValidation.cs:571)
ReUI.Editor.ReUIValidation:ValidateBeta81 () (at Assets/ReUI/Editor/ReUIValidation.cs:664)
ReUI.Editor.ReUIValidation:ValidateBeta82 () (at Assets/ReUI/Editor/ReUIValidation.cs:783)

(Filename: Assets/ModulesShared/Diagnostics/Scripts/Debug.cs Line: 35)

barrels do not fit layout 114514
UnityEngine.Debug:ExtractStackTraceNoAlloc (byte*,int,string)
UnityEngine.StackTraceUtility:ExtractStackTrace ()
UnityEngine.DebugLogHandler:Internal_Log (UnityEngine.LogType,UnityEngine.LogOption,string,UnityEngine.Object)
UnityEngine.DebugLogHandler:LogFormat (UnityEngine.LogType,UnityEngine.Object,string,object[])
UnityEngine.Logger:Log (UnityEngine.LogType,object,UnityEngine.Object)
UnityEngine.Debug:LogError (object,UnityEngine.Object)
GameDiagnostics.UnityLogger:LogError (string,UnityEngine.GameObject) (at Assets/ModulesShared/Diagnostics/Scripts/UnityLogger.cs:9)
GameDiagnostics.Trace:LogError (string) (at Assets/ModulesShared/Diagnostics/Scripts/Debug.cs:35)
GameDatabase.Utils.BarrelConverter:Convert (GameDatabase.Model.Layout,GameDatabase.Serializable.BarrelSerializable[],int) (at Assets/Modules/Database/Scripts/Utils/BarrelConverter.cs:20)
GameDatabase.DataModel.Ship:OnDataDeserialized (GameDatabase.Serializable.ShipSerializable,GameDatabase.Database/Loader) (at Assets/Modules/Database/Scripts/DataModel/Ship.cs:11)
GameDatabase.DataModel.Ship:.ctor (GameDatabase.Serializable.ShipSerializable,GameDatabase.Database/Loader) (at Assets/Modules/Database/Scripts/GeneratedGameCode/DataModel/Ship.cs:49)
GameDatabase.DataModel.Ship:Create (GameDatabase.Serializable.ShipSerializable,GameDatabase.Database/Loader) (at Assets/Modules/Database/Scripts/GeneratedGameCode/DataModel/Ship.cs:22)
GameDatabase.Database/Loader:Load () (at Assets/Modules/Database/Scripts/GeneratedGameCode/Database.cs:320)
GameDatabase.Database/Loader:Load (GameDatabase.Database,GameDatabase.Storage.DatabaseContent) (at Assets/Modules/Database/Scripts/GeneratedGameCode/Database.cs:271)
GameDatabase.Database:Load (GameDatabase.Storage.IDataStorage) (at Assets/Modules/Database/Scripts/Database.cs:153)
GameDatabase.Database:LoadDefault () (at Assets/Modules/Database/Scripts/Database.cs:94)
ReUI.Editor.ReUIValidation:ValidateBeta7 () (at Assets/ReUI/Editor/ReUIValidation.cs:571)
ReUI.Editor.ReUIValidation:ValidateBeta81 () (at Assets/ReUI/Editor/ReUIValidation.cs:664)
ReUI.Editor.ReUIValidation:ValidateBeta82 () (at Assets/ReUI/Editor/ReUIValidation.cs:783)

(Filename: Assets/ModulesShared/Diagnostics/Scripts/Debug.cs Line: 35)

[Beta7 Validation] wanNianFengXue=smaller-and-five-tap-grant, ballLightning=removed-from-all-presets, externalModPainting=source-namespaced, beautifulProminence=parallel-offer-three-stages-four-high-resolution-images-blueprint-reward
Asset Pipeline Refresh (id=88daf2403f4184249aff3e18a2b3b45d): Total: 0.006 seconds - Initiated by RefreshV2(NoUpdateAssetOptions)
barrels do not fit layout 163
UnityEngine.Debug:ExtractStackTraceNoAlloc (byte*,int,string)
UnityEngine.StackTraceUtility:ExtractStackTrace ()
UnityEngine.DebugLogHandler:Internal_Log (UnityEngine.LogType,UnityEngine.LogOption,string,UnityEngine.Object)
UnityEngine.DebugLogHandler:LogFormat (UnityEngine.LogType,UnityEngine.Object,string,object[])
UnityEngine.Logger:Log (UnityEngine.LogType,object,UnityEngine.Object)
UnityEngine.Debug:LogError (object,UnityEngine.Object)
GameDiagnostics.UnityLogger:LogError (string,UnityEngine.GameObject) (at Assets/ModulesShared/Diagnostics/Scripts/UnityLogger.cs:9)
GameDiagnostics.Trace:LogError (string) (at Assets/ModulesShared/Diagnostics/Scripts/Debug.cs:35)
GameDatabase.Utils.BarrelConverter:Convert (GameDatabase.Model.Layout,GameDatabase.Serializable.BarrelSerializable[],int) (at Assets/Modules/Database/Scripts/Utils/BarrelConverter.cs:20)
GameDatabase.DataModel.Ship:OnDataDeserialized (GameDatabase.Serializable.ShipSerializable,GameDatabase.Database/Loader) (at Assets/Modules/Database/Scripts/DataModel/Ship.cs:11)
GameDatabase.DataModel.Ship:.ctor (GameDatabase.Serializable.ShipSerializable,GameDatabase.Database/Loader) (at Assets/Modules/Database/Scripts/GeneratedGameCode/DataModel/Ship.cs:49)
GameDatabase.DataModel.Ship:Create (GameDatabase.Serializable.ShipSerializable,GameDatabase.Database/Loader) (at Assets/Modules/Database/Scripts/GeneratedGameCode/DataModel/Ship.cs:22)
GameDatabase.Database/Loader:GetShip (GameDatabase.Model.ItemId`1<GameDatabase.DataModel.Ship>,bool) (at Assets/Modules/Database/Scripts/GeneratedGameCode/Database.cs:535)
GameDatabase.DataModel.ShipBuild:.ctor (GameDatabase.Serializable.ShipBuildSerializable,GameDatabase.Database/Loader) (at Assets/Modules/Database/Scripts/GeneratedGameCode/DataModel/ShipBuild.cs:30)
GameDatabase.DataModel.ShipBuild:Create (GameDatabase.Serializable.ShipBuildSerializable,GameDatabase.Database/Loader) (at Assets/Modules/Database/Scripts/GeneratedGameCode/DataModel/ShipBuild.cs:22)
GameDatabase.Database/Loader:GetShipBuild (GameDatabase.Model.ItemId`1<GameDatabase.DataModel.ShipBuild>,bool) (at Assets/Modules/Database/Scripts/GeneratedGameCode/Database.cs:545)
GameDatabase.DataModel.Component:.ctor (GameDatabase.Serializable.ComponentSerializable,GameDatabase.Database/Loader) (at Assets/Modules/Database/Scripts/GeneratedGameCode/DataModel/Component.cs:49)
GameDatabase.DataModel.Component:Create (GameDatabase.Serializable.ComponentSerializable,GameDatabase.Database/Loader) (at Assets/Modules/Database/Scripts/GeneratedGameCode/DataModel/Component.cs:22)
GameDatabase.Database/Loader:Load () (at Assets/Modules/Database/Scripts/GeneratedGameCode/Database.cs:287)
GameDatabase.Database/Loader:Load (GameDatabase.Database,GameDatabase.Storage.DatabaseContent) (at Assets/Modules/Database/Scripts/GeneratedGameCode/Database.cs:271)
GameDatabase.Database:Load (GameDatabase.Storage.IDataStorage) (at Assets/Modules/Database/Scripts/Database.cs:153)
GameDatabase.Database:LoadDefault () (at Assets/Modules/Database/Scripts/Database.cs:94)
ReUI.Editor.ReUIValidation:ValidateBeta81 () (at Assets/ReUI/Editor/ReUIValidation.cs:667)
ReUI.Editor.ReUIValidation:ValidateBeta82 () (at Assets/ReUI/Editor/ReUIValidation.cs:783)

(Filename: Assets/ModulesShared/Diagnostics/Scripts/Debug.cs Line: 35)

barrels do not fit layout 164
UnityEngine.Debug:ExtractStackTraceNoAlloc (byte*,int,string)
UnityEngine.StackTraceUtility:ExtractStackTrace ()
UnityEngine.DebugLogHandler:Internal_Log (UnityEngine.LogType,UnityEngine.LogOption,string,UnityEngine.Object)
UnityEngine.DebugLogHandler:LogFormat (UnityEngine.LogType,UnityEngine.Object,string,object[])
UnityEngine.Logger:Log (UnityEngine.LogType,object,UnityEngine.Object)
UnityEngine.Debug:LogError (object,UnityEngine.Object)
GameDiagnostics.UnityLogger:LogError (string,UnityEngine.GameObject) (at Assets/ModulesShared/Diagnostics/Scripts/UnityLogger.cs:9)
GameDiagnostics.Trace:LogError (string) (at Assets/ModulesShared/Diagnostics/Scripts/Debug.cs:35)
GameDatabase.Utils.BarrelConverter:Convert (GameDatabase.Model.Layout,GameDatabase.Serializable.BarrelSerializable[],int) (at Assets/Modules/Database/Scripts/Utils/BarrelConverter.cs:20)
GameDatabase.DataModel.Ship:OnDataDeserialized (GameDatabase.Serializable.ShipSerializable,GameDatabase.Database/Loader) (at Assets/Modules/Database/Scripts/DataModel/Ship.cs:11)
GameDatabase.DataModel.Ship:.ctor (GameDatabase.Serializable.ShipSerializable,GameDatabase.Database/Loader) (at Assets/Modules/Database/Scripts/GeneratedGameCode/DataModel/Ship.cs:49)
GameDatabase.DataModel.Ship:Create (GameDatabase.Serializable.ShipSerializable,GameDatabase.Database/Loader) (at Assets/Modules/Database/Scripts/GeneratedGameCode/DataModel/Ship.cs:22)
GameDatabase.Database/Loader:Load () (at Assets/Modules/Database/Scripts/GeneratedGameCode/Database.cs:320)
GameDatabase.Database/Loader:Load (GameDatabase.Database,GameDatabase.Storage.DatabaseContent) (at Assets/Modules/Database/Scripts/GeneratedGameCode/Database.cs:271)
GameDatabase.Database:Load (GameDatabase.Storage.IDataStorage) (at Assets/Modules/Database/Scripts/Database.cs:153)
GameDatabase.Database:LoadDefault () (at Assets/Modules/Database/Scripts/Database.cs:94)
ReUI.Editor.ReUIValidation:ValidateBeta81 () (at Assets/ReUI/Editor/ReUIValidation.cs:667)
ReUI.Editor.ReUIValidation:ValidateBeta82 () (at Assets/ReUI/Editor/ReUIValidation.cs:783)

(Filename: Assets/ModulesShared/Diagnostics/Scripts/Debug.cs Line: 35)

barrels do not fit layout 162
UnityEngine.Debug:ExtractStackTraceNoAlloc (byte*,int,string)
UnityEngine.StackTraceUtility:ExtractStackTrace ()
UnityEngine.DebugLogHandler:Internal_Log (UnityEngine.LogType,UnityEngine.LogOption,string,UnityEngine.Object)
UnityEngine.DebugLogHandler:LogFormat (UnityEngine.LogType,UnityEngine.Object,string,object[])
UnityEngine.Logger:Log (UnityEngine.LogType,object,UnityEngine.Object)
UnityEngine.Debug:LogError (object,UnityEngine.Object)
GameDiagnostics.UnityLogger:LogError (string,UnityEngine.GameObject) (at Assets/ModulesShared/Diagnostics/Scripts/UnityLogger.cs:9)
GameDiagnostics.Trace:LogError (string) (at Assets/ModulesShared/Diagnostics/Scripts/Debug.cs:35)
GameDatabase.Utils.BarrelConverter:Convert (GameDatabase.Model.Layout,GameDatabase.Serializable.BarrelSerializable[],int) (at Assets/Modules/Database/Scripts/Utils/BarrelConverter.cs:20)
GameDatabase.DataModel.Ship:OnDataDeserialized (GameDatabase.Serializable.ShipSerializable,GameDatabase.Database/Loader) (at Assets/Modules/Database/Scripts/DataModel/Ship.cs:11)
GameDatabase.DataModel.Ship:.ctor (GameDatabase.Serializable.ShipSerializable,GameDatabase.Database/Loader) (at Assets/Modules/Database/Scripts/GeneratedGameCode/DataModel/Ship.cs:49)
GameDatabase.DataModel.Ship:Create (GameDatabase.Serializable.ShipSerializable,GameDatabase.Database/Loader) (at Assets/Modules/Database/Scripts/GeneratedGameCode/DataModel/Ship.cs:22)
GameDatabase.Database/Loader:Load () (at Assets/Modules/Database/Scripts/GeneratedGameCode/Database.cs:320)
GameDatabase.Database/Loader:Load (GameDatabase.Database,GameDatabase.Storage.DatabaseContent) (at Assets/Modules/Database/Scripts/GeneratedGameCode/Database.cs:271)
GameDatabase.Database:Load (GameDatabase.Storage.IDataStorage) (at Assets/Modules/Database/Scripts/Database.cs:153)
GameDatabase.Database:LoadDefault () (at Assets/Modules/Database/Scripts/Database.cs:94)
ReUI.Editor.ReUIValidation:ValidateBeta81 () (at Assets/ReUI/Editor/ReUIValidation.cs:667)
ReUI.Editor.ReUIValidation:ValidateBeta82 () (at Assets/ReUI/Editor/ReUIValidation.cs:783)

(Filename: Assets/ModulesShared/Diagnostics/Scripts/Debug.cs Line: 35)

barrels do not fit layout 165
UnityEngine.Debug:ExtractStackTraceNoAlloc (byte*,int,string)
UnityEngine.StackTraceUtility:ExtractStackTrace ()
UnityEngine.DebugLogHandler:Internal_Log (UnityEngine.LogType,UnityEngine.LogOption,string,UnityEngine.Object)
UnityEngine.DebugLogHandler:LogFormat (UnityEngine.LogType,UnityEngine.Object,string,object[])
UnityEngine.Logger:Log (UnityEngine.LogType,object,UnityEngine.Object)
UnityEngine.Debug:LogError (object,UnityEngine.Object)
GameDiagnostics.UnityLogger:LogError (string,UnityEngine.GameObject) (at Assets/ModulesShared/Diagnostics/Scripts/UnityLogger.cs:9)
GameDiagnostics.Trace:LogError (string) (at Assets/ModulesShared/Diagnostics/Scripts/Debug.cs:35)
GameDatabase.Utils.BarrelConverter:Convert (GameDatabase.Model.Layout,GameDatabase.Serializable.BarrelSerializable[],int) (at Assets/Modules/Database/Scripts/Utils/BarrelConverter.cs:20)
GameDatabase.DataModel.Ship:OnDataDeserialized (GameDatabase.Serializable.ShipSerializable,GameDatabase.Database/Loader) (at Assets/Modules/Database/Scripts/DataModel/Ship.cs:11)
GameDatabase.DataModel.Ship:.ctor (GameDatabase.Serializable.ShipSerializable,GameDatabase.Database/Loader) (at Assets/Modules/Database/Scripts/GeneratedGameCode/DataModel/Ship.cs:49)
GameDatabase.DataModel.Ship:Create (GameDatabase.Serializable.ShipSerializable,GameDatabase.Database/Loader) (at Assets/Modules/Database/Scripts/GeneratedGameCode/DataModel/Ship.cs:22)
GameDatabase.Database/Loader:Load () (at Assets/Modules/Database/Scripts/GeneratedGameCode/Database.cs:320)
GameDatabase.Database/Loader:Load (GameDatabase.Database,GameDatabase.Storage.DatabaseContent) (at Assets/Modules/Database/Scripts/GeneratedGameCode/Database.cs:271)
GameDatabase.Database:Load (GameDatabase.Storage.IDataStorage) (at Assets/Modules/Database/Scripts/Database.cs:153)
GameDatabase.Database:LoadDefault () (at Assets/Modules/Database/Scripts/Database.cs:94)
ReUI.Editor.ReUIValidation:ValidateBeta81 () (at Assets/ReUI/Editor/ReUIValidation.cs:667)
ReUI.Editor.ReUIValidation:ValidateBeta82 () (at Assets/ReUI/Editor/ReUIValidation.cs:783)

(Filename: Assets/ModulesShared/Diagnostics/Scripts/Debug.cs Line: 35)

barrels do not fit layout 161
UnityEngine.Debug:ExtractStackTraceNoAlloc (byte*,int,string)
UnityEngine.StackTraceUtility:ExtractStackTrace ()
UnityEngine.DebugLogHandler:Internal_Log (UnityEngine.LogType,UnityEngine.LogOption,string,UnityEngine.Object)
UnityEngine.DebugLogHandler:LogFormat (UnityEngine.LogType,UnityEngine.Object,string,object[])
UnityEngine.Logger:Log (UnityEngine.LogType,object,UnityEngine.Object)
UnityEngine.Debug:LogError (object,UnityEngine.Object)
GameDiagnostics.UnityLogger:LogError (string,UnityEngine.GameObject) (at Assets/ModulesShared/Diagnostics/Scripts/UnityLogger.cs:9)
GameDiagnostics.Trace:LogError (string) (at Assets/ModulesShared/Diagnostics/Scripts/Debug.cs:35)
GameDatabase.Utils.BarrelConverter:Convert (GameDatabase.Model.Layout,GameDatabase.Serializable.BarrelSerializable[],int) (at Assets/Modules/Database/Scripts/Utils/BarrelConverter.cs:20)
GameDatabase.DataModel.Ship:OnDataDeserialized (GameDatabase.Serializable.ShipSerializable,GameDatabase.Database/Loader) (at Assets/Modules/Database/Scripts/DataModel/Ship.cs:11)
GameDatabase.DataModel.Ship:.ctor (GameDatabase.Serializable.ShipSerializable,GameDatabase.Database/Loader) (at Assets/Modules/Database/Scripts/GeneratedGameCode/DataModel/Ship.cs:49)
GameDatabase.DataModel.Ship:Create (GameDatabase.Serializable.ShipSerializable,GameDatabase.Database/Loader) (at Assets/Modules/Database/Scripts/GeneratedGameCode/DataModel/Ship.cs:22)
GameDatabase.Database/Loader:Load () (at Assets/Modules/Database/Scripts/GeneratedGameCode/Database.cs:320)
GameDatabase.Database/Loader:Load (GameDatabase.Database,GameDatabase.Storage.DatabaseContent) (at Assets/Modules/Database/Scripts/GeneratedGameCode/Database.cs:271)
GameDatabase.Database:Load (GameDatabase.Storage.IDataStorage) (at Assets/Modules/Database/Scripts/Database.cs:153)
GameDatabase.Database:LoadDefault () (at Assets/Modules/Database/Scripts/Database.cs:94)
ReUI.Editor.ReUIValidation:ValidateBeta81 () (at Assets/ReUI/Editor/ReUIValidation.cs:667)
ReUI.Editor.ReUIValidation:ValidateBeta82 () (at Assets/ReUI/Editor/ReUIValidation.cs:783)

(Filename: Assets/ModulesShared/Diagnostics/Scripts/Debug.cs Line: 35)

barrels do not fit layout 94000
UnityEngine.Debug:ExtractStackTraceNoAlloc (byte*,int,string)
UnityEngine.StackTraceUtility:ExtractStackTrace ()
UnityEngine.DebugLogHandler:Internal_Log (UnityEngine.LogType,UnityEngine.LogOption,string,UnityEngine.Object)
UnityEngine.DebugLogHandler:LogFormat (UnityEngine.LogType,UnityEngine.Object,string,object[])
UnityEngine.Logger:Log (UnityEngine.LogType,object,UnityEngine.Object)
UnityEngine.Debug:LogError (object,UnityEngine.Object)
GameDiagnostics.UnityLogger:LogError (string,UnityEngine.GameObject) (at Assets/ModulesShared/Diagnostics/Scripts/UnityLogger.cs:9)
GameDiagnostics.Trace:LogError (string) (at Assets/ModulesShared/Diagnostics/Scripts/Debug.cs:35)
GameDatabase.Utils.BarrelConverter:Convert (GameDatabase.Model.Layout,GameDatabase.Serializable.BarrelSerializable[],int) (at Assets/Modules/Database/Scripts/Utils/BarrelConverter.cs:20)
GameDatabase.DataModel.Ship:OnDataDeserialized (GameDatabase.Serializable.ShipSerializable,GameDatabase.Database/Loader) (at Assets/Modules/Database/Scripts/DataModel/Ship.cs:11)
GameDatabase.DataModel.Ship:.ctor (GameDatabase.Serializable.ShipSerializable,GameDatabase.Database/Loader) (at Assets/Modules/Database/Scripts/GeneratedGameCode/DataModel/Ship.cs:49)
GameDatabase.DataModel.Ship:Create (GameDatabase.Serializable.ShipSerializable,GameDatabase.Database/Loader) (at Assets/Modules/Database/Scripts/GeneratedGameCode/DataModel/Ship.cs:22)
GameDatabase.Database/Loader:Load () (at Assets/Modules/Database/Scripts/GeneratedGameCode/Database.cs:320)
GameDatabase.Database/Loader:Load (GameDatabase.Database,GameDatabase.Storage.DatabaseContent) (at Assets/Modules/Database/Scripts/GeneratedGameCode/Database.cs:271)
GameDatabase.Database:Load (GameDatabase.Storage.IDataStorage) (at Assets/Modules/Database/Scripts/Database.cs:153)
GameDatabase.Database:LoadDefault () (at Assets/Modules/Database/Scripts/Database.cs:94)
ReUI.Editor.ReUIValidation:ValidateBeta81 () (at Assets/ReUI/Editor/ReUIValidation.cs:667)
ReUI.Editor.ReUIValidation:ValidateBeta82 () (at Assets/ReUI/Editor/ReUIValidation.cs:783)

(Filename: Assets/ModulesShared/Diagnostics/Scripts/Debug.cs Line: 35)

barrels do not fit layout 1145141
UnityEngine.Debug:ExtractStackTraceNoAlloc (byte*,int,string)
UnityEngine.StackTraceUtility:ExtractStackTrace ()
UnityEngine.DebugLogHandler:Internal_Log (UnityEngine.LogType,UnityEngine.LogOption,string,UnityEngine.Object)
UnityEngine.DebugLogHandler:LogFormat (UnityEngine.LogType,UnityEngine.Object,string,object[])
UnityEngine.Logger:Log (UnityEngine.LogType,object,UnityEngine.Object)
UnityEngine.Debug:LogError (object,UnityEngine.Object)
GameDiagnostics.UnityLogger:LogError (string,UnityEngine.GameObject) (at Assets/ModulesShared/Diagnostics/Scripts/UnityLogger.cs:9)
GameDiagnostics.Trace:LogError (string) (at Assets/ModulesShared/Diagnostics/Scripts/Debug.cs:35)
GameDatabase.Utils.BarrelConverter:Convert (GameDatabase.Model.Layout,GameDatabase.Serializable.BarrelSerializable[],int) (at Assets/Modules/Database/Scripts/Utils/BarrelConverter.cs:20)
GameDatabase.DataModel.Ship:OnDataDeserialized (GameDatabase.Serializable.ShipSerializable,GameDatabase.Database/Loader) (at Assets/Modules/Database/Scripts/DataModel/Ship.cs:11)
GameDatabase.DataModel.Ship:.ctor (GameDatabase.Serializable.ShipSerializable,GameDatabase.Database/Loader) (at Assets/Modules/Database/Scripts/GeneratedGameCode/DataModel/Ship.cs:49)
GameDatabase.DataModel.Ship:Create (GameDatabase.Serializable.ShipSerializable,GameDatabase.Database/Loader) (at Assets/Modules/Database/Scripts/GeneratedGameCode/DataModel/Ship.cs:22)
GameDatabase.Database/Loader:Load () (at Assets/Modules/Database/Scripts/GeneratedGameCode/Database.cs:320)
GameDatabase.Database/Loader:Load (GameDatabase.Database,GameDatabase.Storage.DatabaseContent) (at Assets/Modules/Database/Scripts/GeneratedGameCode/Database.cs:271)
GameDatabase.Database:Load (GameDatabase.Storage.IDataStorage) (at Assets/Modules/Database/Scripts/Database.cs:153)
GameDatabase.Database:LoadDefault () (at Assets/Modules/Database/Scripts/Database.cs:94)
ReUI.Editor.ReUIValidation:ValidateBeta81 () (at Assets/ReUI/Editor/ReUIValidation.cs:667)
ReUI.Editor.ReUIValidation:ValidateBeta82 () (at Assets/ReUI/Editor/ReUIValidation.cs:783)

(Filename: Assets/ModulesShared/Diagnostics/Scripts/Debug.cs Line: 35)

barrels do not fit layout 1145142
UnityEngine.Debug:ExtractStackTraceNoAlloc (byte*,int,string)
UnityEngine.StackTraceUtility:ExtractStackTrace ()
UnityEngine.DebugLogHandler:Internal_Log (UnityEngine.LogType,UnityEngine.LogOption,string,UnityEngine.Object)
UnityEngine.DebugLogHandler:LogFormat (UnityEngine.LogType,UnityEngine.Object,string,object[])
UnityEngine.Logger:Log (UnityEngine.LogType,object,UnityEngine.Object)
UnityEngine.Debug:LogError (object,UnityEngine.Object)
GameDiagnostics.UnityLogger:LogError (string,UnityEngine.GameObject) (at Assets/ModulesShared/Diagnostics/Scripts/UnityLogger.cs:9)
GameDiagnostics.Trace:LogError (string) (at Assets/ModulesShared/Diagnostics/Scripts/Debug.cs:35)
GameDatabase.Utils.BarrelConverter:Convert (GameDatabase.Model.Layout,GameDatabase.Serializable.BarrelSerializable[],int) (at Assets/Modules/Database/Scripts/Utils/BarrelConverter.cs:20)
GameDatabase.DataModel.Ship:OnDataDeserialized (GameDatabase.Serializable.ShipSerializable,GameDatabase.Database/Loader) (at Assets/Modules/Database/Scripts/DataModel/Ship.cs:11)
GameDatabase.DataModel.Ship:.ctor (GameDatabase.Serializable.ShipSerializable,GameDatabase.Database/Loader) (at Assets/Modules/Database/Scripts/GeneratedGameCode/DataModel/Ship.cs:49)
GameDatabase.DataModel.Ship:Create (GameDatabase.Serializable.ShipSerializable,GameDatabase.Database/Loader) (at Assets/Modules/Database/Scripts/GeneratedGameCode/DataModel/Ship.cs:22)
GameDatabase.Database/Loader:Load () (at Assets/Modules/Database/Scripts/GeneratedGameCode/Database.cs:320)
GameDatabase.Database/Loader:Load (GameDatabase.Database,GameDatabase.Storage.DatabaseContent) (at Assets/Modules/Database/Scripts/GeneratedGameCode/Database.cs:271)
GameDatabase.Database:Load (GameDatabase.Storage.IDataStorage) (at Assets/Modules/Database/Scripts/Database.cs:153)
GameDatabase.Database:LoadDefault () (at Assets/Modules/Database/Scripts/Database.cs:94)
ReUI.Editor.ReUIValidation:ValidateBeta81 () (at Assets/ReUI/Editor/ReUIValidation.cs:667)
ReUI.Editor.ReUIValidation:ValidateBeta82 () (at Assets/ReUI/Editor/ReUIValidation.cs:783)

(Filename: Assets/ModulesShared/Diagnostics/Scripts/Debug.cs Line: 35)

barrels do not fit layout 114514
UnityEngine.Debug:ExtractStackTraceNoAlloc (byte*,int,string)
UnityEngine.StackTraceUtility:ExtractStackTrace ()
UnityEngine.DebugLogHandler:Internal_Log (UnityEngine.LogType,UnityEngine.LogOption,string,UnityEngine.Object)
UnityEngine.DebugLogHandler:LogFormat (UnityEngine.LogType,UnityEngine.Object,string,object[])
UnityEngine.Logger:Log (UnityEngine.LogType,object,UnityEngine.Object)
UnityEngine.Debug:LogError (object,UnityEngine.Object)
GameDiagnostics.UnityLogger:LogError (string,UnityEngine.GameObject) (at Assets/ModulesShared/Diagnostics/Scripts/UnityLogger.cs:9)
GameDiagnostics.Trace:LogError (string) (at Assets/ModulesShared/Diagnostics/Scripts/Debug.cs:35)
GameDatabase.Utils.BarrelConverter:Convert (GameDatabase.Model.Layout,GameDatabase.Serializable.BarrelSerializable[],int) (at Assets/Modules/Database/Scripts/Utils/BarrelConverter.cs:20)
GameDatabase.DataModel.Ship:OnDataDeserialized (GameDatabase.Serializable.ShipSerializable,GameDatabase.Database/Loader) (at Assets/Modules/Database/Scripts/DataModel/Ship.cs:11)
GameDatabase.DataModel.Ship:.ctor (GameDatabase.Serializable.ShipSerializable,GameDatabase.Database/Loader) (at Assets/Modules/Database/Scripts/GeneratedGameCode/DataModel/Ship.cs:49)
GameDatabase.DataModel.Ship:Create (GameDatabase.Serializable.ShipSerializable,GameDatabase.Database/Loader) (at Assets/Modules/Database/Scripts/GeneratedGameCode/DataModel/Ship.cs:22)
GameDatabase.Database/Loader:Load () (at Assets/Modules/Database/Scripts/GeneratedGameCode/Database.cs:320)
GameDatabase.Database/Loader:Load (GameDatabase.Database,GameDatabase.Storage.DatabaseContent) (at Assets/Modules/Database/Scripts/GeneratedGameCode/Database.cs:271)
GameDatabase.Database:Load (GameDatabase.Storage.IDataStorage) (at Assets/Modules/Database/Scripts/Database.cs:153)
GameDatabase.Database:LoadDefault () (at Assets/Modules/Database/Scripts/Database.cs:94)
ReUI.Editor.ReUIValidation:ValidateBeta81 () (at Assets/ReUI/Editor/ReUIValidation.cs:667)
ReUI.Editor.ReUIValidation:ValidateBeta82 () (at Assets/ReUI/Editor/ReUIValidation.cs:783)

(Filename: Assets/ModulesShared/Diagnostics/Scripts/Debug.cs Line: 35)

[Beta8.1 Validation] silentCore=high-visibility-charge, beautifulProminence=nearest-hive-single-completion, defense=observe-normal-battle, dialogue=no-empty-fleet-preview, hiveBackground=stable-world-space-uv, advanceFour=45-to-55ly, mothersTears=nearby-stations, wanNianFengXue=smaller, craftingLevel=50
[Beta8.2 Validation] wanNianFengXue=slightly-smaller, externalModPainting=logical-rect-pivot-preserved-pixel-signature-isolated
Batchmode quit successfully invoked - shutting down!
Curl error 42: Callback aborted
Killing ADB server in 0.1965927 seconds.
Unknown error occurred while loading 'Library/BuildProfileContext.asset'.
UnityEngine.Debug:ExtractStackTraceNoAlloc (byte*,int,string)
UnityEngine.StackTraceUtility:ExtractStackTrace ()
UnityEditorInternal.InternalEditorUtility:SaveToSerializedFileAndForgetInternal (string,UnityEngine.Object[],bool)
UnityEditorInternal.InternalEditorUtility:SaveToSerializedFileAndForget (UnityEngine.Object[],string,bool)
UnityEditor.Build.Profile.BuildProfileContext:Save ()
UnityEditor.Build.Profile.BuildProfileContext:OnDisable ()

[ line 0]

Unknown error occurred while loading 'Library/BuildProfiles/PlatformProfile.4e3c793746204150860bf175a9a41a05.asset'.
UnityEngine.Debug:ExtractStackTraceNoAlloc (byte*,int,string)
UnityEngine.StackTraceUtility:ExtractStackTrace ()
UnityEditorInternal.InternalEditorUtility:SaveToSerializedFileAndForgetInternal (string,UnityEngine.Object[],bool)
UnityEditorInternal.InternalEditorUtility:SaveToSerializedFileAndForget (UnityEngine.Object[],string,bool)
UnityEditor.Build.Profile.BuildProfileContext:SaveBuildProfileInProject (UnityEditor.Build.Profile.BuildProfile)
UnityEditor.Build.Profile.BuildProfileContext:OnDisable ()

[ line 0]

Unknown error occurred while loading 'Library/BuildProfiles/PlatformProfile.b9b35072a6f44c2e863f17467ea3dc13.asset'.
UnityEngine.Debug:ExtractStackTraceNoAlloc (byte*,int,string)
UnityEngine.StackTraceUtility:ExtractStackTrace ()
UnityEditorInternal.InternalEditorUtility:SaveToSerializedFileAndForgetInternal (string,UnityEngine.Object[],bool)
UnityEditorInternal.InternalEditorUtility:SaveToSerializedFileAndForget (UnityEngine.Object[],string,bool)
UnityEditor.Build.Profile.BuildProfileContext:SaveBuildProfileInProject (UnityEditor.Build.Profile.BuildProfile)
UnityEditor.Build.Profile.BuildProfileContext:OnDisable ()

[ line 0]

Unknown error occurred while loading 'Library/BuildProfiles/SharedProfile.asset'.
UnityEngine.Debug:ExtractStackTraceNoAlloc (byte*,int,string)
UnityEngine.StackTraceUtility:ExtractStackTrace ()
UnityEditorInternal.InternalEditorUtility:SaveToSerializedFileAndForgetInternal (string,UnityEngine.Object[],bool)
UnityEditorInternal.InternalEditorUtility:SaveToSerializedFileAndForget (UnityEngine.Object[],string,bool)
UnityEditor.Build.Profile.BuildProfileContext:SaveBuildProfileInProject (UnityEditor.Build.Profile.BuildProfile)
UnityEditor.Build.Profile.BuildProfileContext:OnDisable ()

[ line 0]

[Physics::Module] Cleanup current backned.
[Physics::Module] Id: 0xf2b8ea05
Input System module state changed to: ShutdownInProgress.
Input System polling thread exited.
Input System module state changed to: Shutdown.
[Licensing::IpcConnector] LicenseClient-Voidream-notifications channel disconnected successfully.
[Licensing::IpcConnector] LicenseClient-Voidream channel disconnected successfully.
AcceleratorClientConnectionCallback - disconnected - :0
Cleanup mono
Exiting batchmode successfully now!
Exiting without the bug reporter. Application will terminate with return code 0