Built from '6000.0/staging' branch; Version is '6000.0.75f1 (26349cd2a5c8) revision 2503836'; Using compiler version '193933523'; Build Type 'Release'
OS: 'Windows 11  (10.0.28120) Enterprise' Language: 'zh' Physical Memory: 32487 MB
BatchMode: 1, IsHumanControllingUs: 0, StartBugReporterOnCrash: 0, Is64bit: 1
System  architecture: x64
Process architecture: x64
Date: 2026-08-19T05:33:56Z
[Licensing::Module] Trying to connect to existing licensing client channel...
[Licensing::IpcConnector] Channel LicenseClient-Voidream doesn't exist
[Licensing::Module] Successfully launched the LicensingClient (PId: 42940)

COMMAND LINE ARGUMENTS:
C:\Program Files\Unity\Hub\Editor\6000.0.75f1\Editor\Unity.exe
-batchmode
-quit
-projectPath
C:\Users\wjy25\Documents\Re-Threebody\upstream\ReUI
-executeMethod
ReUI.Editor.ReUIQuickAndroidBuild.Build
-logFile
C:\Users\wjy25\Documents\Re-Threebody\upstream\ReUI\beta839-combined-android-build.log
Successfully changed project path to: C:\Users\wjy25\Documents\Re-Threebody\upstream\ReUI
C:/Users/wjy25/Documents/Re-Threebody/upstream/ReUI
[UnityMemory] Configuration Parameters - Can be set up in boot.config
    "memorysetup-bucket-allocator-granularity=16"
    "memorysetup-bucket-allocator-bucket-count=8"
    "memorysetup-bucket-allocator-block-size=33554432"
    "memorysetup-bucket-allocator-block-count=8"
    "memorysetup-main-allocator-block-size=16777216"
    "memorysetup-thread-allocator-block-size=16777216"
    "memorysetup-gfx-main-allocator-block-size=16777216"
    "memorysetup-gfx-thread-allocator-block-size=16777216"
    "memorysetup-cache-allocator-block-size=4194304"
    "memorysetup-typetree-allocator-block-size=2097152"
    "memorysetup-profiler-bucket-allocator-granularity=16"
    "memorysetup-profiler-bucket-allocator-bucket-count=8"
    "memorysetup-profiler-bucket-allocator-block-size=33554432"
    "memorysetup-profiler-bucket-allocator-block-count=8"
    "memorysetup-profiler-allocator-block-size=16777216"
    "memorysetup-profiler-editor-allocator-block-size=1048576"
    "memorysetup-temp-allocator-size-main=16777216"
    "memorysetup-job-temp-allocator-block-size=2097152"
    "memorysetup-job-temp-allocator-block-size-background=1048576"
    "memorysetup-job-temp-allocator-reduction-small-platforms=262144"
    "memorysetup-allocator-temp-initial-block-size-main=262144"
    "memorysetup-allocator-temp-initial-block-size-worker=262144"
    "memorysetup-temp-allocator-size-background-worker=32768"
    "memorysetup-temp-allocator-size-job-worker=262144"
    "memorysetup-temp-allocator-size-preload-manager=33554432"
    "memorysetup-temp-allocator-size-nav-mesh-worker=65536"
    "memorysetup-temp-allocator-size-audio-worker=65536"
    "memorysetup-temp-allocator-size-cloud-worker=32768"
    "memorysetup-temp-allocator-size-gi-baking-worker=262144"
    "memorysetup-temp-allocator-size-gi-baking-worker=262144"
    "memorysetup-temp-allocator-size-gi-baking-worker=262144"
    "memorysetup-temp-allocator-size-gi-baking-worker=262144"
    "memorysetup-temp-allocator-size-gi-baking-worker=262144"
    "memorysetup-temp-allocator-size-gfx=262144"
Player connection [42560]  Target information:

Player connection [42560]  * "[IP] 172.18.16.1 [Port] 55504 [Flags] 2 [Guid] 430899341 [EditorId] 430899341 [Version] 1048832 [Id] WindowsEditor(7,WIN-006UKCKR5SD) [Debug] 1 [PackageName] WindowsEditor [ProjectName] Editor" 

Player connection [42560]  * "[IP] 198.18.0.1 [Port] 55504 [Flags] 2 [Guid] 430899341 [EditorId] 430899341 [Version] 1048832 [Id] WindowsEditor(7,WIN-006UKCKR5SD) [Debug] 1 [PackageName] WindowsEditor [ProjectName] Editor" 

Player connection [42560]  * "[IP] 192.168.1.105 [Port] 55504 [Flags] 2 [Guid] 430899341 [EditorId] 430899341 [Version] 1048832 [Id] WindowsEditor(7,WIN-006UKCKR5SD) [Debug] 1 [PackageName] WindowsEditor [ProjectName] Editor" 

Player connection [42560] Host joined multi-casting on [225.0.0.222:54997]...
Player connection [42560] Host joined alternative multi-casting on [225.0.0.222:34997]...
Input System module state changed to: Initialized.
[Physics::Module] Initialized fallback backend.
[Physics::Module] Id: 0xdecafbad
[Package Manager] Connected to IPC stream "Upm-42124" after 0.4 seconds.
Library Redirect Path: Library/
[Licensing::IpcConnector] Successfully connected to: "LicenseClient-Voidream" at "2026-08-19T05:33:57.3086956Z"
[Licensing::Client] Code 10 while verifying Licensing Client signature (process Id: 42940, path: "C:/Program Files/Unity/Hub/Editor/6000.0.75f1/Editor/Data/Resources/Licensing/Client/Unity.Licensing.Client.exe")
[Licensing::Module] LicensingClient has failed validation; ignoring
[Licensing::Client] Handshaking with LicensingClient:
  Version:                 1.17.4+4293ba1
  Session Id:              2e1e9b819ec6424d9238d416ea34cdf3
  Correlation Id:          dcbe9d3fe08066acfc1058e7b7638181
  External correlation Id: 967107159552346677
  Machine Id:              WeJfFlhUrXm/oUJXcgBJuMWLvIg=
[Licensing::Module] Successfully connected to LicensingClient on channel: "LicenseClient-Voidream" (connect: 0.57s, validation: 0.19s, handshake: 0.06s)
[Licensing::IpcConnector] Successfully connected to: "LicenseClient-Voidream-notifications" at "2026-08-19T05:33:57.5590619Z"
[Licensing::Module] Connected to LicensingClient (PId: 42940, launch time: 0.00, total connection time: 0.82s)
[Licensing::Module] Error: Access token is unavailable; failed to update
[Licensing::Client] Successfully resolved entitlement details
[Licensing::Module] License group:
  Id: 20067615106968-UnityPersXXXX
  Product: Unity Personal
  Type: Assigned
  Expiration: Unlimited
[Licensing::Client] Successfully updated license, isAsync: True, time: 0.01
[Licensing::Client] Successfully resolved entitlement details
[Licensing::Module] Licensing Background thread has ended after 0.88s
[Physics::Module] Selected backend.
[Physics::Module] Name: PhysX
[Physics::Module] Id: 0xf2b8ea05
[Physics::Module] SDK Version: 4.1.2
[Physics::Module] Integration Version: 1.0.0
[Physics::Module] Threading Mode: Multi-Threaded
[Licensing::Client] Successfully resolved entitlement details
Refreshing native plugins compatible for Editor in 2.40 ms, found 0 plugins.
Preloading 0 native plugins for Editor in 0.00 ms.
Initialize engine version: 6000.0.75f1 (26349cd2a5c8)
[Subsystems] Discovering subsystems at path C:/Program Files/Unity/Hub/Editor/6000.0.75f1/Editor/Data/Resources/UnitySubsystems
[Subsystems] Discovering subsystems at path C:/Users/wjy25/Documents/Re-Threebody/upstream/ReUI/Assets
GfxDevice: creating device client; kGfxThreadingModeNonThreaded
Direct3D:
    Version:  Direct3D 11.0 [level 11.1]
    Renderer: NVIDIA GeForce RTX 5070 Ti Laptop GPU (ID=0x2f18)
    Vendor:   NVIDIA
    VRAM:     11944 MB
    Driver:   32.0.16.1088
Initialize mono
Mono path[0] = 'C:/Program Files/Unity/Hub/Editor/6000.0.75f1/Editor/Data/Managed'
Mono path[1] = 'C:/Program Files/Unity/Hub/Editor/6000.0.75f1/Editor/Data/MonoBleedingEdge/lib/mono/unityjit-win32'
Mono config path = 'C:/Program Files/Unity/Hub/Editor/6000.0.75f1/Editor/Data/MonoBleedingEdge/etc'
Using monoOptions --debugger-agent=transport=dt_socket,embedding=1,server=y,suspend=n,address=127.0.0.1:56124
Using cacheserver namespaces - metadata:defaultmetadata, artifacts:defaultartifacts
Using cacheserver namespaces - metadata:defaultmetadata, artifacts:defaultartifacts
ImportWorker Server TCP listen port: 0
AcceleratorClientConnectionCallback - disconnected - :0
Begin MonoManager ReloadAssembly
Registering precompiled unity dll's ...
Register platform support module: C:/Program Files/Unity/Hub/Editor/6000.0.75f1/Editor/Data/PlaybackEngines/WindowsStandaloneSupport/UnityEditor.WindowsStandalone.Extensions.dll
Register platform support module: C:/Program Files/Unity/Hub/Editor/6000.0.75f1/Editor/Data/PlaybackEngines/AndroidPlayer/UnityEditor.Android.Extensions.dll
Registered in 0.003194 seconds.
- Loaded All Assemblies, in  0.335 seconds
Native extension for Android target not found
Android Extension - Scanning For ADB Devices 2322 ms
Native extension for WindowsStandalone target not found
Package Manager log level set to [2]
Mono: successfully reloaded assembly
- Finished resetting the current domain, in  2.621 seconds
Domain Reload Profiling: 2955ms
	BeginReloadAssembly (109ms)
		ExecutionOrderSort (0ms)
		DisableScriptedObjects (0ms)
		BackupInstance (0ms)
		ReleaseScriptingObjects (0ms)
		CreateAndSetChildDomain (1ms)
	RebuildCommonClasses (30ms)
	RebuildNativeTypeToScriptingClass (11ms)
	initialDomainReloadingComplete (45ms)
	LoadAllAssembliesAndSetupDomain (138ms)
		LoadAssemblies (108ms)
		RebuildTransferFunctionScriptingTraits (0ms)
		AnalyzeDomain (135ms)
			TypeCache.Refresh (134ms)
				TypeCache.ScanAssembly (122ms)
			BuildScriptInfoCaches (0ms)
			ResolveRequiredComponents (0ms)
	FinalizeReload (2621ms)
		ReleaseScriptCaches (0ms)
		RebuildScriptCaches (0ms)
		SetupLoadedEditorAssemblies (2591ms)
			LogAssemblyErrors (0ms)
			InitializePlatformSupportModulesInManaged (2398ms)
			SetLoadedEditorAssemblies (3ms)
			BeforeProcessingInitializeOnLoad (45ms)
			ProcessInitializeOnLoadAttributes (102ms)
			ProcessInitializeOnLoadMethodAttributes (43ms)
			AfterProcessingInitializeOnLoad (0ms)
			EditorAssembliesLoaded (0ms)
		ExecutionOrderSort2 (0ms)
		AwakeInstancesAfterBackupRestoration (0ms)
[Licensing::Client] Successfully resolved entitlement details
[Licensing::Client] Successfully resolved entitlement details
Application.AssetDatabase Initial Refresh Start
[Package Manager] Restoring resolved packages state from cache
[Licensing::Client] Successfully resolved entitlement details
[Package Manager] Registered 50 packages:
  Packages from [https://package.openupm.com]:
    com.google.external-dependency-manager@1.2.187 (location: C:\Users\wjy25\Documents\Re-Threebody\upstream\ReUI\Library\PackageCache\com.google.external-dependency-manager@f5312a5700af)
  Packages from [https://packages.unity.com]:
    com.unity.ads@4.17.0 (location: C:\Users\wjy25\Documents\Re-Threebody\upstream\ReUI\Library\PackageCache\com.unity.ads@c6e6f61ed7d9)
    com.unity.ide.visualstudio@2.0.27 (location: C:\Users\wjy25\Documents\Re-Threebody\upstream\ReUI\Library\PackageCache\com.unity.ide.visualstudio@dc1ddd4f09b6)
    com.unity.inputsystem@1.19.0 (location: C:\Users\wjy25\Documents\Re-Threebody\upstream\ReUI\Library\PackageCache\com.unity.inputsystem@21a28c3a6c83)
    com.unity.purchasing@5.3.1 (location: C:\Users\wjy25\Documents\Re-Threebody\upstream\ReUI\Library\PackageCache\com.unity.purchasing@b69b97f74d28)
    com.unity.toolchain.win-x86_64-linux-x86_64@2.0.11 (location: C:\Users\wjy25\Documents\Re-Threebody\upstream\ReUI\Library\PackageCache\com.unity.toolchain.win-x86_64-linux-x86_64@3c4c356523ed)
    com.unity.sysroot@2.0.10 (location: C:\Users\wjy25\Documents\Re-Threebody\upstream\ReUI\Library\PackageCache\com.unity.sysroot@7bbbb9339c14)
    com.unity.sysroot.linux-x86_64@2.0.9 (location: C:\Users\wjy25\Documents\Re-Threebody\upstream\ReUI\Library\PackageCache\com.unity.sysroot.linux-x86_64@1998d1c7730e)
    com.unity.services.core@1.16.0 (location: C:\Users\wjy25\Documents\Re-Threebody\upstream\ReUI\Library\PackageCache\com.unity.services.core@8ba50f624741)
    com.unity.nuget.newtonsoft-json@3.2.1 (location: C:\Users\wjy25\Documents\Re-Threebody\upstream\ReUI\Library\PackageCache\com.unity.nuget.newtonsoft-json@74deb55db2a0)
  Built-in packages:
    com.unity.2d.sprite@1.0.0 (location: C:\Users\wjy25\Documents\Re-Threebody\upstream\ReUI\Library\PackageCache\com.unity.2d.sprite@0eb6ea2c7181)
    com.unity.multiplayer.center@1.0.0 (location: C:\Users\wjy25\Documents\Re-Threebody\upstream\ReUI\Library\PackageCache\com.unity.multiplayer.center@f3fb577b3546)
    com.unity.test-framework@1.6.0 (location: C:\Users\wjy25\Documents\Re-Threebody\upstream\ReUI\Library\PackageCache\com.unity.test-framework@082c24152fd4)
    com.unity.ugui@2.0.0 (location: C:\Users\wjy25\Documents\Re-Threebody\upstream\ReUI\Library\PackageCache\com.unity.ugui@7537063fea2b)
    com.unity.ui@2.0.0 (location: C:\Users\wjy25\Documents\Re-Threebody\upstream\ReUI\Library\PackageCache\com.unity.ui@ccd6582d7949)
    com.unity.modules.accessibility@1.0.0 (location: C:\Users\wjy25\Documents\Re-Threebody\upstream\ReUI\Library\PackageCache\com.unity.modules.accessibility)
    com.unity.modules.ai@1.0.0 (location: C:\Users\wjy25\Documents\Re-Threebody\upstream\ReUI\Library\PackageCache\com.unity.modules.ai)
    com.unity.modules.androidjni@1.0.0 (location: C:\Users\wjy25\Documents\Re-Threebody\upstream\ReUI\Library\PackageCache\com.unity.modules.androidjni)
    com.unity.modules.animation@1.0.0 (location: C:\Users\wjy25\Documents\Re-Threebody\upstream\ReUI\Library\PackageCache\com.unity.modules.animation)
    com.unity.modules.assetbundle@1.0.0 (location: C:\Users\wjy25\Documents\Re-Threebody\upstream\ReUI\Library\PackageCache\com.unity.modules.assetbundle)
    com.unity.modules.audio@1.0.0 (location: C:\Users\wjy25\Documents\Re-Threebody\upstream\ReUI\Library\PackageCache\com.unity.modules.audio)
    com.unity.modules.cloth@1.0.0 (location: C:\Users\wjy25\Documents\Re-Threebody\upstream\ReUI\Library\PackageCache\com.unity.modules.cloth)
    com.unity.modules.director@1.0.0 (location: C:\Users\wjy25\Documents\Re-Threebody\upstream\ReUI\Library\PackageCache\com.unity.modules.director)
    com.unity.modules.imageconversion@1.0.0 (location: C:\Users\wjy25\Documents\Re-Threebody\upstream\ReUI\Library\PackageCache\com.unity.modules.imageconversion)
    com.unity.modules.imgui@1.0.0 (location: C:\Users\wjy25\Documents\Re-Threebody\upstream\ReUI\Library\PackageCache\com.unity.modules.imgui)
    com.unity.modules.jsonserialize@1.0.0 (location: C:\Users\wjy25\Documents\Re-Threebody\upstream\ReUI\Library\PackageCache\com.unity.modules.jsonserialize)
    com.unity.modules.particlesystem@1.0.0 (location: C:\Users\wjy25\Documents\Re-Threebody\upstream\ReUI\Library\PackageCache\com.unity.modules.particlesystem)
    com.unity.modules.physics@1.0.0 (location: C:\Users\wjy25\Documents\Re-Threebody\upstream\ReUI\Library\PackageCache\com.unity.modules.physics)
    com.unity.modules.physics2d@1.0.0 (location: C:\Users\wjy25\Documents\Re-Threebody\upstream\ReUI\Library\PackageCache\com.unity.modules.physics2d)
    com.unity.modules.screencapture@1.0.0 (location: C:\Users\wjy25\Documents\Re-Threebody\upstream\ReUI\Library\PackageCache\com.unity.modules.screencapture)
    com.unity.modules.terrain@1.0.0 (location: C:\Users\wjy25\Documents\Re-Threebody\upstream\ReUI\Library\PackageCache\com.unity.modules.terrain)
    com.unity.modules.terrainphysics@1.0.0 (location: C:\Users\wjy25\Documents\Re-Threebody\upstream\ReUI\Library\PackageCache\com.unity.modules.terrainphysics)
    com.unity.modules.tilemap@1.0.0 (location: C:\Users\wjy25\Documents\Re-Threebody\upstream\ReUI\Library\PackageCache\com.unity.modules.tilemap)
    com.unity.modules.ui@1.0.0 (location: C:\Users\wjy25\Documents\Re-Threebody\upstream\ReUI\Library\PackageCache\com.unity.modules.ui)
    com.unity.modules.uielements@1.0.0 (location: C:\Users\wjy25\Documents\Re-Threebody\upstream\ReUI\Library\PackageCache\com.unity.modules.uielements)
    com.unity.modules.umbra@1.0.0 (location: C:\Users\wjy25\Documents\Re-Threebody\upstream\ReUI\Library\PackageCache\com.unity.modules.umbra)
    com.unity.modules.unityanalytics@1.0.0 (location: C:\Users\wjy25\Documents\Re-Threebody\upstream\ReUI\Library\PackageCache\com.unity.modules.unityanalytics)
    com.unity.modules.unitywebrequest@1.0.0 (location: C:\Users\wjy25\Documents\Re-Threebody\upstream\ReUI\Library\PackageCache\com.unity.modules.unitywebrequest)
    com.unity.modules.unitywebrequestassetbundle@1.0.0 (location: C:\Users\wjy25\Documents\Re-Threebody\upstream\ReUI\Library\PackageCache\com.unity.modules.unitywebrequestassetbundle)
    com.unity.modules.unitywebrequestaudio@1.0.0 (location: C:\Users\wjy25\Documents\Re-Threebody\upstream\ReUI\Library\PackageCache\com.unity.modules.unitywebrequestaudio)
    com.unity.modules.unitywebrequesttexture@1.0.0 (location: C:\Users\wjy25\Documents\Re-Threebody\upstream\ReUI\Library\PackageCache\com.unity.modules.unitywebrequesttexture)
    com.unity.modules.unitywebrequestwww@1.0.0 (location: C:\Users\wjy25\Documents\Re-Threebody\upstream\ReUI\Library\PackageCache\com.unity.modules.unitywebrequestwww)
    com.unity.modules.vehicles@1.0.0 (location: C:\Users\wjy25\Documents\Re-Threebody\upstream\ReUI\Library\PackageCache\com.unity.modules.vehicles)
    com.unity.modules.video@1.0.0 (location: C:\Users\wjy25\Documents\Re-Threebody\upstream\ReUI\Library\PackageCache\com.unity.modules.video)
    com.unity.modules.vr@1.0.0 (location: C:\Users\wjy25\Documents\Re-Threebody\upstream\ReUI\Library\PackageCache\com.unity.modules.vr)
    com.unity.modules.wind@1.0.0 (location: C:\Users\wjy25\Documents\Re-Threebody\upstream\ReUI\Library\PackageCache\com.unity.modules.wind)
    com.unity.modules.xr@1.0.0 (location: C:\Users\wjy25\Documents\Re-Threebody\upstream\ReUI\Library\PackageCache\com.unity.modules.xr)
    com.unity.modules.subsystems@1.0.0 (location: C:\Users\wjy25\Documents\Re-Threebody\upstream\ReUI\Library\PackageCache\com.unity.modules.subsystems)
    com.unity.modules.hierarchycore@1.0.0 (location: C:\Users\wjy25\Documents\Re-Threebody\upstream\ReUI\Library\PackageCache\com.unity.modules.hierarchycore)
    com.unity.ext.nunit@2.0.5 (location: C:\Users\wjy25\Documents\Re-Threebody\upstream\ReUI\Library\PackageCache\com.unity.ext.nunit@031a54704bff)
[Subsystems] No new subsystems found in resolved package list.
[Package Manager] Done registering packages in 0.02 seconds
Assembly for Assembly Definition File 'Assets/Modules/GalaxyMap/GalaxyMap.asmdef' will not be compiled, because it has no scripts associated with it.
Starting: C:\Program Files\Unity\Hub\Editor\6000.0.75f1\Editor\Data\bee_backend.exe --ipc --defer-dag-verification --dagfile="Library/Bee/1300b0aE.dag" --continue-on-failure --profile="Library/Bee/backend1.traceevents" ScriptAssemblies
WorkingDir: C:/Users/wjy25/Documents/Re-Threebody/upstream/ReUI
DisplayProgressbar: Compiling Scripts
ExitCode: 0 Duration: 0s173ms
*** Tundra build success (0.14 seconds), 0 items updated, 851 evaluated
AssetDatabase: script compilation time: 0.667412s
Begin MonoManager ReloadAssembly
- Loaded All Assemblies, in  0.644 seconds
Refreshing native plugins compatible for Editor in 6.75 ms, found 0 plugins.
Native extension for Android target not found
Native extension for WindowsStandalone target not found
Detected .NET version 4.5
Mono: successfully reloaded assembly
- Finished resetting the current domain, in  0.642 seconds
Domain Reload Profiling: 1284ms
	BeginReloadAssembly (246ms)
		ExecutionOrderSort (0ms)
		DisableScriptedObjects (9ms)
		BackupInstance (0ms)
		ReleaseScriptingObjects (0ms)
		CreateAndSetChildDomain (120ms)
	RebuildCommonClasses (29ms)
	RebuildNativeTypeToScriptingClass (11ms)
	initialDomainReloadingComplete (23ms)
	LoadAllAssembliesAndSetupDomain (334ms)
		LoadAssemblies (260ms)
		RebuildTransferFunctionScriptingTraits (0ms)
		AnalyzeDomain (157ms)
			TypeCache.Refresh (105ms)
				TypeCache.ScanAssembly (94ms)
			BuildScriptInfoCaches (40ms)
			ResolveRequiredComponents (11ms)
	FinalizeReload (642ms)
		ReleaseScriptCaches (0ms)
		RebuildScriptCaches (0ms)
		SetupLoadedEditorAssemblies (533ms)
			LogAssemblyErrors (0ms)
			InitializePlatformSupportModulesInManaged (21ms)
			SetLoadedEditorAssemblies (3ms)
			BeforeProcessingInitializeOnLoad (110ms)
			ProcessInitializeOnLoadAttributes (363ms)
			ProcessInitializeOnLoadMethodAttributes (33ms)
			AfterProcessingInitializeOnLoad (3ms)
			EditorAssembliesLoaded (0ms)
		ExecutionOrderSort2 (0ms)
		AwakeInstancesAfterBackupRestoration (5ms)
Asset Pipeline Refresh (id=ac9e6778910e0f44ea0c794a3847c113): Total: 2.512 seconds - Initiated by InitialRefreshV2(ForceSynchronousImport)
	Summary:
		Imports: total=0 (actual=0, local cache=0, cache server=0)
		Asset DB Process Time: managed=0 ms, native=991 ms
		Asset DB Callback time: managed=146 ms, native=22 ms
		Scripting: domain reloads=1, domain reload time=645 ms, compile time=669 ms, other=37 ms
		Project Asset Count: scripts=1397, non-scripts=4673
		Asset File Changes: new=0, changed=0, moved=0, deleted=0
		Scan Filter Count: 0
	InvokeCustomDependenciesCallbacks: 0.001ms
	InvokePackagesCallback: 23.625ms
	ApplyChangesToAssetFolders: 0.438ms
	Scan: 89.483ms
	OnSourceAssetsModified: 0.001ms
	CategorizeAssetsWithTransientArtifact: 38.435ms
	ProcessAssetsWithTransientArtifactChanges: 55.915ms
	CategorizeAssets: 39.339ms
	ImportOutOfDateAssets: 661.733ms (-8.605ms without children)
		CompileScripts: 668.703ms
		ReloadNativeAssets: 0.004ms
		UnloadImportedAssets: 0.202ms
		EnsureUptoDateAssetsAreRegisteredWithGuidPM: 0.693ms
		InitializingProgressBar: 0.000ms
		PostProcessAllAssetNotificationsAddChangedAssets: 0.000ms
		OnDemandSchedulerStart: 0.735ms
	PostProcessAllAssets: 146.514ms
	GatherAllCurrentPrimaryArtifactRevisions: 0.002ms
	UnloadStreamsBegin: 0.174ms
	PersistCurrentRevisions: 0.201ms
	UnloadStreamsEnd: 0.001ms
	GenerateScriptTypeHashes: 3.333ms
	Untracked: 1456.113ms

Application.AssetDatabase Initial Refresh End
Scanning for USB devices : 0.495ms
Initializing Unity extensions:
[MODES] ModeService[none].Initialize
[MODES] ModeService[none].LoadModes
[MODES] Loading mode Default (0) for mode-current-id-三体视界
Unloading 42 Unused Serialized files (Serialized files now loaded: 0)
Unloading 5079 unused Assets / (5.1 MB). Loaded Objects now: 5507.
Memory consumption went from 158.5 MB to 153.4 MB.
Total: 7.363200 ms (FindLiveObjects: 0.285100 ms CreateObjectMapping: 0.222900 ms MarkObjects: 4.197600 ms  DeleteObjects: 2.651100 ms)

Asset Pipeline Refresh (id=0adcea42b35e08c438d1770830ed7cef): Total: 0.036 seconds - Initiated by RefreshV2(NoUpdateAssetOptions)
Asset Pipeline Refresh (id=020370ec090113d4eaffe15cf08e56b6): Total: 0.028 seconds - Initiated by RefreshV2(NoUpdateAssetOptions)
Asset Pipeline Refresh (id=9a6ca28952c96f947a5f0fe405894b03): Total: 0.003 seconds - Initiated by RefreshV2(NoUpdateAssetOptions)
Asset Pipeline Refresh (id=1cf91e621ed94854a8fb984840c455c6): Total: 0.024 seconds - Initiated by StopAssetImportingV2(NoUpdateAssetOptions)
Start importing ProjectSettings/ProjectSettings.asset using Guid(00000000000000004000000000000000) (LibraryAssetImporter) -> (artifact id: 'c04dd131717d4072e38a3ae9eba095a2') in 0.0058298 seconds
Launched and connected shader compiler UnityShaderCompiler.exe after 0.03 seconds
Refreshing native plugins compatible for Editor in 5.60 ms, found 0 plugins.
Preloading 0 native plugins for Editor in 0.00 ms.
Asset Pipeline Refresh (id=cfaca6123c741d64b9e3e8393a094ac3): Total: 1.585 seconds - Initiated by StopAssetImportingV2(NoUpdateAssetOptions)
	Summary:
		Imports: total=1 (actual=1, local cache=0, cache server=0)
		Asset DB Process Time: managed=1 ms, native=45 ms
		Asset DB Callback time: managed=78 ms, native=1459 ms
		Scripting: domain reloads=0, domain reload time=0 ms, compile time=0 ms, other=0 ms
		Project Asset Count: scripts=1397, non-scripts=4673
		Asset File Changes: new=0, changed=0, moved=0, deleted=0
		Scan Filter Count: 0
	InvokeCustomDependenciesCallbacks: 0.001ms
	InvokePackagesCallback: 0.001ms
	ApplyChangesToAssetFolders: 0.202ms
	Scan: 10.588ms
	OnSourceAssetsModified: 0.001ms
	CategorizeAssetsWithTransientArtifact: 0.010ms
	ProcessAssetsWithTransientArtifactChanges: 0.051ms
	CategorizeAssets: 18.909ms
	ImportOutOfDateAssets: 9.876ms (0.811ms without children)
		ImportManagerImport: 6.868ms (0.802ms without children)
			ImportInProcess: 6.048ms
			UpdateCategorizedAssets: 0.018ms
		ReloadNativeAssets: 0.027ms
		UnloadImportedAssets: 0.334ms
		EnsureUptoDateAssetsAreRegisteredWithGuidPM: 1.081ms
		InitializingProgressBar: 0.001ms
		PostProcessAllAssetNotificationsAddChangedAssets: 0.001ms
		OnDemandSchedulerStart: 0.754ms
	PostProcessAllAssets: 1559.410ms
	Hotreload: 5.785ms
	GatherAllCurrentPrimaryArtifactRevisions: 0.431ms
	UnloadStreamsBegin: 0.003ms
	PersistCurrentRevisions: 0.713ms
	UnloadStreamsEnd: 0.001ms
	Untracked: -21.108ms

[ReUI Validation] presentation=classic-ugui, thirdPartyUiEffect=false, themePalette=persistent
Opening scene 'Assets/Scenes/SettingsScene.unity'
Unloading 30 Unused Serialized files (Serialized files now loaded: 0)
Loaded scene 'Assets/Scenes/SettingsScene.unity'
	Deserialize:            36.892 ms
	Integration:            59.389 ms
	Integration of assets:  1.442 ms
	Thread Wait Time:       0.011 ms
	Total Operation Time:   97.734 ms
Unloading 820 unused Assets / (6.6 MB). Loaded Objects now: 8495.
Memory consumption went from 0.62 GB to 0.62 GB.
Total: 15.623500 ms (FindLiveObjects: 0.302700 ms CreateObjectMapping: 0.279900 ms MarkObjects: 4.086500 ms  DeleteObjects: 10.953400 ms)

[ReUI HDR] api=Direct3D11; support=Supported, RuntimeSwitchable, AutomaticTonemapping; available=False; active=False; requested=False; gamut=sRGB; format=None; paperWhite=160; maxNits=-1
Opening scene 'Assets/Scenes/StarMapScene.unity'
Unloading 112 Unused Serialized files (Serialized files now loaded: 0)
SendMessage cannot be called during Awake, CheckConsistency, or OnValidate (Content: OnRectTransformDimensionsChange)
SendMessage cannot be called during Awake, CheckConsistency, or OnValidate (Content: OnRectTransformDimensionsChange)
SendMessage cannot be called during Awake, CheckConsistency, or OnValidate (Content: OnRectTransformDimensionsChange)
SendMessage cannot be called during Awake, CheckConsistency, or OnValidate (Content: OnRectTransformDimensionsChange)
SendMessage cannot be called during Awake, CheckConsistency, or OnValidate (Content: OnRectTransformDimensionsChange)
SendMessage cannot be called during Awake, CheckConsistency, or OnValidate (Content: OnRectTransformDimensionsChange)
SendMessage cannot be called during Awake, CheckConsistency, or OnValidate (Content: OnRectTransformDimensionsChange)
SendMessage cannot be called during Awake, CheckConsistency, or OnValidate (Content: OnRectTransformDimensionsChange)
SendMessage cannot be called during Awake, CheckConsistency, or OnValidate (Content: OnRectTransformDimensionsChange)
SendMessage cannot be called during Awake, CheckConsistency, or OnValidate (Content: OnRectTransformDimensionsChange)
SendMessage cannot be called during Awake, CheckConsistency, or OnValidate (Content: OnRectTransformDimensionsChange)
SendMessage cannot be called during Awake, CheckConsistency, or OnValidate (Content: OnRectTransformDimensionsChange)
SendMessage cannot be called during Awake, CheckConsistency, or OnValidate (Content: OnRectTransformDimensionsChange)
SendMessage cannot be called during Awake, CheckConsistency, or OnValidate (Content: OnRectTransformDimensionsChange)
SendMessage cannot be called during Awake, CheckConsistency, or OnValidate (Content: OnRectTransformDimensionsChange)
SendMessage cannot be called during Awake, CheckConsistency, or OnValidate (Content: OnRectTransformDimensionsChange)
SendMessage cannot be called during Awake, CheckConsistency, or OnValidate (Content: OnRectTransformDimensionsChange)
SendMessage cannot be called during Awake, CheckConsistency, or OnValidate (Content: OnRectTransformDimensionsChange)
Loaded scene 'Assets/Scenes/StarMapScene.unity'
	Deserialize:            43.234 ms
	Integration:            175.738 ms
	Integration of assets:  6.144 ms
	Thread Wait Time:       0.089 ms
	Total Operation Time:   225.205 ms
Unloading 376 unused Assets / (275.3 KB). Loaded Objects now: 21222.
Memory consumption went from 0.64 GB to 0.64 GB.
Total: 6.433900 ms (FindLiveObjects: 0.773000 ms CreateObjectMapping: 0.470900 ms MarkObjects: 4.869600 ms  DeleteObjects: 0.319900 ms)

Asset Pipeline Refresh (id=a686021a31adf404ca0e32ed919fa5c1): Total: 0.015 seconds - Initiated by RefreshV2(NoUpdateAssetOptions)
Serialization depth limit 10 exceeded at 'GameDatabase.Serializable::FactionFilterSerializable.Type'. There may be an object composition cycle in one or more of your serialized classes. Consider rearranging data or use `[SerializeReference]`. 

Serialization hierarchy:
11: GameDatabase.Serializable::FactionFilterSerializable.Type
10: GameDatabase.Serializable::LootContentSerializable.Factions
9: GameDatabase.Serializable::LootItemSerializable.Loot
8: GameDatabase.Serializable::LootContentSerializable.Items
7: GameDatabase.Serializable::LootItemSerializable.Loot
6: GameDatabase.Serializable::LootContentSerializable.Items
5: GameDatabase.Serializable::LootItemSerializable.Loot
4: GameDatabase.Serializable::LootContentSerializable.Items
3: GameDatabase.Serializable::LootItemSerializable.Loot
2: GameDatabase.Serializable::LootContentSerializable.Items
1: GameDatabase.Serializable::RequirementSerializable.Loot
0: GameDatabase.Serializable::QuestSerializable.Requirement
Serialization depth limit 10 exceeded at 'GameDatabase.Serializable::LootContentSerializable.Type'. There may be an object composition cycle in one or more of your serialized classes. Consider rearranging data or use `[SerializeReference]`. 

Serialization hierarchy:
11: GameDatabase.Serializable::LootContentSerializable.Type
10: GameDatabase.Serializable::LootItemSerializable.Loot
9: GameDatabase.Serializable::LootContentSerializable.Items
8: GameDatabase.Serializable::LootItemSerializable.Loot
7: GameDatabase.Serializable::LootContentSerializable.Items
6: GameDatabase.Serializable::LootItemSerializable.Loot
5: GameDatabase.Serializable::LootContentSerializable.Items
4: GameDatabase.Serializable::LootItemSerializable.Loot
3: GameDatabase.Serializable::LootContentSerializable.Items
2: GameDatabase.Serializable::RequirementSerializable.Loot
1: GameDatabase.Serializable::NodeActionSerializable.Requirement
0: GameDatabase.Serializable::NodeSerializable.Actions
Serialization depth limit 10 exceeded at 'GameDatabase.Serializable::FactionFilterSerializable.Type'. There may be an object composition cycle in one or more of your serialized classes. Consider rearranging data or use `[SerializeReference]`. 

Serialization hierarchy:
11: GameDatabase.Serializable::FactionFilterSerializable.Type
10: GameDatabase.Serializable::LootContentSerializable.Factions
9: GameDatabase.Serializable::LootItemSerializable.Loot
8: GameDatabase.Serializable::LootContentSerializable.Items
7: GameDatabase.Serializable::LootItemSerializable.Loot
6: GameDatabase.Serializable::LootContentSerializable.Items
5: GameDatabase.Serializable::LootItemSerializable.Loot
4: GameDatabase.Serializable::LootContentSerializable.Items
3: GameDatabase.Serializable::LootItemSerializable.Loot
2: GameDatabase.Serializable::LootContentSerializable.Items
1: GameDatabase.Serializable::RequirementSerializable.Loot
0: GameDatabase.Serializable::NodeActionSerializable.Requirement
Serialization depth limit 10 exceeded at 'GameDatabase.Serializable::FactionFilterSerializable.Type'. There may be an object composition cycle in one or more of your serialized classes. Consider rearranging data or use `[SerializeReference]`. 

Serialization hierarchy:
11: GameDatabase.Serializable::FactionFilterSerializable.Type
10: GameDatabase.Serializable::LootContentSerializable.Factions
9: GameDatabase.Serializable::LootItemSerializable.Loot
8: GameDatabase.Serializable::LootContentSerializable.Items
7: GameDatabase.Serializable::LootItemSerializable.Loot
6: GameDatabase.Serializable::LootContentSerializable.Items
5: GameDatabase.Serializable::LootItemSerializable.Loot
4: GameDatabase.Serializable::LootContentSerializable.Items
3: GameDatabase.Serializable::LootItemSerializable.Loot
2: GameDatabase.Serializable::LootContentSerializable.Items
1: GameDatabase.Serializable::RequirementSerializable.Loot
0: GameDatabase.Serializable::NodeTransitionSerializable.Requirement
Serialization depth limit 10 exceeded at 'GameDatabase.Serializable::LootContentSerializable.Type'. There may be an object composition cycle in one or more of your serialized classes. Consider rearranging data or use `[SerializeReference]`. 

Serialization hierarchy:
11: GameDatabase.Serializable::LootContentSerializable.Type
10: GameDatabase.Serializable::LootItemSerializable.Loot
9: GameDatabase.Serializable::LootContentSerializable.Items
8: GameDatabase.Serializable::LootItemSerializable.Loot
7: GameDatabase.Serializable::LootContentSerializable.Items
6: GameDatabase.Serializable::LootItemSerializable.Loot
5: GameDatabase.Serializable::LootContentSerializable.Items
4: GameDatabase.Serializable::LootItemSerializable.Loot
3: GameDatabase.Serializable::LootContentSerializable.Items
2: GameDatabase.Serializable::LootItemSerializable.Loot
1: GameDatabase.Serializable::LootContentSerializable.Items
0: GameDatabase.Serializable::RequirementSerializable.Loot
Serialization depth limit 10 exceeded at 'GameDatabase.Serializable::LootContentSerializable.Type'. There may be an object composition cycle in one or more of your serialized classes. Consider rearranging data or use `[SerializeReference]`. 

Serialization hierarchy:
11: GameDatabase.Serializable::LootContentSerializable.Type
10: GameDatabase.Serializable::LootItemSerializable.Loot
9: GameDatabase.Serializable::LootContentSerializable.Items
8: GameDatabase.Serializable::LootItemSerializable.Loot
7: GameDatabase.Serializable::LootContentSerializable.Items
6: GameDatabase.Serializable::LootItemSerializable.Loot
5: GameDatabase.Serializable::LootContentSerializable.Items
4: GameDatabase.Serializable::LootItemSerializable.Loot
3: GameDatabase.Serializable::LootContentSerializable.Items
2: GameDatabase.Serializable::LootItemSerializable.Loot
1: GameDatabase.Serializable::LootContentSerializable.Items
0: GameDatabase.Serializable::LootSerializable.Loot
Serialization depth limit 10 exceeded at 'GameDatabase.Serializable::LootContentSerializable.Type'. There may be an object composition cycle in one or more of your serialized classes. Consider rearranging data or use `[SerializeReference]`. 

Serialization hierarchy:
11: GameDatabase.Serializable::LootContentSerializable.Type
10: GameDatabase.Serializable::LootItemSerializable.Loot
9: GameDatabase.Serializable::LootContentSerializable.Items
8: GameDatabase.Serializable::LootItemSerializable.Loot
7: GameDatabase.Serializable::LootContentSerializable.Items
6: GameDatabase.Serializable::LootItemSerializable.Loot
5: GameDatabase.Serializable::LootContentSerializable.Items
4: GameDatabase.Serializable::LootItemSerializable.Loot
3: GameDatabase.Serializable::LootContentSerializable.Items
2: GameDatabase.Serializable::LootItemSerializable.Loot
1: GameDatabase.Serializable::LootContentSerializable.Items
0: GameDatabase.Serializable::LootItemSerializable.Loot
Serialization depth limit 10 exceeded at 'GameDatabase.Serializable::FactionFilterSerializable.Type'. There may be an object composition cycle in one or more of your serialized classes. Consider rearranging data or use `[SerializeReference]`. 

Serialization hierarchy:
11: GameDatabase.Serializable::FactionFilterSerializable.Type
10: GameDatabase.Serializable::LootContentSerializable.Factions
9: GameDatabase.Serializable::LootItemSerializable.Loot
8: GameDatabase.Serializable::LootContentSerializable.Items
7: GameDatabase.Serializable::LootItemSerializable.Loot
6: GameDatabase.Serializable::LootContentSerializable.Items
5: GameDatabase.Serializable::LootItemSerializable.Loot
4: GameDatabase.Serializable::LootContentSerializable.Items
3: GameDatabase.Serializable::LootItemSerializable.Loot
2: GameDatabase.Serializable::LootContentSerializable.Items
1: GameDatabase.Serializable::DebugCodeSerializable.Loot
0: GameDatabase.Serializable::DebugSettingsSerializable.Codes
Serialization depth limit 10 exceeded at 'GameDatabase.Serializable::LootContentSerializable.Type'. There may be an object composition cycle in one or more of your serialized classes. Consider rearranging data or use `[SerializeReference]`. 

Serialization hierarchy:
11: GameDatabase.Serializable::LootContentSerializable.Type
10: GameDatabase.Serializable::LootItemSerializable.Loot
9: GameDatabase.Serializable::LootContentSerializable.Items
8: GameDatabase.Serializable::LootItemSerializable.Loot
7: GameDatabase.Serializable::LootContentSerializable.Items
6: GameDatabase.Serializable::LootItemSerializable.Loot
5: GameDatabase.Serializable::LootContentSerializable.Items
4: GameDatabase.Serializable::LootItemSerializable.Loot
3: GameDatabase.Serializable::LootContentSerializable.Items
2: GameDatabase.Serializable::LootItemSerializable.Loot
1: GameDatabase.Serializable::LootContentSerializable.Items
0: GameDatabase.Serializable::DebugCodeSerializable.Loot
barrels do not fit layout 163
UnityEngine.Debug:ExtractStackTraceNoAlloc (byte*,int,string)
UnityEngine.StackTraceUtility:ExtractStackTrace ()
UnityEngine.DebugLogHandler:Internal_Log (UnityEngine.LogType,UnityEngine.LogOption,string,UnityEngine.Object)
UnityEngine.DebugLogHandler:LogFormat (UnityEngine.LogType,UnityEngine.Object,string,object[])
UnityEngine.Logger:Log (UnityEngine.LogType,object,UnityEngine.Object)
UnityEngine.Debug:LogError (object,UnityEngine.Object)
GameDiagnostics.UnityLogger:LogError (string,UnityEngine.GameObject) (at Assets/ModulesShared/Diagnostics/Scripts/UnityLogger.cs:9)
GameDiagnostics.Trace:LogError (string) (at Assets/ModulesShared/Diagnostics/Scripts/Debug.cs:35)
GameDatabase.Utils.BarrelConverter:Convert (GameDatabase.Model.Layout,GameDatabase.Serializable.BarrelSerializable[],int) (at Assets/Modules/Database/Scripts/Utils/BarrelConverter.cs:20)
GameDatabase.DataModel.Ship:OnDataDeserialized (GameDatabase.Serializable.ShipSerializable,GameDatabase.Database/Loader) (at Assets/Modules/Database/Scripts/DataModel/Ship.cs:26)
GameDatabase.DataModel.Ship:.ctor (GameDatabase.Serializable.ShipSerializable,GameDatabase.Database/Loader) (at Assets/Modules/Database/Scripts/GeneratedGameCode/DataModel/Ship.cs:49)
GameDatabase.DataModel.Ship:Create (GameDatabase.Serializable.ShipSerializable,GameDatabase.Database/Loader) (at Assets/Modules/Database/Scripts/GeneratedGameCode/DataModel/Ship.cs:22)
GameDatabase.Database/Loader:GetShip (GameDatabase.Model.ItemId`1<GameDatabase.DataModel.Ship>,bool) (at Assets/Modules/Database/Scripts/GeneratedGameCode/Database.cs:535)
GameDatabase.DataModel.ShipBuild:.ctor (GameDatabase.Serializable.ShipBuildSerializable,GameDatabase.Database/Loader) (at Assets/Modules/Database/Scripts/GeneratedGameCode/DataModel/ShipBuild.cs:30)
GameDatabase.DataModel.ShipBuild:Create (GameDatabase.Serializable.ShipBuildSerializable,GameDatabase.Database/Loader) (at Assets/Modules/Database/Scripts/GeneratedGameCode/DataModel/ShipBuild.cs:22)
GameDatabase.Database/Loader:GetShipBuild (GameDatabase.Model.ItemId`1<GameDatabase.DataModel.ShipBuild>,bool) (at Assets/Modules/Database/Scripts/GeneratedGameCode/Database.cs:545)
GameDatabase.DataModel.Component:.ctor (GameDatabase.Serializable.ComponentSerializable,GameDatabase.Database/Loader) (at Assets/Modules/Database/Scripts/GeneratedGameCode/DataModel/Component.cs:49)
GameDatabase.DataModel.Component:Create (GameDatabase.Serializable.ComponentSerializable,GameDatabase.Database/Loader) (at Assets/Modules/Database/Scripts/GeneratedGameCode/DataModel/Component.cs:22)
GameDatabase.Database/Loader:Load () (at Assets/Modules/Database/Scripts/GeneratedGameCode/Database.cs:287)
GameDatabase.Database/Loader:Load (GameDatabase.Database,GameDatabase.Storage.DatabaseContent) (at Assets/Modules/Database/Scripts/GeneratedGameCode/Database.cs:271)
GameDatabase.Database:Load (GameDatabase.Storage.IDataStorage) (at Assets/Modules/Database/Scripts/Database.cs:153)
GameDatabase.Database:LoadDefault () (at Assets/Modules/Database/Scripts/Database.cs:94)
ReUI.Editor.ReUIValidation:ValidateBeta5ThemeAndAssets () (at Assets/ReUI/Editor/ReUIValidation.cs:1229)
ReUI.Editor.ReUIValidation:ValidateBeta5 () (at Assets/ReUI/Editor/ReUIValidation.cs:292)
ReUI.Editor.ReUIValidation:ValidateBeta52 () (at Assets/ReUI/Editor/ReUIValidation.cs:301)
ReUI.Editor.ReUIValidation:ValidateBeta6 () (at Assets/ReUI/Editor/ReUIValidation.cs:309)
ReUI.Editor.ReUIValidation:ValidateBeta7 () (at Assets/ReUI/Editor/ReUIValidation.cs:568)
ReUI.Editor.ReUIValidation:ValidateBeta81 () (at Assets/ReUI/Editor/ReUIValidation.cs:664)
ReUI.Editor.ReUIValidation:ValidateBeta82 () (at Assets/ReUI/Editor/ReUIValidation.cs:783)
ReUI.Editor.ReUIValidation:ValidateBeta83 () (at Assets/ReUI/Editor/ReUIValidation.cs:811)
ReUI.Editor.ReUIValidation:ValidateBeta84 () (at Assets/ReUI/Editor/ReUIValidation.cs:928)
ReUI.Editor.ReUIQuickAndroidBuild:Build () (at Assets/ReUI/Editor/ReUIQuickAndroidBuild.cs:60)

(Filename: Assets/ModulesShared/Diagnostics/Scripts/Debug.cs Line: 35)

barrels do not fit layout 164
UnityEngine.Debug:ExtractStackTraceNoAlloc (byte*,int,string)
UnityEngine.StackTraceUtility:ExtractStackTrace ()
UnityEngine.DebugLogHandler:Internal_Log (UnityEngine.LogType,UnityEngine.LogOption,string,UnityEngine.Object)
UnityEngine.DebugLogHandler:LogFormat (UnityEngine.LogType,UnityEngine.Object,string,object[])
UnityEngine.Logger:Log (UnityEngine.LogType,object,UnityEngine.Object)
UnityEngine.Debug:LogError (object,UnityEngine.Object)
GameDiagnostics.UnityLogger:LogError (string,UnityEngine.GameObject) (at Assets/ModulesShared/Diagnostics/Scripts/UnityLogger.cs:9)
GameDiagnostics.Trace:LogError (string) (at Assets/ModulesShared/Diagnostics/Scripts/Debug.cs:35)
GameDatabase.Utils.BarrelConverter:Convert (GameDatabase.Model.Layout,GameDatabase.Serializable.BarrelSerializable[],int) (at Assets/Modules/Database/Scripts/Utils/BarrelConverter.cs:20)
GameDatabase.DataModel.Ship:OnDataDeserialized (GameDatabase.Serializable.ShipSerializable,GameDatabase.Database/Loader) (at Assets/Modules/Database/Scripts/DataModel/Ship.cs:26)
GameDatabase.DataModel.Ship:.ctor (GameDatabase.Serializable.ShipSerializable,GameDatabase.Database/Loader) (at Assets/Modules/Database/Scripts/GeneratedGameCode/DataModel/Ship.cs:49)
GameDatabase.DataModel.Ship:Create (GameDatabase.Serializable.ShipSerializable,GameDatabase.Database/Loader) (at Assets/Modules/Database/Scripts/GeneratedGameCode/DataModel/Ship.cs:22)
GameDatabase.Database/Loader:Load () (at Assets/Modules/Database/Scripts/GeneratedGameCode/Database.cs:320)
GameDatabase.Database/Loader:Load (GameDatabase.Database,GameDatabase.Storage.DatabaseContent) (at Assets/Modules/Database/Scripts/GeneratedGameCode/Database.cs:271)
GameDatabase.Database:Load (GameDatabase.Storage.IDataStorage) (at Assets/Modules/Database/Scripts/Database.cs:153)
GameDatabase.Database:LoadDefault () (at Assets/Modules/Database/Scripts/Database.cs:94)
ReUI.Editor.ReUIValidation:ValidateBeta5ThemeAndAssets () (at Assets/ReUI/Editor/ReUIValidation.cs:1229)
ReUI.Editor.ReUIValidation:ValidateBeta5 () (at Assets/ReUI/Editor/ReUIValidation.cs:292)
ReUI.Editor.ReUIValidation:ValidateBeta52 () (at Assets/ReUI/Editor/ReUIValidation.cs:301)
ReUI.Editor.ReUIValidation:ValidateBeta6 () (at Assets/ReUI/Editor/ReUIValidation.cs:309)
ReUI.Editor.ReUIValidation:ValidateBeta7 () (at Assets/ReUI/Editor/ReUIValidation.cs:568)
ReUI.Editor.ReUIValidation:ValidateBeta81 () (at Assets/ReUI/Editor/ReUIValidation.cs:664)
ReUI.Editor.ReUIValidation:ValidateBeta82 () (at Assets/ReUI/Editor/ReUIValidation.cs:783)
ReUI.Editor.ReUIValidation:ValidateBeta83 () (at Assets/ReUI/Editor/ReUIValidation.cs:811)
ReUI.Editor.ReUIValidation:ValidateBeta84 () (at Assets/ReUI/Editor/ReUIValidation.cs:928)
ReUI.Editor.ReUIQuickAndroidBuild:Build () (at Assets/ReUI/Editor/ReUIQuickAndroidBuild.cs:60)

(Filename: Assets/ModulesShared/Diagnostics/Scripts/Debug.cs Line: 35)

barrels do not fit layout 162
UnityEngine.Debug:ExtractStackTraceNoAlloc (byte*,int,string)
UnityEngine.StackTraceUtility:ExtractStackTrace ()
UnityEngine.DebugLogHandler:Internal_Log (UnityEngine.LogType,UnityEngine.LogOption,string,UnityEngine.Object)
UnityEngine.DebugLogHandler:LogFormat (UnityEngine.LogType,UnityEngine.Object,string,object[])
UnityEngine.Logger:Log (UnityEngine.LogType,object,UnityEngine.Object)
UnityEngine.Debug:LogError (object,UnityEngine.Object)
GameDiagnostics.UnityLogger:LogError (string,UnityEngine.GameObject) (at Assets/ModulesShared/Diagnostics/Scripts/UnityLogger.cs:9)
GameDiagnostics.Trace:LogError (string) (at Assets/ModulesShared/Diagnostics/Scripts/Debug.cs:35)
GameDatabase.Utils.BarrelConverter:Convert (GameDatabase.Model.Layout,GameDatabase.Serializable.BarrelSerializable[],int) (at Assets/Modules/Database/Scripts/Utils/BarrelConverter.cs:20)
GameDatabase.DataModel.Ship:OnDataDeserialized (GameDatabase.Serializable.ShipSerializable,GameDatabase.Database/Loader) (at Assets/Modules/Database/Scripts/DataModel/Ship.cs:26)
GameDatabase.DataModel.Ship:.ctor (GameDatabase.Serializable.ShipSerializable,GameDatabase.Database/Loader) (at Assets/Modules/Database/Scripts/GeneratedGameCode/DataModel/Ship.cs:49)
GameDatabase.DataModel.Ship:Create (GameDatabase.Serializable.ShipSerializable,GameDatabase.Database/Loader) (at Assets/Modules/Database/Scripts/GeneratedGameCode/DataModel/Ship.cs:22)
GameDatabase.Database/Loader:Load () (at Assets/Modules/Database/Scripts/GeneratedGameCode/Database.cs:320)
GameDatabase.Database/Loader:Load (GameDatabase.Database,GameDatabase.Storage.DatabaseContent) (at Assets/Modules/Database/Scripts/GeneratedGameCode/Database.cs:271)
GameDatabase.Database:Load (GameDatabase.Storage.IDataStorage) (at Assets/Modules/Database/Scripts/Database.cs:153)
GameDatabase.Database:LoadDefault () (at Assets/Modules/Database/Scripts/Database.cs:94)
ReUI.Editor.ReUIValidation:ValidateBeta5ThemeAndAssets () (at Assets/ReUI/Editor/ReUIValidation.cs:1229)
ReUI.Editor.ReUIValidation:ValidateBeta5 () (at Assets/ReUI/Editor/ReUIValidation.cs:292)
ReUI.Editor.ReUIValidation:ValidateBeta52 () (at Assets/ReUI/Editor/ReUIValidation.cs:301)
ReUI.Editor.ReUIValidation:ValidateBeta6 () (at Assets/ReUI/Editor/ReUIValidation.cs:309)
ReUI.Editor.ReUIValidation:ValidateBeta7 () (at Assets/ReUI/Editor/ReUIValidation.cs:568)
ReUI.Editor.ReUIValidation:ValidateBeta81 () (at Assets/ReUI/Editor/ReUIValidation.cs:664)
ReUI.Editor.ReUIValidation:ValidateBeta82 () (at Assets/ReUI/Editor/ReUIValidation.cs:783)
ReUI.Editor.ReUIValidation:ValidateBeta83 () (at Assets/ReUI/Editor/ReUIValidation.cs:811)
ReUI.Editor.ReUIValidation:ValidateBeta84 () (at Assets/ReUI/Editor/ReUIValidation.cs:928)
ReUI.Editor.ReUIQuickAndroidBuild:Build () (at Assets/ReUI/Editor/ReUIQuickAndroidBuild.cs:60)

(Filename: Assets/ModulesShared/Diagnostics/Scripts/Debug.cs Line: 35)

barrels do not fit layout 165
UnityEngine.Debug:ExtractStackTraceNoAlloc (byte*,int,string)
UnityEngine.StackTraceUtility:ExtractStackTrace ()
UnityEngine.DebugLogHandler:Internal_Log (UnityEngine.LogType,UnityEngine.LogOption,string,UnityEngine.Object)
UnityEngine.DebugLogHandler:LogFormat (UnityEngine.LogType,UnityEngine.Object,string,object[])
UnityEngine.Logger:Log (UnityEngine.LogType,object,UnityEngine.Object)
UnityEngine.Debug:LogError (object,UnityEngine.Object)
GameDiagnostics.UnityLogger:LogError (string,UnityEngine.GameObject) (at Assets/ModulesShared/Diagnostics/Scripts/UnityLogger.cs:9)
GameDiagnostics.Trace:LogError (string) (at Assets/ModulesShared/Diagnostics/Scripts/Debug.cs:35)
GameDatabase.Utils.BarrelConverter:Convert (GameDatabase.Model.Layout,GameDatabase.Serializable.BarrelSerializable[],int) (at Assets/Modules/Database/Scripts/Utils/BarrelConverter.cs:20)
GameDatabase.DataModel.Ship:OnDataDeserialized (GameDatabase.Serializable.ShipSerializable,GameDatabase.Database/Loader) (at Assets/Modules/Database/Scripts/DataModel/Ship.cs:26)
GameDatabase.DataModel.Ship:.ctor (GameDatabase.Serializable.ShipSerializable,GameDatabase.Database/Loader) (at Assets/Modules/Database/Scripts/GeneratedGameCode/DataModel/Ship.cs:49)
GameDatabase.DataModel.Ship:Create (GameDatabase.Serializable.ShipSerializable,GameDatabase.Database/Loader) (at Assets/Modules/Database/Scripts/GeneratedGameCode/DataModel/Ship.cs:22)
GameDatabase.Database/Loader:Load () (at Assets/Modules/Database/Scripts/GeneratedGameCode/Database.cs:320)
GameDatabase.Database/Loader:Load (GameDatabase.Database,GameDatabase.Storage.DatabaseContent) (at Assets/Modules/Database/Scripts/GeneratedGameCode/Database.cs:271)
GameDatabase.Database:Load (GameDatabase.Storage.IDataStorage) (at Assets/Modules/Database/Scripts/Database.cs:153)
GameDatabase.Database:LoadDefault () (at Assets/Modules/Database/Scripts/Database.cs:94)
ReUI.Editor.ReUIValidation:ValidateBeta5ThemeAndAssets () (at Assets/ReUI/Editor/ReUIValidation.cs:1229)
ReUI.Editor.ReUIValidation:ValidateBeta5 () (at Assets/ReUI/Editor/ReUIValidation.cs:292)
ReUI.Editor.ReUIValidation:ValidateBeta52 () (at Assets/ReUI/Editor/ReUIValidation.cs:301)
ReUI.Editor.ReUIValidation:ValidateBeta6 () (at Assets/ReUI/Editor/ReUIValidation.cs:309)
ReUI.Editor.ReUIValidation:ValidateBeta7 () (at Assets/ReUI/Editor/ReUIValidation.cs:568)
ReUI.Editor.ReUIValidation:ValidateBeta81 () (at Assets/ReUI/Editor/ReUIValidation.cs:664)
ReUI.Editor.ReUIValidation:ValidateBeta82 () (at Assets/ReUI/Editor/ReUIValidation.cs:783)
ReUI.Editor.ReUIValidation:ValidateBeta83 () (at Assets/ReUI/Editor/ReUIValidation.cs:811)
ReUI.Editor.ReUIValidation:ValidateBeta84 () (at Assets/ReUI/Editor/ReUIValidation.cs:928)
ReUI.Editor.ReUIQuickAndroidBuild:Build () (at Assets/ReUI/Editor/ReUIQuickAndroidBuild.cs:60)

(Filename: Assets/ModulesShared/Diagnostics/Scripts/Debug.cs Line: 35)

barrels do not fit layout 161
UnityEngine.Debug:ExtractStackTraceNoAlloc (byte*,int,string)
UnityEngine.StackTraceUtility:ExtractStackTrace ()
UnityEngine.DebugLogHandler:Internal_Log (UnityEngine.LogType,UnityEngine.LogOption,string,UnityEngine.Object)
UnityEngine.DebugLogHandler:LogFormat (UnityEngine.LogType,UnityEngine.Object,string,object[])
UnityEngine.Logger:Log (UnityEngine.LogType,object,UnityEngine.Object)
UnityEngine.Debug:LogError (object,UnityEngine.Object)
GameDiagnostics.UnityLogger:LogError (string,UnityEngine.GameObject) (at Assets/ModulesShared/Diagnostics/Scripts/UnityLogger.cs:9)
GameDiagnostics.Trace:LogError (string) (at Assets/ModulesShared/Diagnostics/Scripts/Debug.cs:35)
GameDatabase.Utils.BarrelConverter:Convert (GameDatabase.Model.Layout,GameDatabase.Serializable.BarrelSerializable[],int) (at Assets/Modules/Database/Scripts/Utils/BarrelConverter.cs:20)
GameDatabase.DataModel.Ship:OnDataDeserialized (GameDatabase.Serializable.ShipSerializable,GameDatabase.Database/Loader) (at Assets/Modules/Database/Scripts/DataModel/Ship.cs:26)
GameDatabase.DataModel.Ship:.ctor (GameDatabase.Serializable.ShipSerializable,GameDatabase.Database/Loader) (at Assets/Modules/Database/Scripts/GeneratedGameCode/DataModel/Ship.cs:49)
GameDatabase.DataModel.Ship:Create (GameDatabase.Serializable.ShipSerializable,GameDatabase.Database/Loader) (at Assets/Modules/Database/Scripts/GeneratedGameCode/DataModel/Ship.cs:22)
GameDatabase.Database/Loader:Load () (at Assets/Modules/Database/Scripts/GeneratedGameCode/Database.cs:320)
GameDatabase.Database/Loader:Load (GameDatabase.Database,GameDatabase.Storage.DatabaseContent) (at Assets/Modules/Database/Scripts/GeneratedGameCode/Database.cs:271)
GameDatabase.Database:Load (GameDatabase.Storage.IDataStorage) (at Assets/Modules/Database/Scripts/Database.cs:153)
GameDatabase.Database:LoadDefault () (at Assets/Modules/Database/Scripts/Database.cs:94)
ReUI.Editor.ReUIValidation:ValidateBeta5ThemeAndAssets () (at Assets/ReUI/Editor/ReUIValidation.cs:1229)
ReUI.Editor.ReUIValidation:ValidateBeta5 () (at Assets/ReUI/Editor/ReUIValidation.cs:292)
ReUI.Editor.ReUIValidation:ValidateBeta52 () (at Assets/ReUI/Editor/ReUIValidation.cs:301)
ReUI.Editor.ReUIValidation:ValidateBeta6 () (at Assets/ReUI/Editor/ReUIValidation.cs:309)
ReUI.Editor.ReUIValidation:ValidateBeta7 () (at Assets/ReUI/Editor/ReUIValidation.cs:568)
ReUI.Editor.ReUIValidation:ValidateBeta81 () (at Assets/ReUI/Editor/ReUIValidation.cs:664)
ReUI.Editor.ReUIValidation:ValidateBeta82 () (at Assets/ReUI/Editor/ReUIValidation.cs:783)
ReUI.Editor.ReUIValidation:ValidateBeta83 () (at Assets/ReUI/Editor/ReUIValidation.cs:811)
ReUI.Editor.ReUIValidation:ValidateBeta84 () (at Assets/ReUI/Editor/ReUIValidation.cs:928)
ReUI.Editor.ReUIQuickAndroidBuild:Build () (at Assets/ReUI/Editor/ReUIQuickAndroidBuild.cs:60)

(Filename: Assets/ModulesShared/Diagnostics/Scripts/Debug.cs Line: 35)

barrels do not fit layout 94000
UnityEngine.Debug:ExtractStackTraceNoAlloc (byte*,int,string)
UnityEngine.StackTraceUtility:ExtractStackTrace ()
UnityEngine.DebugLogHandler:Internal_Log (UnityEngine.LogType,UnityEngine.LogOption,string,UnityEngine.Object)
UnityEngine.DebugLogHandler:LogFormat (UnityEngine.LogType,UnityEngine.Object,string,object[])
UnityEngine.Logger:Log (UnityEngine.LogType,object,UnityEngine.Object)
UnityEngine.Debug:LogError (object,UnityEngine.Object)
GameDiagnostics.UnityLogger:LogError (string,UnityEngine.GameObject) (at Assets/ModulesShared/Diagnostics/Scripts/UnityLogger.cs:9)
GameDiagnostics.Trace:LogError (string) (at Assets/ModulesShared/Diagnostics/Scripts/Debug.cs:35)
GameDatabase.Utils.BarrelConverter:Convert (GameDatabase.Model.Layout,GameDatabase.Serializable.BarrelSerializable[],int) (at Assets/Modules/Database/Scripts/Utils/BarrelConverter.cs:20)
GameDatabase.DataModel.Ship:OnDataDeserialized (GameDatabase.Serializable.ShipSerializable,GameDatabase.Database/Loader) (at Assets/Modules/Database/Scripts/DataModel/Ship.cs:26)
GameDatabase.DataModel.Ship:.ctor (GameDatabase.Serializable.ShipSerializable,GameDatabase.Database/Loader) (at Assets/Modules/Database/Scripts/GeneratedGameCode/DataModel/Ship.cs:49)
GameDatabase.DataModel.Ship:Create (GameDatabase.Serializable.ShipSerializable,GameDatabase.Database/Loader) (at Assets/Modules/Database/Scripts/GeneratedGameCode/DataModel/Ship.cs:22)
GameDatabase.Database/Loader:Load () (at Assets/Modules/Database/Scripts/GeneratedGameCode/Database.cs:320)
GameDatabase.Database/Loader:Load (GameDatabase.Database,GameDatabase.Storage.DatabaseContent) (at Assets/Modules/Database/Scripts/GeneratedGameCode/Database.cs:271)
GameDatabase.Database:Load (GameDatabase.Storage.IDataStorage) (at Assets/Modules/Database/Scripts/Database.cs:153)
GameDatabase.Database:LoadDefault () (at Assets/Modules/Database/Scripts/Database.cs:94)
ReUI.Editor.ReUIValidation:ValidateBeta5ThemeAndAssets () (at Assets/ReUI/Editor/ReUIValidation.cs:1229)
ReUI.Editor.ReUIValidation:ValidateBeta5 () (at Assets/ReUI/Editor/ReUIValidation.cs:292)
ReUI.Editor.ReUIValidation:ValidateBeta52 () (at Assets/ReUI/Editor/ReUIValidation.cs:301)
ReUI.Editor.ReUIValidation:ValidateBeta6 () (at Assets/ReUI/Editor/ReUIValidation.cs:309)
ReUI.Editor.ReUIValidation:ValidateBeta7 () (at Assets/ReUI/Editor/ReUIValidation.cs:568)
ReUI.Editor.ReUIValidation:ValidateBeta81 () (at Assets/ReUI/Editor/ReUIValidation.cs:664)
ReUI.Editor.ReUIValidation:ValidateBeta82 () (at Assets/ReUI/Editor/ReUIValidation.cs:783)
ReUI.Editor.ReUIValidation:ValidateBeta83 () (at Assets/ReUI/Editor/ReUIValidation.cs:811)
ReUI.Editor.ReUIValidation:ValidateBeta84 () (at Assets/ReUI/Editor/ReUIValidation.cs:928)
ReUI.Editor.ReUIQuickAndroidBuild:Build () (at Assets/ReUI/Editor/ReUIQuickAndroidBuild.cs:60)

(Filename: Assets/ModulesShared/Diagnostics/Scripts/Debug.cs Line: 35)

barrels do not fit layout 1145141
UnityEngine.Debug:ExtractStackTraceNoAlloc (byte*,int,string)
UnityEngine.StackTraceUtility:ExtractStackTrace ()
UnityEngine.DebugLogHandler:Internal_Log (UnityEngine.LogType,UnityEngine.LogOption,string,UnityEngine.Object)
UnityEngine.DebugLogHandler:LogFormat (UnityEngine.LogType,UnityEngine.Object,string,object[])
UnityEngine.Logger:Log (UnityEngine.LogType,object,UnityEngine.Object)
UnityEngine.Debug:LogError (object,UnityEngine.Object)
GameDiagnostics.UnityLogger:LogError (string,UnityEngine.GameObject) (at Assets/ModulesShared/Diagnostics/Scripts/UnityLogger.cs:9)
GameDiagnostics.Trace:LogError (string) (at Assets/ModulesShared/Diagnostics/Scripts/Debug.cs:35)
GameDatabase.Utils.BarrelConverter:Convert (GameDatabase.Model.Layout,GameDatabase.Serializable.BarrelSerializable[],int) (at Assets/Modules/Database/Scripts/Utils/BarrelConverter.cs:20)
GameDatabase.DataModel.Ship:OnDataDeserialized (GameDatabase.Serializable.ShipSerializable,GameDatabase.Database/Loader) (at Assets/Modules/Database/Scripts/DataModel/Ship.cs:26)
GameDatabase.DataModel.Ship:.ctor (GameDatabase.Serializable.ShipSerializable,GameDatabase.Database/Loader) (at Assets/Modules/Database/Scripts/GeneratedGameCode/DataModel/Ship.cs:49)
GameDatabase.DataModel.Ship:Create (GameDatabase.Serializable.ShipSerializable,GameDatabase.Database/Loader) (at Assets/Modules/Database/Scripts/GeneratedGameCode/DataModel/Ship.cs:22)
GameDatabase.Database/Loader:Load () (at Assets/Modules/Database/Scripts/GeneratedGameCode/Database.cs:320)
GameDatabase.Database/Loader:Load (GameDatabase.Database,GameDatabase.Storage.DatabaseContent) (at Assets/Modules/Database/Scripts/GeneratedGameCode/Database.cs:271)
GameDatabase.Database:Load (GameDatabase.Storage.IDataStorage) (at Assets/Modules/Database/Scripts/Database.cs:153)
GameDatabase.Database:LoadDefault () (at Assets/Modules/Database/Scripts/Database.cs:94)
ReUI.Editor.ReUIValidation:ValidateBeta5ThemeAndAssets () (at Assets/ReUI/Editor/ReUIValidation.cs:1229)
ReUI.Editor.ReUIValidation:ValidateBeta5 () (at Assets/ReUI/Editor/ReUIValidation.cs:292)
ReUI.Editor.ReUIValidation:ValidateBeta52 () (at Assets/ReUI/Editor/ReUIValidation.cs:301)
ReUI.Editor.ReUIValidation:ValidateBeta6 () (at Assets/ReUI/Editor/ReUIValidation.cs:309)
ReUI.Editor.ReUIValidation:ValidateBeta7 () (at Assets/ReUI/Editor/ReUIValidation.cs:568)
ReUI.Editor.ReUIValidation:ValidateBeta81 () (at Assets/ReUI/Editor/ReUIValidation.cs:664)
ReUI.Editor.ReUIValidation:ValidateBeta82 () (at Assets/ReUI/Editor/ReUIValidation.cs:783)
ReUI.Editor.ReUIValidation:ValidateBeta83 () (at Assets/ReUI/Editor/ReUIValidation.cs:811)
ReUI.Editor.ReUIValidation:ValidateBeta84 () (at Assets/ReUI/Editor/ReUIValidation.cs:928)
ReUI.Editor.ReUIQuickAndroidBuild:Build () (at Assets/ReUI/Editor/ReUIQuickAndroidBuild.cs:60)

(Filename: Assets/ModulesShared/Diagnostics/Scripts/Debug.cs Line: 35)

barrels do not fit layout 1145142
UnityEngine.Debug:ExtractStackTraceNoAlloc (byte*,int,string)
UnityEngine.StackTraceUtility:ExtractStackTrace ()
UnityEngine.DebugLogHandler:Internal_Log (UnityEngine.LogType,UnityEngine.LogOption,string,UnityEngine.Object)
UnityEngine.DebugLogHandler:LogFormat (UnityEngine.LogType,UnityEngine.Object,string,object[])
UnityEngine.Logger:Log (UnityEngine.LogType,object,UnityEngine.Object)
UnityEngine.Debug:LogError (object,UnityEngine.Object)
GameDiagnostics.UnityLogger:LogError (string,UnityEngine.GameObject) (at Assets/ModulesShared/Diagnostics/Scripts/UnityLogger.cs:9)
GameDiagnostics.Trace:LogError (string) (at Assets/ModulesShared/Diagnostics/Scripts/Debug.cs:35)
GameDatabase.Utils.BarrelConverter:Convert (GameDatabase.Model.Layout,GameDatabase.Serializable.BarrelSerializable[],int) (at Assets/Modules/Database/Scripts/Utils/BarrelConverter.cs:20)
GameDatabase.DataModel.Ship:OnDataDeserialized (GameDatabase.Serializable.ShipSerializable,GameDatabase.Database/Loader) (at Assets/Modules/Database/Scripts/DataModel/Ship.cs:26)
GameDatabase.DataModel.Ship:.ctor (GameDatabase.Serializable.ShipSerializable,GameDatabase.Database/Loader) (at Assets/Modules/Database/Scripts/GeneratedGameCode/DataModel/Ship.cs:49)
GameDatabase.DataModel.Ship:Create (GameDatabase.Serializable.ShipSerializable,GameDatabase.Database/Loader) (at Assets/Modules/Database/Scripts/GeneratedGameCode/DataModel/Ship.cs:22)
GameDatabase.Database/Loader:Load () (at Assets/Modules/Database/Scripts/GeneratedGameCode/Database.cs:320)
GameDatabase.Database/Loader:Load (GameDatabase.Database,GameDatabase.Storage.DatabaseContent) (at Assets/Modules/Database/Scripts/GeneratedGameCode/Database.cs:271)
GameDatabase.Database:Load (GameDatabase.Storage.IDataStorage) (at Assets/Modules/Database/Scripts/Database.cs:153)
GameDatabase.Database:LoadDefault () (at Assets/Modules/Database/Scripts/Database.cs:94)
ReUI.Editor.ReUIValidation:ValidateBeta5ThemeAndAssets () (at Assets/ReUI/Editor/ReUIValidation.cs:1229)
ReUI.Editor.ReUIValidation:ValidateBeta5 () (at Assets/ReUI/Editor/ReUIValidation.cs:292)
ReUI.Editor.ReUIValidation:ValidateBeta52 () (at Assets/ReUI/Editor/ReUIValidation.cs:301)
ReUI.Editor.ReUIValidation:ValidateBeta6 () (at Assets/ReUI/Editor/ReUIValidation.cs:309)
ReUI.Editor.ReUIValidation:ValidateBeta7 () (at Assets/ReUI/Editor/ReUIValidation.cs:568)
ReUI.Editor.ReUIValidation:ValidateBeta81 () (at Assets/ReUI/Editor/ReUIValidation.cs:664)
ReUI.Editor.ReUIValidation:ValidateBeta82 () (at Assets/ReUI/Editor/ReUIValidation.cs:783)
ReUI.Editor.ReUIValidation:ValidateBeta83 () (at Assets/ReUI/Editor/ReUIValidation.cs:811)
ReUI.Editor.ReUIValidation:ValidateBeta84 () (at Assets/ReUI/Editor/ReUIValidation.cs:928)
ReUI.Editor.ReUIQuickAndroidBuild:Build () (at Assets/ReUI/Editor/ReUIQuickAndroidBuild.cs:60)

(Filename: Assets/ModulesShared/Diagnostics/Scripts/Debug.cs Line: 35)

barrels do not fit layout 114514
UnityEngine.Debug:ExtractStackTraceNoAlloc (byte*,int,string)
UnityEngine.StackTraceUtility:ExtractStackTrace ()
UnityEngine.DebugLogHandler:Internal_Log (UnityEngine.LogType,UnityEngine.LogOption,string,UnityEngine.Object)
UnityEngine.DebugLogHandler:LogFormat (UnityEngine.LogType,UnityEngine.Object,string,object[])
UnityEngine.Logger:Log (UnityEngine.LogType,object,UnityEngine.Object)
UnityEngine.Debug:LogError (object,UnityEngine.Object)
GameDiagnostics.UnityLogger:LogError (string,UnityEngine.GameObject) (at Assets/ModulesShared/Diagnostics/Scripts/UnityLogger.cs:9)
GameDiagnostics.Trace:LogError (string) (at Assets/ModulesShared/Diagnostics/Scripts/Debug.cs:35)
GameDatabase.Utils.BarrelConverter:Convert (GameDatabase.Model.Layout,GameDatabase.Serializable.BarrelSerializable[],int) (at Assets/Modules/Database/Scripts/Utils/BarrelConverter.cs:20)
GameDatabase.DataModel.Ship:OnDataDeserialized (GameDatabase.Serializable.ShipSerializable,GameDatabase.Database/Loader) (at Assets/Modules/Database/Scripts/DataModel/Ship.cs:26)
GameDatabase.DataModel.Ship:.ctor (GameDatabase.Serializable.ShipSerializable,GameDatabase.Database/Loader) (at Assets/Modules/Database/Scripts/GeneratedGameCode/DataModel/Ship.cs:49)
GameDatabase.DataModel.Ship:Create (GameDatabase.Serializable.ShipSerializable,GameDatabase.Database/Loader) (at Assets/Modules/Database/Scripts/GeneratedGameCode/DataModel/Ship.cs:22)
GameDatabase.Database/Loader:Load () (at Assets/Modules/Database/Scripts/GeneratedGameCode/Database.cs:320)
GameDatabase.Database/Loader:Load (GameDatabase.Database,GameDatabase.Storage.DatabaseContent) (at Assets/Modules/Database/Scripts/GeneratedGameCode/Database.cs:271)
GameDatabase.Database:Load (GameDatabase.Storage.IDataStorage) (at Assets/Modules/Database/Scripts/Database.cs:153)
GameDatabase.Database:LoadDefault () (at Assets/Modules/Database/Scripts/Database.cs:94)
ReUI.Editor.ReUIValidation:ValidateBeta5ThemeAndAssets () (at Assets/ReUI/Editor/ReUIValidation.cs:1229)
ReUI.Editor.ReUIValidation:ValidateBeta5 () (at Assets/ReUI/Editor/ReUIValidation.cs:292)
ReUI.Editor.ReUIValidation:ValidateBeta52 () (at Assets/ReUI/Editor/ReUIValidation.cs:301)
ReUI.Editor.ReUIValidation:ValidateBeta6 () (at Assets/ReUI/Editor/ReUIValidation.cs:309)
ReUI.Editor.ReUIValidation:ValidateBeta7 () (at Assets/ReUI/Editor/ReUIValidation.cs:568)
ReUI.Editor.ReUIValidation:ValidateBeta81 () (at Assets/ReUI/Editor/ReUIValidation.cs:664)
ReUI.Editor.ReUIValidation:ValidateBeta82 () (at Assets/ReUI/Editor/ReUIValidation.cs:783)
ReUI.Editor.ReUIValidation:ValidateBeta83 () (at Assets/ReUI/Editor/ReUIValidation.cs:811)
ReUI.Editor.ReUIValidation:ValidateBeta84 () (at Assets/ReUI/Editor/ReUIValidation.cs:928)
ReUI.Editor.ReUIQuickAndroidBuild:Build () (at Assets/ReUI/Editor/ReUIQuickAndroidBuild.cs:60)

(Filename: Assets/ModulesShared/Diagnostics/Scripts/Debug.cs Line: 35)

[Beta5 Validation] uiTheme=player-selectable, presentation=classic-ugui, settings=serialized-controls, shipEditor=ui-settings, captain=authored-png, factionIcons=21-28-authored-png, runtimeScope=settings-palette-plus-specialized-ship-editor-and-combat
[Beta5.2 Validation] picker=large-sv-square, hue=vertical-strip, apply=explicit-and-persistent, classicTheme=live-refreshed
Asset Pipeline Refresh (id=eac80c5a9e5bd434ab449db380693f47): Total: 0.002 seconds - Initiated by RefreshV2(NoUpdateAssetOptions)
barrels do not fit layout 163
UnityEngine.Debug:ExtractStackTraceNoAlloc (byte*,int,string)
UnityEngine.StackTraceUtility:ExtractStackTrace ()
UnityEngine.DebugLogHandler:Internal_Log (UnityEngine.LogType,UnityEngine.LogOption,string,UnityEngine.Object)
UnityEngine.DebugLogHandler:LogFormat (UnityEngine.LogType,UnityEngine.Object,string,object[])
UnityEngine.Logger:Log (UnityEngine.LogType,object,UnityEngine.Object)
UnityEngine.Debug:LogError (object,UnityEngine.Object)
GameDiagnostics.UnityLogger:LogError (string,UnityEngine.GameObject) (at Assets/ModulesShared/Diagnostics/Scripts/UnityLogger.cs:9)
GameDiagnostics.Trace:LogError (string) (at Assets/ModulesShared/Diagnostics/Scripts/Debug.cs:35)
GameDatabase.Utils.BarrelConverter:Convert (GameDatabase.Model.Layout,GameDatabase.Serializable.BarrelSerializable[],int) (at Assets/Modules/Database/Scripts/Utils/BarrelConverter.cs:20)
GameDatabase.DataModel.Ship:OnDataDeserialized (GameDatabase.Serializable.ShipSerializable,GameDatabase.Database/Loader) (at Assets/Modules/Database/Scripts/DataModel/Ship.cs:26)
GameDatabase.DataModel.Ship:.ctor (GameDatabase.Serializable.ShipSerializable,GameDatabase.Database/Loader) (at Assets/Modules/Database/Scripts/GeneratedGameCode/DataModel/Ship.cs:49)
GameDatabase.DataModel.Ship:Create (GameDatabase.Serializable.ShipSerializable,GameDatabase.Database/Loader) (at Assets/Modules/Database/Scripts/GeneratedGameCode/DataModel/Ship.cs:22)
GameDatabase.Database/Loader:GetShip (GameDatabase.Model.ItemId`1<GameDatabase.DataModel.Ship>,bool) (at Assets/Modules/Database/Scripts/GeneratedGameCode/Database.cs:535)
GameDatabase.DataModel.ShipBuild:.ctor (GameDatabase.Serializable.ShipBuildSerializable,GameDatabase.Database/Loader) (at Assets/Modules/Database/Scripts/GeneratedGameCode/DataModel/ShipBuild.cs:30)
GameDatabase.DataModel.ShipBuild:Create (GameDatabase.Serializable.ShipBuildSerializable,GameDatabase.Database/Loader) (at Assets/Modules/Database/Scripts/GeneratedGameCode/DataModel/ShipBuild.cs:22)
GameDatabase.Database/Loader:GetShipBuild (GameDatabase.Model.ItemId`1<GameDatabase.DataModel.ShipBuild>,bool) (at Assets/Modules/Database/Scripts/GeneratedGameCode/Database.cs:545)
GameDatabase.DataModel.Component:.ctor (GameDatabase.Serializable.ComponentSerializable,GameDatabase.Database/Loader) (at Assets/Modules/Database/Scripts/GeneratedGameCode/DataModel/Component.cs:49)
GameDatabase.DataModel.Component:Create (GameDatabase.Serializable.ComponentSerializable,GameDatabase.Database/Loader) (at Assets/Modules/Database/Scripts/GeneratedGameCode/DataModel/Component.cs:22)
GameDatabase.Database/Loader:Load () (at Assets/Modules/Database/Scripts/GeneratedGameCode/Database.cs:287)
GameDatabase.Database/Loader:Load (GameDatabase.Database,GameDatabase.Storage.DatabaseContent) (at Assets/Modules/Database/Scripts/GeneratedGameCode/Database.cs:271)
GameDatabase.Database:Load (GameDatabase.Storage.IDataStorage) (at Assets/Modules/Database/Scripts/Database.cs:153)
GameDatabase.Database:LoadDefault () (at Assets/Modules/Database/Scripts/Database.cs:94)
ReUI.Editor.ReUIValidation:ValidateBeta6 () (at Assets/ReUI/Editor/ReUIValidation.cs:312)
ReUI.Editor.ReUIValidation:ValidateBeta7 () (at Assets/ReUI/Editor/ReUIValidation.cs:568)
ReUI.Editor.ReUIValidation:ValidateBeta81 () (at Assets/ReUI/Editor/ReUIValidation.cs:664)
ReUI.Editor.ReUIValidation:ValidateBeta82 () (at Assets/ReUI/Editor/ReUIValidation.cs:783)
ReUI.Editor.ReUIValidation:ValidateBeta83 () (at Assets/ReUI/Editor/ReUIValidation.cs:811)
ReUI.Editor.ReUIValidation:ValidateBeta84 () (at Assets/ReUI/Editor/ReUIValidation.cs:928)
ReUI.Editor.ReUIQuickAndroidBuild:Build () (at Assets/ReUI/Editor/ReUIQuickAndroidBuild.cs:60)

(Filename: Assets/ModulesShared/Diagnostics/Scripts/Debug.cs Line: 35)

barrels do not fit layout 164
UnityEngine.Debug:ExtractStackTraceNoAlloc (byte*,int,string)
UnityEngine.StackTraceUtility:ExtractStackTrace ()
UnityEngine.DebugLogHandler:Internal_Log (UnityEngine.LogType,UnityEngine.LogOption,string,UnityEngine.Object)
UnityEngine.DebugLogHandler:LogFormat (UnityEngine.LogType,UnityEngine.Object,string,object[])
UnityEngine.Logger:Log (UnityEngine.LogType,object,UnityEngine.Object)
UnityEngine.Debug:LogError (object,UnityEngine.Object)
GameDiagnostics.UnityLogger:LogError (string,UnityEngine.GameObject) (at Assets/ModulesShared/Diagnostics/Scripts/UnityLogger.cs:9)
GameDiagnostics.Trace:LogError (string) (at Assets/ModulesShared/Diagnostics/Scripts/Debug.cs:35)
GameDatabase.Utils.BarrelConverter:Convert (GameDatabase.Model.Layout,GameDatabase.Serializable.BarrelSerializable[],int) (at Assets/Modules/Database/Scripts/Utils/BarrelConverter.cs:20)
GameDatabase.DataModel.Ship:OnDataDeserialized (GameDatabase.Serializable.ShipSerializable,GameDatabase.Database/Loader) (at Assets/Modules/Database/Scripts/DataModel/Ship.cs:26)
GameDatabase.DataModel.Ship:.ctor (GameDatabase.Serializable.ShipSerializable,GameDatabase.Database/Loader) (at Assets/Modules/Database/Scripts/GeneratedGameCode/DataModel/Ship.cs:49)
GameDatabase.DataModel.Ship:Create (GameDatabase.Serializable.ShipSerializable,GameDatabase.Database/Loader) (at Assets/Modules/Database/Scripts/GeneratedGameCode/DataModel/Ship.cs:22)
GameDatabase.Database/Loader:Load () (at Assets/Modules/Database/Scripts/GeneratedGameCode/Database.cs:320)
GameDatabase.Database/Loader:Load (GameDatabase.Database,GameDatabase.Storage.DatabaseContent) (at Assets/Modules/Database/Scripts/GeneratedGameCode/Database.cs:271)
GameDatabase.Database:Load (GameDatabase.Storage.IDataStorage) (at Assets/Modules/Database/Scripts/Database.cs:153)
GameDatabase.Database:LoadDefault () (at Assets/Modules/Database/Scripts/Database.cs:94)
ReUI.Editor.ReUIValidation:ValidateBeta6 () (at Assets/ReUI/Editor/ReUIValidation.cs:312)
ReUI.Editor.ReUIValidation:ValidateBeta7 () (at Assets/ReUI/Editor/ReUIValidation.cs:568)
ReUI.Editor.ReUIValidation:ValidateBeta81 () (at Assets/ReUI/Editor/ReUIValidation.cs:664)
ReUI.Editor.ReUIValidation:ValidateBeta82 () (at Assets/ReUI/Editor/ReUIValidation.cs:783)
ReUI.Editor.ReUIValidation:ValidateBeta83 () (at Assets/ReUI/Editor/ReUIValidation.cs:811)
ReUI.Editor.ReUIValidation:ValidateBeta84 () (at Assets/ReUI/Editor/ReUIValidation.cs:928)
ReUI.Editor.ReUIQuickAndroidBuild:Build () (at Assets/ReUI/Editor/ReUIQuickAndroidBuild.cs:60)

(Filename: Assets/ModulesShared/Diagnostics/Scripts/Debug.cs Line: 35)

barrels do not fit layout 162
UnityEngine.Debug:ExtractStackTraceNoAlloc (byte*,int,string)
UnityEngine.StackTraceUtility:ExtractStackTrace ()
UnityEngine.DebugLogHandler:Internal_Log (UnityEngine.LogType,UnityEngine.LogOption,string,UnityEngine.Object)
UnityEngine.DebugLogHandler:LogFormat (UnityEngine.LogType,UnityEngine.Object,string,object[])
UnityEngine.Logger:Log (UnityEngine.LogType,object,UnityEngine.Object)
UnityEngine.Debug:LogError (object,UnityEngine.Object)
GameDiagnostics.UnityLogger:LogError (string,UnityEngine.GameObject) (at Assets/ModulesShared/Diagnostics/Scripts/UnityLogger.cs:9)
GameDiagnostics.Trace:LogError (string) (at Assets/ModulesShared/Diagnostics/Scripts/Debug.cs:35)
GameDatabase.Utils.BarrelConverter:Convert (GameDatabase.Model.Layout,GameDatabase.Serializable.BarrelSerializable[],int) (at Assets/Modules/Database/Scripts/Utils/BarrelConverter.cs:20)
GameDatabase.DataModel.Ship:OnDataDeserialized (GameDatabase.Serializable.ShipSerializable,GameDatabase.Database/Loader) (at Assets/Modules/Database/Scripts/DataModel/Ship.cs:26)
GameDatabase.DataModel.Ship:.ctor (GameDatabase.Serializable.ShipSerializable,GameDatabase.Database/Loader) (at Assets/Modules/Database/Scripts/GeneratedGameCode/DataModel/Ship.cs:49)
GameDatabase.DataModel.Ship:Create (GameDatabase.Serializable.ShipSerializable,GameDatabase.Database/Loader) (at Assets/Modules/Database/Scripts/GeneratedGameCode/DataModel/Ship.cs:22)
GameDatabase.Database/Loader:Load () (at Assets/Modules/Database/Scripts/GeneratedGameCode/Database.cs:320)
GameDatabase.Database/Loader:Load (GameDatabase.Database,GameDatabase.Storage.DatabaseContent) (at Assets/Modules/Database/Scripts/GeneratedGameCode/Database.cs:271)
GameDatabase.Database:Load (GameDatabase.Storage.IDataStorage) (at Assets/Modules/Database/Scripts/Database.cs:153)
GameDatabase.Database:LoadDefault () (at Assets/Modules/Database/Scripts/Database.cs:94)
ReUI.Editor.ReUIValidation:ValidateBeta6 () (at Assets/ReUI/Editor/ReUIValidation.cs:312)
ReUI.Editor.ReUIValidation:ValidateBeta7 () (at Assets/ReUI/Editor/ReUIValidation.cs:568)
ReUI.Editor.ReUIValidation:ValidateBeta81 () (at Assets/ReUI/Editor/ReUIValidation.cs:664)
ReUI.Editor.ReUIValidation:ValidateBeta82 () (at Assets/ReUI/Editor/ReUIValidation.cs:783)
ReUI.Editor.ReUIValidation:ValidateBeta83 () (at Assets/ReUI/Editor/ReUIValidation.cs:811)
ReUI.Editor.ReUIValidation:ValidateBeta84 () (at Assets/ReUI/Editor/ReUIValidation.cs:928)
ReUI.Editor.ReUIQuickAndroidBuild:Build () (at Assets/ReUI/Editor/ReUIQuickAndroidBuild.cs:60)

(Filename: Assets/ModulesShared/Diagnostics/Scripts/Debug.cs Line: 35)

barrels do not fit layout 165
UnityEngine.Debug:ExtractStackTraceNoAlloc (byte*,int,string)
UnityEngine.StackTraceUtility:ExtractStackTrace ()
UnityEngine.DebugLogHandler:Internal_Log (UnityEngine.LogType,UnityEngine.LogOption,string,UnityEngine.Object)
UnityEngine.DebugLogHandler:LogFormat (UnityEngine.LogType,UnityEngine.Object,string,object[])
UnityEngine.Logger:Log (UnityEngine.LogType,object,UnityEngine.Object)
UnityEngine.Debug:LogError (object,UnityEngine.Object)
GameDiagnostics.UnityLogger:LogError (string,UnityEngine.GameObject) (at Assets/ModulesShared/Diagnostics/Scripts/UnityLogger.cs:9)
GameDiagnostics.Trace:LogError (string) (at Assets/ModulesShared/Diagnostics/Scripts/Debug.cs:35)
GameDatabase.Utils.BarrelConverter:Convert (GameDatabase.Model.Layout,GameDatabase.Serializable.BarrelSerializable[],int) (at Assets/Modules/Database/Scripts/Utils/BarrelConverter.cs:20)
GameDatabase.DataModel.Ship:OnDataDeserialized (GameDatabase.Serializable.ShipSerializable,GameDatabase.Database/Loader) (at Assets/Modules/Database/Scripts/DataModel/Ship.cs:26)
GameDatabase.DataModel.Ship:.ctor (GameDatabase.Serializable.ShipSerializable,GameDatabase.Database/Loader) (at Assets/Modules/Database/Scripts/GeneratedGameCode/DataModel/Ship.cs:49)
GameDatabase.DataModel.Ship:Create (GameDatabase.Serializable.ShipSerializable,GameDatabase.Database/Loader) (at Assets/Modules/Database/Scripts/GeneratedGameCode/DataModel/Ship.cs:22)
GameDatabase.Database/Loader:Load () (at Assets/Modules/Database/Scripts/GeneratedGameCode/Database.cs:320)
GameDatabase.Database/Loader:Load (GameDatabase.Database,GameDatabase.Storage.DatabaseContent) (at Assets/Modules/Database/Scripts/GeneratedGameCode/Database.cs:271)
GameDatabase.Database:Load (GameDatabase.Storage.IDataStorage) (at Assets/Modules/Database/Scripts/Database.cs:153)
GameDatabase.Database:LoadDefault () (at Assets/Modules/Database/Scripts/Database.cs:94)
ReUI.Editor.ReUIValidation:ValidateBeta6 () (at Assets/ReUI/Editor/ReUIValidation.cs:312)
ReUI.Editor.ReUIValidation:ValidateBeta7 () (at Assets/ReUI/Editor/ReUIValidation.cs:568)
ReUI.Editor.ReUIValidation:ValidateBeta81 () (at Assets/ReUI/Editor/ReUIValidation.cs:664)
ReUI.Editor.ReUIValidation:ValidateBeta82 () (at Assets/ReUI/Editor/ReUIValidation.cs:783)
ReUI.Editor.ReUIValidation:ValidateBeta83 () (at Assets/ReUI/Editor/ReUIValidation.cs:811)
ReUI.Editor.ReUIValidation:ValidateBeta84 () (at Assets/ReUI/Editor/ReUIValidation.cs:928)
ReUI.Editor.ReUIQuickAndroidBuild:Build () (at Assets/ReUI/Editor/ReUIQuickAndroidBuild.cs:60)

(Filename: Assets/ModulesShared/Diagnostics/Scripts/Debug.cs Line: 35)

barrels do not fit layout 161
UnityEngine.Debug:ExtractStackTraceNoAlloc (byte*,int,string)
UnityEngine.StackTraceUtility:ExtractStackTrace ()
UnityEngine.DebugLogHandler:Internal_Log (UnityEngine.LogType,UnityEngine.LogOption,string,UnityEngine.Object)
UnityEngine.DebugLogHandler:LogFormat (UnityEngine.LogType,UnityEngine.Object,string,object[])
UnityEngine.Logger:Log (UnityEngine.LogType,object,UnityEngine.Object)
UnityEngine.Debug:LogError (object,UnityEngine.Object)
GameDiagnostics.UnityLogger:LogError (string,UnityEngine.GameObject) (at Assets/ModulesShared/Diagnostics/Scripts/UnityLogger.cs:9)
GameDiagnostics.Trace:LogError (string) (at Assets/ModulesShared/Diagnostics/Scripts/Debug.cs:35)
GameDatabase.Utils.BarrelConverter:Convert (GameDatabase.Model.Layout,GameDatabase.Serializable.BarrelSerializable[],int) (at Assets/Modules/Database/Scripts/Utils/BarrelConverter.cs:20)
GameDatabase.DataModel.Ship:OnDataDeserialized (GameDatabase.Serializable.ShipSerializable,GameDatabase.Database/Loader) (at Assets/Modules/Database/Scripts/DataModel/Ship.cs:26)
GameDatabase.DataModel.Ship:.ctor (GameDatabase.Serializable.ShipSerializable,GameDatabase.Database/Loader) (at Assets/Modules/Database/Scripts/GeneratedGameCode/DataModel/Ship.cs:49)
GameDatabase.DataModel.Ship:Create (GameDatabase.Serializable.ShipSerializable,GameDatabase.Database/Loader) (at Assets/Modules/Database/Scripts/GeneratedGameCode/DataModel/Ship.cs:22)
GameDatabase.Database/Loader:Load () (at Assets/Modules/Database/Scripts/GeneratedGameCode/Database.cs:320)
GameDatabase.Database/Loader:Load (GameDatabase.Database,GameDatabase.Storage.DatabaseContent) (at Assets/Modules/Database/Scripts/GeneratedGameCode/Database.cs:271)
GameDatabase.Database:Load (GameDatabase.Storage.IDataStorage) (at Assets/Modules/Database/Scripts/Database.cs:153)
GameDatabase.Database:LoadDefault () (at Assets/Modules/Database/Scripts/Database.cs:94)
ReUI.Editor.ReUIValidation:ValidateBeta6 () (at Assets/ReUI/Editor/ReUIValidation.cs:312)
ReUI.Editor.ReUIValidation:ValidateBeta7 () (at Assets/ReUI/Editor/ReUIValidation.cs:568)
ReUI.Editor.ReUIValidation:ValidateBeta81 () (at Assets/ReUI/Editor/ReUIValidation.cs:664)
ReUI.Editor.ReUIValidation:ValidateBeta82 () (at Assets/ReUI/Editor/ReUIValidation.cs:783)
ReUI.Editor.ReUIValidation:ValidateBeta83 () (at Assets/ReUI/Editor/ReUIValidation.cs:811)
ReUI.Editor.ReUIValidation:ValidateBeta84 () (at Assets/ReUI/Editor/ReUIValidation.cs:928)
ReUI.Editor.ReUIQuickAndroidBuild:Build () (at Assets/ReUI/Editor/ReUIQuickAndroidBuild.cs:60)

(Filename: Assets/ModulesShared/Diagnostics/Scripts/Debug.cs Line: 35)

barrels do not fit layout 94000
UnityEngine.Debug:ExtractStackTraceNoAlloc (byte*,int,string)
UnityEngine.StackTraceUtility:ExtractStackTrace ()
UnityEngine.DebugLogHandler:Internal_Log (UnityEngine.LogType,UnityEngine.LogOption,string,UnityEngine.Object)
UnityEngine.DebugLogHandler:LogFormat (UnityEngine.LogType,UnityEngine.Object,string,object[])
UnityEngine.Logger:Log (UnityEngine.LogType,object,UnityEngine.Object)
UnityEngine.Debug:LogError (object,UnityEngine.Object)
GameDiagnostics.UnityLogger:LogError (string,UnityEngine.GameObject) (at Assets/ModulesShared/Diagnostics/Scripts/UnityLogger.cs:9)
GameDiagnostics.Trace:LogError (string) (at Assets/ModulesShared/Diagnostics/Scripts/Debug.cs:35)
GameDatabase.Utils.BarrelConverter:Convert (GameDatabase.Model.Layout,GameDatabase.Serializable.BarrelSerializable[],int) (at Assets/Modules/Database/Scripts/Utils/BarrelConverter.cs:20)
GameDatabase.DataModel.Ship:OnDataDeserialized (GameDatabase.Serializable.ShipSerializable,GameDatabase.Database/Loader) (at Assets/Modules/Database/Scripts/DataModel/Ship.cs:26)
GameDatabase.DataModel.Ship:.ctor (GameDatabase.Serializable.ShipSerializable,GameDatabase.Database/Loader) (at Assets/Modules/Database/Scripts/GeneratedGameCode/DataModel/Ship.cs:49)
GameDatabase.DataModel.Ship:Create (GameDatabase.Serializable.ShipSerializable,GameDatabase.Database/Loader) (at Assets/Modules/Database/Scripts/GeneratedGameCode/DataModel/Ship.cs:22)
GameDatabase.Database/Loader:Load () (at Assets/Modules/Database/Scripts/GeneratedGameCode/Database.cs:320)
GameDatabase.Database/Loader:Load (GameDatabase.Database,GameDatabase.Storage.DatabaseContent) (at Assets/Modules/Database/Scripts/GeneratedGameCode/Database.cs:271)
GameDatabase.Database:Load (GameDatabase.Storage.IDataStorage) (at Assets/Modules/Database/Scripts/Database.cs:153)
GameDatabase.Database:LoadDefault () (at Assets/Modules/Database/Scripts/Database.cs:94)
ReUI.Editor.ReUIValidation:ValidateBeta6 () (at Assets/ReUI/Editor/ReUIValidation.cs:312)
ReUI.Editor.ReUIValidation:ValidateBeta7 () (at Assets/ReUI/Editor/ReUIValidation.cs:568)
ReUI.Editor.ReUIValidation:ValidateBeta81 () (at Assets/ReUI/Editor/ReUIValidation.cs:664)
ReUI.Editor.ReUIValidation:ValidateBeta82 () (at Assets/ReUI/Editor/ReUIValidation.cs:783)
ReUI.Editor.ReUIValidation:ValidateBeta83 () (at Assets/ReUI/Editor/ReUIValidation.cs:811)
ReUI.Editor.ReUIValidation:ValidateBeta84 () (at Assets/ReUI/Editor/ReUIValidation.cs:928)
ReUI.Editor.ReUIQuickAndroidBuild:Build () (at Assets/ReUI/Editor/ReUIQuickAndroidBuild.cs:60)

(Filename: Assets/ModulesShared/Diagnostics/Scripts/Debug.cs Line: 35)

barrels do not fit layout 1145141
UnityEngine.Debug:ExtractStackTraceNoAlloc (byte*,int,string)
UnityEngine.StackTraceUtility:ExtractStackTrace ()
UnityEngine.DebugLogHandler:Internal_Log (UnityEngine.LogType,UnityEngine.LogOption,string,UnityEngine.Object)
UnityEngine.DebugLogHandler:LogFormat (UnityEngine.LogType,UnityEngine.Object,string,object[])
UnityEngine.Logger:Log (UnityEngine.LogType,object,UnityEngine.Object)
UnityEngine.Debug:LogError (object,UnityEngine.Object)
GameDiagnostics.UnityLogger:LogError (string,UnityEngine.GameObject) (at Assets/ModulesShared/Diagnostics/Scripts/UnityLogger.cs:9)
GameDiagnostics.Trace:LogError (string) (at Assets/ModulesShared/Diagnostics/Scripts/Debug.cs:35)
GameDatabase.Utils.BarrelConverter:Convert (GameDatabase.Model.Layout,GameDatabase.Serializable.BarrelSerializable[],int) (at Assets/Modules/Database/Scripts/Utils/BarrelConverter.cs:20)
GameDatabase.DataModel.Ship:OnDataDeserialized (GameDatabase.Serializable.ShipSerializable,GameDatabase.Database/Loader) (at Assets/Modules/Database/Scripts/DataModel/Ship.cs:26)
GameDatabase.DataModel.Ship:.ctor (GameDatabase.Serializable.ShipSerializable,GameDatabase.Database/Loader) (at Assets/Modules/Database/Scripts/GeneratedGameCode/DataModel/Ship.cs:49)
GameDatabase.DataModel.Ship:Create (GameDatabase.Serializable.ShipSerializable,GameDatabase.Database/Loader) (at Assets/Modules/Database/Scripts/GeneratedGameCode/DataModel/Ship.cs:22)
GameDatabase.Database/Loader:Load () (at Assets/Modules/Database/Scripts/GeneratedGameCode/Database.cs:320)
GameDatabase.Database/Loader:Load (GameDatabase.Database,GameDatabase.Storage.DatabaseContent) (at Assets/Modules/Database/Scripts/GeneratedGameCode/Database.cs:271)
GameDatabase.Database:Load (GameDatabase.Storage.IDataStorage) (at Assets/Modules/Database/Scripts/Database.cs:153)
GameDatabase.Database:LoadDefault () (at Assets/Modules/Database/Scripts/Database.cs:94)
ReUI.Editor.ReUIValidation:ValidateBeta6 () (at Assets/ReUI/Editor/ReUIValidation.cs:312)
ReUI.Editor.ReUIValidation:ValidateBeta7 () (at Assets/ReUI/Editor/ReUIValidation.cs:568)
ReUI.Editor.ReUIValidation:ValidateBeta81 () (at Assets/ReUI/Editor/ReUIValidation.cs:664)
ReUI.Editor.ReUIValidation:ValidateBeta82 () (at Assets/ReUI/Editor/ReUIValidation.cs:783)
ReUI.Editor.ReUIValidation:ValidateBeta83 () (at Assets/ReUI/Editor/ReUIValidation.cs:811)
ReUI.Editor.ReUIValidation:ValidateBeta84 () (at Assets/ReUI/Editor/ReUIValidation.cs:928)
ReUI.Editor.ReUIQuickAndroidBuild:Build () (at Assets/ReUI/Editor/ReUIQuickAndroidBuild.cs:60)

(Filename: Assets/ModulesShared/Diagnostics/Scripts/Debug.cs Line: 35)

barrels do not fit layout 1145142
UnityEngine.Debug:ExtractStackTraceNoAlloc (byte*,int,string)
UnityEngine.StackTraceUtility:ExtractStackTrace ()
UnityEngine.DebugLogHandler:Internal_Log (UnityEngine.LogType,UnityEngine.LogOption,string,UnityEngine.Object)
UnityEngine.DebugLogHandler:LogFormat (UnityEngine.LogType,UnityEngine.Object,string,object[])
UnityEngine.Logger:Log (UnityEngine.LogType,object,UnityEngine.Object)
UnityEngine.Debug:LogError (object,UnityEngine.Object)
GameDiagnostics.UnityLogger:LogError (string,UnityEngine.GameObject) (at Assets/ModulesShared/Diagnostics/Scripts/UnityLogger.cs:9)
GameDiagnostics.Trace:LogError (string) (at Assets/ModulesShared/Diagnostics/Scripts/Debug.cs:35)
GameDatabase.Utils.BarrelConverter:Convert (GameDatabase.Model.Layout,GameDatabase.Serializable.BarrelSerializable[],int) (at Assets/Modules/Database/Scripts/Utils/BarrelConverter.cs:20)
GameDatabase.DataModel.Ship:OnDataDeserialized (GameDatabase.Serializable.ShipSerializable,GameDatabase.Database/Loader) (at Assets/Modules/Database/Scripts/DataModel/Ship.cs:26)
GameDatabase.DataModel.Ship:.ctor (GameDatabase.Serializable.ShipSerializable,GameDatabase.Database/Loader) (at Assets/Modules/Database/Scripts/GeneratedGameCode/DataModel/Ship.cs:49)
GameDatabase.DataModel.Ship:Create (GameDatabase.Serializable.ShipSerializable,GameDatabase.Database/Loader) (at Assets/Modules/Database/Scripts/GeneratedGameCode/DataModel/Ship.cs:22)
GameDatabase.Database/Loader:Load () (at Assets/Modules/Database/Scripts/GeneratedGameCode/Database.cs:320)
GameDatabase.Database/Loader:Load (GameDatabase.Database,GameDatabase.Storage.DatabaseContent) (at Assets/Modules/Database/Scripts/GeneratedGameCode/Database.cs:271)
GameDatabase.Database:Load (GameDatabase.Storage.IDataStorage) (at Assets/Modules/Database/Scripts/Database.cs:153)
GameDatabase.Database:LoadDefault () (at Assets/Modules/Database/Scripts/Database.cs:94)
ReUI.Editor.ReUIValidation:ValidateBeta6 () (at Assets/ReUI/Editor/ReUIValidation.cs:312)
ReUI.Editor.ReUIValidation:ValidateBeta7 () (at Assets/ReUI/Editor/ReUIValidation.cs:568)
ReUI.Editor.ReUIValidation:ValidateBeta81 () (at Assets/ReUI/Editor/ReUIValidation.cs:664)
ReUI.Editor.ReUIValidation:ValidateBeta82 () (at Assets/ReUI/Editor/ReUIValidation.cs:783)
ReUI.Editor.ReUIValidation:ValidateBeta83 () (at Assets/ReUI/Editor/ReUIValidation.cs:811)
ReUI.Editor.ReUIValidation:ValidateBeta84 () (at Assets/ReUI/Editor/ReUIValidation.cs:928)
ReUI.Editor.ReUIQuickAndroidBuild:Build () (at Assets/ReUI/Editor/ReUIQuickAndroidBuild.cs:60)

(Filename: Assets/ModulesShared/Diagnostics/Scripts/Debug.cs Line: 35)

barrels do not fit layout 114514
UnityEngine.Debug:ExtractStackTraceNoAlloc (byte*,int,string)
UnityEngine.StackTraceUtility:ExtractStackTrace ()
UnityEngine.DebugLogHandler:Internal_Log (UnityEngine.LogType,UnityEngine.LogOption,string,UnityEngine.Object)
UnityEngine.DebugLogHandler:LogFormat (UnityEngine.LogType,UnityEngine.Object,string,object[])
UnityEngine.Logger:Log (UnityEngine.LogType,object,UnityEngine.Object)
UnityEngine.Debug:LogError (object,UnityEngine.Object)
GameDiagnostics.UnityLogger:LogError (string,UnityEngine.GameObject) (at Assets/ModulesShared/Diagnostics/Scripts/UnityLogger.cs:9)
GameDiagnostics.Trace:LogError (string) (at Assets/ModulesShared/Diagnostics/Scripts/Debug.cs:35)
GameDatabase.Utils.BarrelConverter:Convert (GameDatabase.Model.Layout,GameDatabase.Serializable.BarrelSerializable[],int) (at Assets/Modules/Database/Scripts/Utils/BarrelConverter.cs:20)
GameDatabase.DataModel.Ship:OnDataDeserialized (GameDatabase.Serializable.ShipSerializable,GameDatabase.Database/Loader) (at Assets/Modules/Database/Scripts/DataModel/Ship.cs:26)
GameDatabase.DataModel.Ship:.ctor (GameDatabase.Serializable.ShipSerializable,GameDatabase.Database/Loader) (at Assets/Modules/Database/Scripts/GeneratedGameCode/DataModel/Ship.cs:49)
GameDatabase.DataModel.Ship:Create (GameDatabase.Serializable.ShipSerializable,GameDatabase.Database/Loader) (at Assets/Modules/Database/Scripts/GeneratedGameCode/DataModel/Ship.cs:22)
GameDatabase.Database/Loader:Load () (at Assets/Modules/Database/Scripts/GeneratedGameCode/Database.cs:320)
GameDatabase.Database/Loader:Load (GameDatabase.Database,GameDatabase.Storage.DatabaseContent) (at Assets/Modules/Database/Scripts/GeneratedGameCode/Database.cs:271)
GameDatabase.Database:Load (GameDatabase.Storage.IDataStorage) (at Assets/Modules/Database/Scripts/Database.cs:153)
GameDatabase.Database:LoadDefault () (at Assets/Modules/Database/Scripts/Database.cs:94)
ReUI.Editor.ReUIValidation:ValidateBeta6 () (at Assets/ReUI/Editor/ReUIValidation.cs:312)
ReUI.Editor.ReUIValidation:ValidateBeta7 () (at Assets/ReUI/Editor/ReUIValidation.cs:568)
ReUI.Editor.ReUIValidation:ValidateBeta81 () (at Assets/ReUI/Editor/ReUIValidation.cs:664)
ReUI.Editor.ReUIValidation:ValidateBeta82 () (at Assets/ReUI/Editor/ReUIValidation.cs:783)
ReUI.Editor.ReUIValidation:ValidateBeta83 () (at Assets/ReUI/Editor/ReUIValidation.cs:811)
ReUI.Editor.ReUIValidation:ValidateBeta84 () (at Assets/ReUI/Editor/ReUIValidation.cs:928)
ReUI.Editor.ReUIQuickAndroidBuild:Build () (at Assets/ReUI/Editor/ReUIQuickAndroidBuild.cs:60)

(Filename: Assets/ModulesShared/Diagnostics/Scripts/Debug.cs Line: 35)

[Beta6 Validation] quest=MothersTears-4-stages, sim=earth-independent-blueprint-114514, waterdrop=trisolaris-independent-blueprint-114514, sophonLauncher=post-battleship-player-only, antigravity=green-special, modifications=detailed, allies=double-plus-titan, storyImages=6-high-resolution, questOffer=next-route-explicit-accept, modificationNames=visible, wanNianFengXue=clockwise90-scaled-restricted-destroyer-cheat-acquirable, trisolarisStarbase=max20-no-titan-earth-titan-plus-two-flagships, hyperspaceEngine=unlimited-range-95-percent-fuel-reduction, silentCore=authored-art-60s-emp-lightning-charge-3s-self-destruct
Asset Pipeline Refresh (id=826298f89cc8d504ca9ef978202621b8): Total: 0.002 seconds - Initiated by RefreshV2(NoUpdateAssetOptions)
barrels do not fit layout 163
UnityEngine.Debug:ExtractStackTraceNoAlloc (byte*,int,string)
UnityEngine.StackTraceUtility:ExtractStackTrace ()
UnityEngine.DebugLogHandler:Internal_Log (UnityEngine.LogType,UnityEngine.LogOption,string,UnityEngine.Object)
UnityEngine.DebugLogHandler:LogFormat (UnityEngine.LogType,UnityEngine.Object,string,object[])
UnityEngine.Logger:Log (UnityEngine.LogType,object,UnityEngine.Object)
UnityEngine.Debug:LogError (object,UnityEngine.Object)
GameDiagnostics.UnityLogger:LogError (string,UnityEngine.GameObject) (at Assets/ModulesShared/Diagnostics/Scripts/UnityLogger.cs:9)
GameDiagnostics.Trace:LogError (string) (at Assets/ModulesShared/Diagnostics/Scripts/Debug.cs:35)
GameDatabase.Utils.BarrelConverter:Convert (GameDatabase.Model.Layout,GameDatabase.Serializable.BarrelSerializable[],int) (at Assets/Modules/Database/Scripts/Utils/BarrelConverter.cs:20)
GameDatabase.DataModel.Ship:OnDataDeserialized (GameDatabase.Serializable.ShipSerializable,GameDatabase.Database/Loader) (at Assets/Modules/Database/Scripts/DataModel/Ship.cs:26)
GameDatabase.DataModel.Ship:.ctor (GameDatabase.Serializable.ShipSerializable,GameDatabase.Database/Loader) (at Assets/Modules/Database/Scripts/GeneratedGameCode/DataModel/Ship.cs:49)
GameDatabase.DataModel.Ship:Create (GameDatabase.Serializable.ShipSerializable,GameDatabase.Database/Loader) (at Assets/Modules/Database/Scripts/GeneratedGameCode/DataModel/Ship.cs:22)
GameDatabase.Database/Loader:GetShip (GameDatabase.Model.ItemId`1<GameDatabase.DataModel.Ship>,bool) (at Assets/Modules/Database/Scripts/GeneratedGameCode/Database.cs:535)
GameDatabase.DataModel.ShipBuild:.ctor (GameDatabase.Serializable.ShipBuildSerializable,GameDatabase.Database/Loader) (at Assets/Modules/Database/Scripts/GeneratedGameCode/DataModel/ShipBuild.cs:30)
GameDatabase.DataModel.ShipBuild:Create (GameDatabase.Serializable.ShipBuildSerializable,GameDatabase.Database/Loader) (at Assets/Modules/Database/Scripts/GeneratedGameCode/DataModel/ShipBuild.cs:22)
GameDatabase.Database/Loader:GetShipBuild (GameDatabase.Model.ItemId`1<GameDatabase.DataModel.ShipBuild>,bool) (at Assets/Modules/Database/Scripts/GeneratedGameCode/Database.cs:545)
GameDatabase.DataModel.Component:.ctor (GameDatabase.Serializable.ComponentSerializable,GameDatabase.Database/Loader) (at Assets/Modules/Database/Scripts/GeneratedGameCode/DataModel/Component.cs:49)
GameDatabase.DataModel.Component:Create (GameDatabase.Serializable.ComponentSerializable,GameDatabase.Database/Loader) (at Assets/Modules/Database/Scripts/GeneratedGameCode/DataModel/Component.cs:22)
GameDatabase.Database/Loader:Load () (at Assets/Modules/Database/Scripts/GeneratedGameCode/Database.cs:287)
GameDatabase.Database/Loader:Load (GameDatabase.Database,GameDatabase.Storage.DatabaseContent) (at Assets/Modules/Database/Scripts/GeneratedGameCode/Database.cs:271)
GameDatabase.Database:Load (GameDatabase.Storage.IDataStorage) (at Assets/Modules/Database/Scripts/Database.cs:153)
GameDatabase.Database:LoadDefault () (at Assets/Modules/Database/Scripts/Database.cs:94)
ReUI.Editor.ReUIValidation:ValidateBeta7 () (at Assets/ReUI/Editor/ReUIValidation.cs:571)
ReUI.Editor.ReUIValidation:ValidateBeta81 () (at Assets/ReUI/Editor/ReUIValidation.cs:664)
ReUI.Editor.ReUIValidation:ValidateBeta82 () (at Assets/ReUI/Editor/ReUIValidation.cs:783)
ReUI.Editor.ReUIValidation:ValidateBeta83 () (at Assets/ReUI/Editor/ReUIValidation.cs:811)
ReUI.Editor.ReUIValidation:ValidateBeta84 () (at Assets/ReUI/Editor/ReUIValidation.cs:928)
ReUI.Editor.ReUIQuickAndroidBuild:Build () (at Assets/ReUI/Editor/ReUIQuickAndroidBuild.cs:60)

(Filename: Assets/ModulesShared/Diagnostics/Scripts/Debug.cs Line: 35)

barrels do not fit layout 164
UnityEngine.Debug:ExtractStackTraceNoAlloc (byte*,int,string)
UnityEngine.StackTraceUtility:ExtractStackTrace ()
UnityEngine.DebugLogHandler:Internal_Log (UnityEngine.LogType,UnityEngine.LogOption,string,UnityEngine.Object)
UnityEngine.DebugLogHandler:LogFormat (UnityEngine.LogType,UnityEngine.Object,string,object[])
UnityEngine.Logger:Log (UnityEngine.LogType,object,UnityEngine.Object)
UnityEngine.Debug:LogError (object,UnityEngine.Object)
GameDiagnostics.UnityLogger:LogError (string,UnityEngine.GameObject) (at Assets/ModulesShared/Diagnostics/Scripts/UnityLogger.cs:9)
GameDiagnostics.Trace:LogError (string) (at Assets/ModulesShared/Diagnostics/Scripts/Debug.cs:35)
GameDatabase.Utils.BarrelConverter:Convert (GameDatabase.Model.Layout,GameDatabase.Serializable.BarrelSerializable[],int) (at Assets/Modules/Database/Scripts/Utils/BarrelConverter.cs:20)
GameDatabase.DataModel.Ship:OnDataDeserialized (GameDatabase.Serializable.ShipSerializable,GameDatabase.Database/Loader) (at Assets/Modules/Database/Scripts/DataModel/Ship.cs:26)
GameDatabase.DataModel.Ship:.ctor (GameDatabase.Serializable.ShipSerializable,GameDatabase.Database/Loader) (at Assets/Modules/Database/Scripts/GeneratedGameCode/DataModel/Ship.cs:49)
GameDatabase.DataModel.Ship:Create (GameDatabase.Serializable.ShipSerializable,GameDatabase.Database/Loader) (at Assets/Modules/Database/Scripts/GeneratedGameCode/DataModel/Ship.cs:22)
GameDatabase.Database/Loader:Load () (at Assets/Modules/Database/Scripts/GeneratedGameCode/Database.cs:320)
GameDatabase.Database/Loader:Load (GameDatabase.Database,GameDatabase.Storage.DatabaseContent) (at Assets/Modules/Database/Scripts/GeneratedGameCode/Database.cs:271)
GameDatabase.Database:Load (GameDatabase.Storage.IDataStorage) (at Assets/Modules/Database/Scripts/Database.cs:153)
GameDatabase.Database:LoadDefault () (at Assets/Modules/Database/Scripts/Database.cs:94)
ReUI.Editor.ReUIValidation:ValidateBeta7 () (at Assets/ReUI/Editor/ReUIValidation.cs:571)
ReUI.Editor.ReUIValidation:ValidateBeta81 () (at Assets/ReUI/Editor/ReUIValidation.cs:664)
ReUI.Editor.ReUIValidation:ValidateBeta82 () (at Assets/ReUI/Editor/ReUIValidation.cs:783)
ReUI.Editor.ReUIValidation:ValidateBeta83 () (at Assets/ReUI/Editor/ReUIValidation.cs:811)
ReUI.Editor.ReUIValidation:ValidateBeta84 () (at Assets/ReUI/Editor/ReUIValidation.cs:928)
ReUI.Editor.ReUIQuickAndroidBuild:Build () (at Assets/ReUI/Editor/ReUIQuickAndroidBuild.cs:60)

(Filename: Assets/ModulesShared/Diagnostics/Scripts/Debug.cs Line: 35)

barrels do not fit layout 162
UnityEngine.Debug:ExtractStackTraceNoAlloc (byte*,int,string)
UnityEngine.StackTraceUtility:ExtractStackTrace ()
UnityEngine.DebugLogHandler:Internal_Log (UnityEngine.LogType,UnityEngine.LogOption,string,UnityEngine.Object)
UnityEngine.DebugLogHandler:LogFormat (UnityEngine.LogType,UnityEngine.Object,string,object[])
UnityEngine.Logger:Log (UnityEngine.LogType,object,UnityEngine.Object)
UnityEngine.Debug:LogError (object,UnityEngine.Object)
GameDiagnostics.UnityLogger:LogError (string,UnityEngine.GameObject) (at Assets/ModulesShared/Diagnostics/Scripts/UnityLogger.cs:9)
GameDiagnostics.Trace:LogError (string) (at Assets/ModulesShared/Diagnostics/Scripts/Debug.cs:35)
GameDatabase.Utils.BarrelConverter:Convert (GameDatabase.Model.Layout,GameDatabase.Serializable.BarrelSerializable[],int) (at Assets/Modules/Database/Scripts/Utils/BarrelConverter.cs:20)
GameDatabase.DataModel.Ship:OnDataDeserialized (GameDatabase.Serializable.ShipSerializable,GameDatabase.Database/Loader) (at Assets/Modules/Database/Scripts/DataModel/Ship.cs:26)
GameDatabase.DataModel.Ship:.ctor (GameDatabase.Serializable.ShipSerializable,GameDatabase.Database/Loader) (at Assets/Modules/Database/Scripts/GeneratedGameCode/DataModel/Ship.cs:49)
GameDatabase.DataModel.Ship:Create (GameDatabase.Serializable.ShipSerializable,GameDatabase.Database/Loader) (at Assets/Modules/Database/Scripts/GeneratedGameCode/DataModel/Ship.cs:22)
GameDatabase.Database/Loader:Load () (at Assets/Modules/Database/Scripts/GeneratedGameCode/Database.cs:320)
GameDatabase.Database/Loader:Load (GameDatabase.Database,GameDatabase.Storage.DatabaseContent) (at Assets/Modules/Database/Scripts/GeneratedGameCode/Database.cs:271)
GameDatabase.Database:Load (GameDatabase.Storage.IDataStorage) (at Assets/Modules/Database/Scripts/Database.cs:153)
GameDatabase.Database:LoadDefault () (at Assets/Modules/Database/Scripts/Database.cs:94)
ReUI.Editor.ReUIValidation:ValidateBeta7 () (at Assets/ReUI/Editor/ReUIValidation.cs:571)
ReUI.Editor.ReUIValidation:ValidateBeta81 () (at Assets/ReUI/Editor/ReUIValidation.cs:664)
ReUI.Editor.ReUIValidation:ValidateBeta82 () (at Assets/ReUI/Editor/ReUIValidation.cs:783)
ReUI.Editor.ReUIValidation:ValidateBeta83 () (at Assets/ReUI/Editor/ReUIValidation.cs:811)
ReUI.Editor.ReUIValidation:ValidateBeta84 () (at Assets/ReUI/Editor/ReUIValidation.cs:928)
ReUI.Editor.ReUIQuickAndroidBuild:Build () (at Assets/ReUI/Editor/ReUIQuickAndroidBuild.cs:60)

(Filename: Assets/ModulesShared/Diagnostics/Scripts/Debug.cs Line: 35)

barrels do not fit layout 165
UnityEngine.Debug:ExtractStackTraceNoAlloc (byte*,int,string)
UnityEngine.StackTraceUtility:ExtractStackTrace ()
UnityEngine.DebugLogHandler:Internal_Log (UnityEngine.LogType,UnityEngine.LogOption,string,UnityEngine.Object)
UnityEngine.DebugLogHandler:LogFormat (UnityEngine.LogType,UnityEngine.Object,string,object[])
UnityEngine.Logger:Log (UnityEngine.LogType,object,UnityEngine.Object)
UnityEngine.Debug:LogError (object,UnityEngine.Object)
GameDiagnostics.UnityLogger:LogError (string,UnityEngine.GameObject) (at Assets/ModulesShared/Diagnostics/Scripts/UnityLogger.cs:9)
GameDiagnostics.Trace:LogError (string) (at Assets/ModulesShared/Diagnostics/Scripts/Debug.cs:35)
GameDatabase.Utils.BarrelConverter:Convert (GameDatabase.Model.Layout,GameDatabase.Serializable.BarrelSerializable[],int) (at Assets/Modules/Database/Scripts/Utils/BarrelConverter.cs:20)
GameDatabase.DataModel.Ship:OnDataDeserialized (GameDatabase.Serializable.ShipSerializable,GameDatabase.Database/Loader) (at Assets/Modules/Database/Scripts/DataModel/Ship.cs:26)
GameDatabase.DataModel.Ship:.ctor (GameDatabase.Serializable.ShipSerializable,GameDatabase.Database/Loader) (at Assets/Modules/Database/Scripts/GeneratedGameCode/DataModel/Ship.cs:49)
GameDatabase.DataModel.Ship:Create (GameDatabase.Serializable.ShipSerializable,GameDatabase.Database/Loader) (at Assets/Modules/Database/Scripts/GeneratedGameCode/DataModel/Ship.cs:22)
GameDatabase.Database/Loader:Load () (at Assets/Modules/Database/Scripts/GeneratedGameCode/Database.cs:320)
GameDatabase.Database/Loader:Load (GameDatabase.Database,GameDatabase.Storage.DatabaseContent) (at Assets/Modules/Database/Scripts/GeneratedGameCode/Database.cs:271)
GameDatabase.Database:Load (GameDatabase.Storage.IDataStorage) (at Assets/Modules/Database/Scripts/Database.cs:153)
GameDatabase.Database:LoadDefault () (at Assets/Modules/Database/Scripts/Database.cs:94)
ReUI.Editor.ReUIValidation:ValidateBeta7 () (at Assets/ReUI/Editor/ReUIValidation.cs:571)
ReUI.Editor.ReUIValidation:ValidateBeta81 () (at Assets/ReUI/Editor/ReUIValidation.cs:664)
ReUI.Editor.ReUIValidation:ValidateBeta82 () (at Assets/ReUI/Editor/ReUIValidation.cs:783)
ReUI.Editor.ReUIValidation:ValidateBeta83 () (at Assets/ReUI/Editor/ReUIValidation.cs:811)
ReUI.Editor.ReUIValidation:ValidateBeta84 () (at Assets/ReUI/Editor/ReUIValidation.cs:928)
ReUI.Editor.ReUIQuickAndroidBuild:Build () (at Assets/ReUI/Editor/ReUIQuickAndroidBuild.cs:60)

(Filename: Assets/ModulesShared/Diagnostics/Scripts/Debug.cs Line: 35)

barrels do not fit layout 161
UnityEngine.Debug:ExtractStackTraceNoAlloc (byte*,int,string)
UnityEngine.StackTraceUtility:ExtractStackTrace ()
UnityEngine.DebugLogHandler:Internal_Log (UnityEngine.LogType,UnityEngine.LogOption,string,UnityEngine.Object)
UnityEngine.DebugLogHandler:LogFormat (UnityEngine.LogType,UnityEngine.Object,string,object[])
UnityEngine.Logger:Log (UnityEngine.LogType,object,UnityEngine.Object)
UnityEngine.Debug:LogError (object,UnityEngine.Object)
GameDiagnostics.UnityLogger:LogError (string,UnityEngine.GameObject) (at Assets/ModulesShared/Diagnostics/Scripts/UnityLogger.cs:9)
GameDiagnostics.Trace:LogError (string) (at Assets/ModulesShared/Diagnostics/Scripts/Debug.cs:35)
GameDatabase.Utils.BarrelConverter:Convert (GameDatabase.Model.Layout,GameDatabase.Serializable.BarrelSerializable[],int) (at Assets/Modules/Database/Scripts/Utils/BarrelConverter.cs:20)
GameDatabase.DataModel.Ship:OnDataDeserialized (GameDatabase.Serializable.ShipSerializable,GameDatabase.Database/Loader) (at Assets/Modules/Database/Scripts/DataModel/Ship.cs:26)
GameDatabase.DataModel.Ship:.ctor (GameDatabase.Serializable.ShipSerializable,GameDatabase.Database/Loader) (at Assets/Modules/Database/Scripts/GeneratedGameCode/DataModel/Ship.cs:49)
GameDatabase.DataModel.Ship:Create (GameDatabase.Serializable.ShipSerializable,GameDatabase.Database/Loader) (at Assets/Modules/Database/Scripts/GeneratedGameCode/DataModel/Ship.cs:22)
GameDatabase.Database/Loader:Load () (at Assets/Modules/Database/Scripts/GeneratedGameCode/Database.cs:320)
GameDatabase.Database/Loader:Load (GameDatabase.Database,GameDatabase.Storage.DatabaseContent) (at Assets/Modules/Database/Scripts/GeneratedGameCode/Database.cs:271)
GameDatabase.Database:Load (GameDatabase.Storage.IDataStorage) (at Assets/Modules/Database/Scripts/Database.cs:153)
GameDatabase.Database:LoadDefault () (at Assets/Modules/Database/Scripts/Database.cs:94)
ReUI.Editor.ReUIValidation:ValidateBeta7 () (at Assets/ReUI/Editor/ReUIValidation.cs:571)
ReUI.Editor.ReUIValidation:ValidateBeta81 () (at Assets/ReUI/Editor/ReUIValidation.cs:664)
ReUI.Editor.ReUIValidation:ValidateBeta82 () (at Assets/ReUI/Editor/ReUIValidation.cs:783)
ReUI.Editor.ReUIValidation:ValidateBeta83 () (at Assets/ReUI/Editor/ReUIValidation.cs:811)
ReUI.Editor.ReUIValidation:ValidateBeta84 () (at Assets/ReUI/Editor/ReUIValidation.cs:928)
ReUI.Editor.ReUIQuickAndroidBuild:Build () (at Assets/ReUI/Editor/ReUIQuickAndroidBuild.cs:60)

(Filename: Assets/ModulesShared/Diagnostics/Scripts/Debug.cs Line: 35)

barrels do not fit layout 94000
UnityEngine.Debug:ExtractStackTraceNoAlloc (byte*,int,string)
UnityEngine.StackTraceUtility:ExtractStackTrace ()
UnityEngine.DebugLogHandler:Internal_Log (UnityEngine.LogType,UnityEngine.LogOption,string,UnityEngine.Object)
UnityEngine.DebugLogHandler:LogFormat (UnityEngine.LogType,UnityEngine.Object,string,object[])
UnityEngine.Logger:Log (UnityEngine.LogType,object,UnityEngine.Object)
UnityEngine.Debug:LogError (object,UnityEngine.Object)
GameDiagnostics.UnityLogger:LogError (string,UnityEngine.GameObject) (at Assets/ModulesShared/Diagnostics/Scripts/UnityLogger.cs:9)
GameDiagnostics.Trace:LogError (string) (at Assets/ModulesShared/Diagnostics/Scripts/Debug.cs:35)
GameDatabase.Utils.BarrelConverter:Convert (GameDatabase.Model.Layout,GameDatabase.Serializable.BarrelSerializable[],int) (at Assets/Modules/Database/Scripts/Utils/BarrelConverter.cs:20)
GameDatabase.DataModel.Ship:OnDataDeserialized (GameDatabase.Serializable.ShipSerializable,GameDatabase.Database/Loader) (at Assets/Modules/Database/Scripts/DataModel/Ship.cs:26)
GameDatabase.DataModel.Ship:.ctor (GameDatabase.Serializable.ShipSerializable,GameDatabase.Database/Loader) (at Assets/Modules/Database/Scripts/GeneratedGameCode/DataModel/Ship.cs:49)
GameDatabase.DataModel.Ship:Create (GameDatabase.Serializable.ShipSerializable,GameDatabase.Database/Loader) (at Assets/Modules/Database/Scripts/GeneratedGameCode/DataModel/Ship.cs:22)
GameDatabase.Database/Loader:Load () (at Assets/Modules/Database/Scripts/GeneratedGameCode/Database.cs:320)
GameDatabase.Database/Loader:Load (GameDatabase.Database,GameDatabase.Storage.DatabaseContent) (at Assets/Modules/Database/Scripts/GeneratedGameCode/Database.cs:271)
GameDatabase.Database:Load (GameDatabase.Storage.IDataStorage) (at Assets/Modules/Database/Scripts/Database.cs:153)
GameDatabase.Database:LoadDefault () (at Assets/Modules/Database/Scripts/Database.cs:94)
ReUI.Editor.ReUIValidation:ValidateBeta7 () (at Assets/ReUI/Editor/ReUIValidation.cs:571)
ReUI.Editor.ReUIValidation:ValidateBeta81 () (at Assets/ReUI/Editor/ReUIValidation.cs:664)
ReUI.Editor.ReUIValidation:ValidateBeta82 () (at Assets/ReUI/Editor/ReUIValidation.cs:783)
ReUI.Editor.ReUIValidation:ValidateBeta83 () (at Assets/ReUI/Editor/ReUIValidation.cs:811)
ReUI.Editor.ReUIValidation:ValidateBeta84 () (at Assets/ReUI/Editor/ReUIValidation.cs:928)
ReUI.Editor.ReUIQuickAndroidBuild:Build () (at Assets/ReUI/Editor/ReUIQuickAndroidBuild.cs:60)

(Filename: Assets/ModulesShared/Diagnostics/Scripts/Debug.cs Line: 35)

barrels do not fit layout 1145141
UnityEngine.Debug:ExtractStackTraceNoAlloc (byte*,int,string)
UnityEngine.StackTraceUtility:ExtractStackTrace ()
UnityEngine.DebugLogHandler:Internal_Log (UnityEngine.LogType,UnityEngine.LogOption,string,UnityEngine.Object)
UnityEngine.DebugLogHandler:LogFormat (UnityEngine.LogType,UnityEngine.Object,string,object[])
UnityEngine.Logger:Log (UnityEngine.LogType,object,UnityEngine.Object)
UnityEngine.Debug:LogError (object,UnityEngine.Object)
GameDiagnostics.UnityLogger:LogError (string,UnityEngine.GameObject) (at Assets/ModulesShared/Diagnostics/Scripts/UnityLogger.cs:9)
GameDiagnostics.Trace:LogError (string) (at Assets/ModulesShared/Diagnostics/Scripts/Debug.cs:35)
GameDatabase.Utils.BarrelConverter:Convert (GameDatabase.Model.Layout,GameDatabase.Serializable.BarrelSerializable[],int) (at Assets/Modules/Database/Scripts/Utils/BarrelConverter.cs:20)
GameDatabase.DataModel.Ship:OnDataDeserialized (GameDatabase.Serializable.ShipSerializable,GameDatabase.Database/Loader) (at Assets/Modules/Database/Scripts/DataModel/Ship.cs:26)
GameDatabase.DataModel.Ship:.ctor (GameDatabase.Serializable.ShipSerializable,GameDatabase.Database/Loader) (at Assets/Modules/Database/Scripts/GeneratedGameCode/DataModel/Ship.cs:49)
GameDatabase.DataModel.Ship:Create (GameDatabase.Serializable.ShipSerializable,GameDatabase.Database/Loader) (at Assets/Modules/Database/Scripts/GeneratedGameCode/DataModel/Ship.cs:22)
GameDatabase.Database/Loader:Load () (at Assets/Modules/Database/Scripts/GeneratedGameCode/Database.cs:320)
GameDatabase.Database/Loader:Load (GameDatabase.Database,GameDatabase.Storage.DatabaseContent) (at Assets/Modules/Database/Scripts/GeneratedGameCode/Database.cs:271)
GameDatabase.Database:Load (GameDatabase.Storage.IDataStorage) (at Assets/Modules/Database/Scripts/Database.cs:153)
GameDatabase.Database:LoadDefault () (at Assets/Modules/Database/Scripts/Database.cs:94)
ReUI.Editor.ReUIValidation:ValidateBeta7 () (at Assets/ReUI/Editor/ReUIValidation.cs:571)
ReUI.Editor.ReUIValidation:ValidateBeta81 () (at Assets/ReUI/Editor/ReUIValidation.cs:664)
ReUI.Editor.ReUIValidation:ValidateBeta82 () (at Assets/ReUI/Editor/ReUIValidation.cs:783)
ReUI.Editor.ReUIValidation:ValidateBeta83 () (at Assets/ReUI/Editor/ReUIValidation.cs:811)
ReUI.Editor.ReUIValidation:ValidateBeta84 () (at Assets/ReUI/Editor/ReUIValidation.cs:928)
ReUI.Editor.ReUIQuickAndroidBuild:Build () (at Assets/ReUI/Editor/ReUIQuickAndroidBuild.cs:60)

(Filename: Assets/ModulesShared/Diagnostics/Scripts/Debug.cs Line: 35)

barrels do not fit layout 1145142
UnityEngine.Debug:ExtractStackTraceNoAlloc (byte*,int,string)
UnityEngine.StackTraceUtility:ExtractStackTrace ()
UnityEngine.DebugLogHandler:Internal_Log (UnityEngine.LogType,UnityEngine.LogOption,string,UnityEngine.Object)
UnityEngine.DebugLogHandler:LogFormat (UnityEngine.LogType,UnityEngine.Object,string,object[])
UnityEngine.Logger:Log (UnityEngine.LogType,object,UnityEngine.Object)
UnityEngine.Debug:LogError (object,UnityEngine.Object)
GameDiagnostics.UnityLogger:LogError (string,UnityEngine.GameObject) (at Assets/ModulesShared/Diagnostics/Scripts/UnityLogger.cs:9)
GameDiagnostics.Trace:LogError (string) (at Assets/ModulesShared/Diagnostics/Scripts/Debug.cs:35)
GameDatabase.Utils.BarrelConverter:Convert (GameDatabase.Model.Layout,GameDatabase.Serializable.BarrelSerializable[],int) (at Assets/Modules/Database/Scripts/Utils/BarrelConverter.cs:20)
GameDatabase.DataModel.Ship:OnDataDeserialized (GameDatabase.Serializable.ShipSerializable,GameDatabase.Database/Loader) (at Assets/Modules/Database/Scripts/DataModel/Ship.cs:26)
GameDatabase.DataModel.Ship:.ctor (GameDatabase.Serializable.ShipSerializable,GameDatabase.Database/Loader) (at Assets/Modules/Database/Scripts/GeneratedGameCode/DataModel/Ship.cs:49)
GameDatabase.DataModel.Ship:Create (GameDatabase.Serializable.ShipSerializable,GameDatabase.Database/Loader) (at Assets/Modules/Database/Scripts/GeneratedGameCode/DataModel/Ship.cs:22)
GameDatabase.Database/Loader:Load () (at Assets/Modules/Database/Scripts/GeneratedGameCode/Database.cs:320)
GameDatabase.Database/Loader:Load (GameDatabase.Database,GameDatabase.Storage.DatabaseContent) (at Assets/Modules/Database/Scripts/GeneratedGameCode/Database.cs:271)
GameDatabase.Database:Load (GameDatabase.Storage.IDataStorage) (at Assets/Modules/Database/Scripts/Database.cs:153)
GameDatabase.Database:LoadDefault () (at Assets/Modules/Database/Scripts/Database.cs:94)
ReUI.Editor.ReUIValidation:ValidateBeta7 () (at Assets/ReUI/Editor/ReUIValidation.cs:571)
ReUI.Editor.ReUIValidation:ValidateBeta81 () (at Assets/ReUI/Editor/ReUIValidation.cs:664)
ReUI.Editor.ReUIValidation:ValidateBeta82 () (at Assets/ReUI/Editor/ReUIValidation.cs:783)
ReUI.Editor.ReUIValidation:ValidateBeta83 () (at Assets/ReUI/Editor/ReUIValidation.cs:811)
ReUI.Editor.ReUIValidation:ValidateBeta84 () (at Assets/ReUI/Editor/ReUIValidation.cs:928)
ReUI.Editor.ReUIQuickAndroidBuild:Build () (at Assets/ReUI/Editor/ReUIQuickAndroidBuild.cs:60)

(Filename: Assets/ModulesShared/Diagnostics/Scripts/Debug.cs Line: 35)

barrels do not fit layout 114514
UnityEngine.Debug:ExtractStackTraceNoAlloc (byte*,int,string)
UnityEngine.StackTraceUtility:ExtractStackTrace ()
UnityEngine.DebugLogHandler:Internal_Log (UnityEngine.LogType,UnityEngine.LogOption,string,UnityEngine.Object)
UnityEngine.DebugLogHandler:LogFormat (UnityEngine.LogType,UnityEngine.Object,string,object[])
UnityEngine.Logger:Log (UnityEngine.LogType,object,UnityEngine.Object)
UnityEngine.Debug:LogError (object,UnityEngine.Object)
GameDiagnostics.UnityLogger:LogError (string,UnityEngine.GameObject) (at Assets/ModulesShared/Diagnostics/Scripts/UnityLogger.cs:9)
GameDiagnostics.Trace:LogError (string) (at Assets/ModulesShared/Diagnostics/Scripts/Debug.cs:35)
GameDatabase.Utils.BarrelConverter:Convert (GameDatabase.Model.Layout,GameDatabase.Serializable.BarrelSerializable[],int) (at Assets/Modules/Database/Scripts/Utils/BarrelConverter.cs:20)
GameDatabase.DataModel.Ship:OnDataDeserialized (GameDatabase.Serializable.ShipSerializable,GameDatabase.Database/Loader) (at Assets/Modules/Database/Scripts/DataModel/Ship.cs:26)
GameDatabase.DataModel.Ship:.ctor (GameDatabase.Serializable.ShipSerializable,GameDatabase.Database/Loader) (at Assets/Modules/Database/Scripts/GeneratedGameCode/DataModel/Ship.cs:49)
GameDatabase.DataModel.Ship:Create (GameDatabase.Serializable.ShipSerializable,GameDatabase.Database/Loader) (at Assets/Modules/Database/Scripts/GeneratedGameCode/DataModel/Ship.cs:22)
GameDatabase.Database/Loader:Load () (at Assets/Modules/Database/Scripts/GeneratedGameCode/Database.cs:320)
GameDatabase.Database/Loader:Load (GameDatabase.Database,GameDatabase.Storage.DatabaseContent) (at Assets/Modules/Database/Scripts/GeneratedGameCode/Database.cs:271)
GameDatabase.Database:Load (GameDatabase.Storage.IDataStorage) (at Assets/Modules/Database/Scripts/Database.cs:153)
GameDatabase.Database:LoadDefault () (at Assets/Modules/Database/Scripts/Database.cs:94)
ReUI.Editor.ReUIValidation:ValidateBeta7 () (at Assets/ReUI/Editor/ReUIValidation.cs:571)
ReUI.Editor.ReUIValidation:ValidateBeta81 () (at Assets/ReUI/Editor/ReUIValidation.cs:664)
ReUI.Editor.ReUIValidation:ValidateBeta82 () (at Assets/ReUI/Editor/ReUIValidation.cs:783)
ReUI.Editor.ReUIValidation:ValidateBeta83 () (at Assets/ReUI/Editor/ReUIValidation.cs:811)
ReUI.Editor.ReUIValidation:ValidateBeta84 () (at Assets/ReUI/Editor/ReUIValidation.cs:928)
ReUI.Editor.ReUIQuickAndroidBuild:Build () (at Assets/ReUI/Editor/ReUIQuickAndroidBuild.cs:60)

(Filename: Assets/ModulesShared/Diagnostics/Scripts/Debug.cs Line: 35)

[Beta7 Validation] wanNianFengXue=smaller-and-five-tap-grant, ballLightning=removed-from-all-presets, externalModPainting=source-namespaced, beautifulProminence=parallel-offer-three-stages-four-high-resolution-images-blueprint-reward
Asset Pipeline Refresh (id=e8ccf302408aa6d49a245d9f5e2f053e): Total: 0.002 seconds - Initiated by RefreshV2(NoUpdateAssetOptions)
barrels do not fit layout 163
UnityEngine.Debug:ExtractStackTraceNoAlloc (byte*,int,string)
UnityEngine.StackTraceUtility:ExtractStackTrace ()
UnityEngine.DebugLogHandler:Internal_Log (UnityEngine.LogType,UnityEngine.LogOption,string,UnityEngine.Object)
UnityEngine.DebugLogHandler:LogFormat (UnityEngine.LogType,UnityEngine.Object,string,object[])
UnityEngine.Logger:Log (UnityEngine.LogType,object,UnityEngine.Object)
UnityEngine.Debug:LogError (object,UnityEngine.Object)
GameDiagnostics.UnityLogger:LogError (string,UnityEngine.GameObject) (at Assets/ModulesShared/Diagnostics/Scripts/UnityLogger.cs:9)
GameDiagnostics.Trace:LogError (string) (at Assets/ModulesShared/Diagnostics/Scripts/Debug.cs:35)
GameDatabase.Utils.BarrelConverter:Convert (GameDatabase.Model.Layout,GameDatabase.Serializable.BarrelSerializable[],int) (at Assets/Modules/Database/Scripts/Utils/BarrelConverter.cs:20)
GameDatabase.DataModel.Ship:OnDataDeserialized (GameDatabase.Serializable.ShipSerializable,GameDatabase.Database/Loader) (at Assets/Modules/Database/Scripts/DataModel/Ship.cs:26)
GameDatabase.DataModel.Ship:.ctor (GameDatabase.Serializable.ShipSerializable,GameDatabase.Database/Loader) (at Assets/Modules/Database/Scripts/GeneratedGameCode/DataModel/Ship.cs:49)
GameDatabase.DataModel.Ship:Create (GameDatabase.Serializable.ShipSerializable,GameDatabase.Database/Loader) (at Assets/Modules/Database/Scripts/GeneratedGameCode/DataModel/Ship.cs:22)
GameDatabase.Database/Loader:GetShip (GameDatabase.Model.ItemId`1<GameDatabase.DataModel.Ship>,bool) (at Assets/Modules/Database/Scripts/GeneratedGameCode/Database.cs:535)
GameDatabase.DataModel.ShipBuild:.ctor (GameDatabase.Serializable.ShipBuildSerializable,GameDatabase.Database/Loader) (at Assets/Modules/Database/Scripts/GeneratedGameCode/DataModel/ShipBuild.cs:30)
GameDatabase.DataModel.ShipBuild:Create (GameDatabase.Serializable.ShipBuildSerializable,GameDatabase.Database/Loader) (at Assets/Modules/Database/Scripts/GeneratedGameCode/DataModel/ShipBuild.cs:22)
GameDatabase.Database/Loader:GetShipBuild (GameDatabase.Model.ItemId`1<GameDatabase.DataModel.ShipBuild>,bool) (at Assets/Modules/Database/Scripts/GeneratedGameCode/Database.cs:545)
GameDatabase.DataModel.Component:.ctor (GameDatabase.Serializable.ComponentSerializable,GameDatabase.Database/Loader) (at Assets/Modules/Database/Scripts/GeneratedGameCode/DataModel/Component.cs:49)
GameDatabase.DataModel.Component:Create (GameDatabase.Serializable.ComponentSerializable,GameDatabase.Database/Loader) (at Assets/Modules/Database/Scripts/GeneratedGameCode/DataModel/Component.cs:22)
GameDatabase.Database/Loader:Load () (at Assets/Modules/Database/Scripts/GeneratedGameCode/Database.cs:287)
GameDatabase.Database/Loader:Load (GameDatabase.Database,GameDatabase.Storage.DatabaseContent) (at Assets/Modules/Database/Scripts/GeneratedGameCode/Database.cs:271)
GameDatabase.Database:Load (GameDatabase.Storage.IDataStorage) (at Assets/Modules/Database/Scripts/Database.cs:153)
GameDatabase.Database:LoadDefault () (at Assets/Modules/Database/Scripts/Database.cs:94)
ReUI.Editor.ReUIValidation:ValidateBeta81 () (at Assets/ReUI/Editor/ReUIValidation.cs:667)
ReUI.Editor.ReUIValidation:ValidateBeta82 () (at Assets/ReUI/Editor/ReUIValidation.cs:783)
ReUI.Editor.ReUIValidation:ValidateBeta83 () (at Assets/ReUI/Editor/ReUIValidation.cs:811)
ReUI.Editor.ReUIValidation:ValidateBeta84 () (at Assets/ReUI/Editor/ReUIValidation.cs:928)
ReUI.Editor.ReUIQuickAndroidBuild:Build () (at Assets/ReUI/Editor/ReUIQuickAndroidBuild.cs:60)

(Filename: Assets/ModulesShared/Diagnostics/Scripts/Debug.cs Line: 35)

barrels do not fit layout 164
UnityEngine.Debug:ExtractStackTraceNoAlloc (byte*,int,string)
UnityEngine.StackTraceUtility:ExtractStackTrace ()
UnityEngine.DebugLogHandler:Internal_Log (UnityEngine.LogType,UnityEngine.LogOption,string,UnityEngine.Object)
UnityEngine.DebugLogHandler:LogFormat (UnityEngine.LogType,UnityEngine.Object,string,object[])
UnityEngine.Logger:Log (UnityEngine.LogType,object,UnityEngine.Object)
UnityEngine.Debug:LogError (object,UnityEngine.Object)
GameDiagnostics.UnityLogger:LogError (string,UnityEngine.GameObject) (at Assets/ModulesShared/Diagnostics/Scripts/UnityLogger.cs:9)
GameDiagnostics.Trace:LogError (string) (at Assets/ModulesShared/Diagnostics/Scripts/Debug.cs:35)
GameDatabase.Utils.BarrelConverter:Convert (GameDatabase.Model.Layout,GameDatabase.Serializable.BarrelSerializable[],int) (at Assets/Modules/Database/Scripts/Utils/BarrelConverter.cs:20)
GameDatabase.DataModel.Ship:OnDataDeserialized (GameDatabase.Serializable.ShipSerializable,GameDatabase.Database/Loader) (at Assets/Modules/Database/Scripts/DataModel/Ship.cs:26)
GameDatabase.DataModel.Ship:.ctor (GameDatabase.Serializable.ShipSerializable,GameDatabase.Database/Loader) (at Assets/Modules/Database/Scripts/GeneratedGameCode/DataModel/Ship.cs:49)
GameDatabase.DataModel.Ship:Create (GameDatabase.Serializable.ShipSerializable,GameDatabase.Database/Loader) (at Assets/Modules/Database/Scripts/GeneratedGameCode/DataModel/Ship.cs:22)
GameDatabase.Database/Loader:Load () (at Assets/Modules/Database/Scripts/GeneratedGameCode/Database.cs:320)
GameDatabase.Database/Loader:Load (GameDatabase.Database,GameDatabase.Storage.DatabaseContent) (at Assets/Modules/Database/Scripts/GeneratedGameCode/Database.cs:271)
GameDatabase.Database:Load (GameDatabase.Storage.IDataStorage) (at Assets/Modules/Database/Scripts/Database.cs:153)
GameDatabase.Database:LoadDefault () (at Assets/Modules/Database/Scripts/Database.cs:94)
ReUI.Editor.ReUIValidation:ValidateBeta81 () (at Assets/ReUI/Editor/ReUIValidation.cs:667)
ReUI.Editor.ReUIValidation:ValidateBeta82 () (at Assets/ReUI/Editor/ReUIValidation.cs:783)
ReUI.Editor.ReUIValidation:ValidateBeta83 () (at Assets/ReUI/Editor/ReUIValidation.cs:811)
ReUI.Editor.ReUIValidation:ValidateBeta84 () (at Assets/ReUI/Editor/ReUIValidation.cs:928)
ReUI.Editor.ReUIQuickAndroidBuild:Build () (at Assets/ReUI/Editor/ReUIQuickAndroidBuild.cs:60)

(Filename: Assets/ModulesShared/Diagnostics/Scripts/Debug.cs Line: 35)

barrels do not fit layout 162
UnityEngine.Debug:ExtractStackTraceNoAlloc (byte*,int,string)
UnityEngine.StackTraceUtility:ExtractStackTrace ()
UnityEngine.DebugLogHandler:Internal_Log (UnityEngine.LogType,UnityEngine.LogOption,string,UnityEngine.Object)
UnityEngine.DebugLogHandler:LogFormat (UnityEngine.LogType,UnityEngine.Object,string,object[])
UnityEngine.Logger:Log (UnityEngine.LogType,object,UnityEngine.Object)
UnityEngine.Debug:LogError (object,UnityEngine.Object)
GameDiagnostics.UnityLogger:LogError (string,UnityEngine.GameObject) (at Assets/ModulesShared/Diagnostics/Scripts/UnityLogger.cs:9)
GameDiagnostics.Trace:LogError (string) (at Assets/ModulesShared/Diagnostics/Scripts/Debug.cs:35)
GameDatabase.Utils.BarrelConverter:Convert (GameDatabase.Model.Layout,GameDatabase.Serializable.BarrelSerializable[],int) (at Assets/Modules/Database/Scripts/Utils/BarrelConverter.cs:20)
GameDatabase.DataModel.Ship:OnDataDeserialized (GameDatabase.Serializable.ShipSerializable,GameDatabase.Database/Loader) (at Assets/Modules/Database/Scripts/DataModel/Ship.cs:26)
GameDatabase.DataModel.Ship:.ctor (GameDatabase.Serializable.ShipSerializable,GameDatabase.Database/Loader) (at Assets/Modules/Database/Scripts/GeneratedGameCode/DataModel/Ship.cs:49)
GameDatabase.DataModel.Ship:Create (GameDatabase.Serializable.ShipSerializable,GameDatabase.Database/Loader) (at Assets/Modules/Database/Scripts/GeneratedGameCode/DataModel/Ship.cs:22)
GameDatabase.Database/Loader:Load () (at Assets/Modules/Database/Scripts/GeneratedGameCode/Database.cs:320)
GameDatabase.Database/Loader:Load (GameDatabase.Database,GameDatabase.Storage.DatabaseContent) (at Assets/Modules/Database/Scripts/GeneratedGameCode/Database.cs:271)
GameDatabase.Database:Load (GameDatabase.Storage.IDataStorage) (at Assets/Modules/Database/Scripts/Database.cs:153)
GameDatabase.Database:LoadDefault () (at Assets/Modules/Database/Scripts/Database.cs:94)
ReUI.Editor.ReUIValidation:ValidateBeta81 () (at Assets/ReUI/Editor/ReUIValidation.cs:667)
ReUI.Editor.ReUIValidation:ValidateBeta82 () (at Assets/ReUI/Editor/ReUIValidation.cs:783)
ReUI.Editor.ReUIValidation:ValidateBeta83 () (at Assets/ReUI/Editor/ReUIValidation.cs:811)
ReUI.Editor.ReUIValidation:ValidateBeta84 () (at Assets/ReUI/Editor/ReUIValidation.cs:928)
ReUI.Editor.ReUIQuickAndroidBuild:Build () (at Assets/ReUI/Editor/ReUIQuickAndroidBuild.cs:60)

(Filename: Assets/ModulesShared/Diagnostics/Scripts/Debug.cs Line: 35)

barrels do not fit layout 165
UnityEngine.Debug:ExtractStackTraceNoAlloc (byte*,int,string)
UnityEngine.StackTraceUtility:ExtractStackTrace ()
UnityEngine.DebugLogHandler:Internal_Log (UnityEngine.LogType,UnityEngine.LogOption,string,UnityEngine.Object)
UnityEngine.DebugLogHandler:LogFormat (UnityEngine.LogType,UnityEngine.Object,string,object[])
UnityEngine.Logger:Log (UnityEngine.LogType,object,UnityEngine.Object)
UnityEngine.Debug:LogError (object,UnityEngine.Object)
GameDiagnostics.UnityLogger:LogError (string,UnityEngine.GameObject) (at Assets/ModulesShared/Diagnostics/Scripts/UnityLogger.cs:9)
GameDiagnostics.Trace:LogError (string) (at Assets/ModulesShared/Diagnostics/Scripts/Debug.cs:35)
GameDatabase.Utils.BarrelConverter:Convert (GameDatabase.Model.Layout,GameDatabase.Serializable.BarrelSerializable[],int) (at Assets/Modules/Database/Scripts/Utils/BarrelConverter.cs:20)
GameDatabase.DataModel.Ship:OnDataDeserialized (GameDatabase.Serializable.ShipSerializable,GameDatabase.Database/Loader) (at Assets/Modules/Database/Scripts/DataModel/Ship.cs:26)
GameDatabase.DataModel.Ship:.ctor (GameDatabase.Serializable.ShipSerializable,GameDatabase.Database/Loader) (at Assets/Modules/Database/Scripts/GeneratedGameCode/DataModel/Ship.cs:49)
GameDatabase.DataModel.Ship:Create (GameDatabase.Serializable.ShipSerializable,GameDatabase.Database/Loader) (at Assets/Modules/Database/Scripts/GeneratedGameCode/DataModel/Ship.cs:22)
GameDatabase.Database/Loader:Load () (at Assets/Modules/Database/Scripts/GeneratedGameCode/Database.cs:320)
GameDatabase.Database/Loader:Load (GameDatabase.Database,GameDatabase.Storage.DatabaseContent) (at Assets/Modules/Database/Scripts/GeneratedGameCode/Database.cs:271)
GameDatabase.Database:Load (GameDatabase.Storage.IDataStorage) (at Assets/Modules/Database/Scripts/Database.cs:153)
GameDatabase.Database:LoadDefault () (at Assets/Modules/Database/Scripts/Database.cs:94)
ReUI.Editor.ReUIValidation:ValidateBeta81 () (at Assets/ReUI/Editor/ReUIValidation.cs:667)
ReUI.Editor.ReUIValidation:ValidateBeta82 () (at Assets/ReUI/Editor/ReUIValidation.cs:783)
ReUI.Editor.ReUIValidation:ValidateBeta83 () (at Assets/ReUI/Editor/ReUIValidation.cs:811)
ReUI.Editor.ReUIValidation:ValidateBeta84 () (at Assets/ReUI/Editor/ReUIValidation.cs:928)
ReUI.Editor.ReUIQuickAndroidBuild:Build () (at Assets/ReUI/Editor/ReUIQuickAndroidBuild.cs:60)

(Filename: Assets/ModulesShared/Diagnostics/Scripts/Debug.cs Line: 35)

barrels do not fit layout 161
UnityEngine.Debug:ExtractStackTraceNoAlloc (byte*,int,string)
UnityEngine.StackTraceUtility:ExtractStackTrace ()
UnityEngine.DebugLogHandler:Internal_Log (UnityEngine.LogType,UnityEngine.LogOption,string,UnityEngine.Object)
UnityEngine.DebugLogHandler:LogFormat (UnityEngine.LogType,UnityEngine.Object,string,object[])
UnityEngine.Logger:Log (UnityEngine.LogType,object,UnityEngine.Object)
UnityEngine.Debug:LogError (object,UnityEngine.Object)
GameDiagnostics.UnityLogger:LogError (string,UnityEngine.GameObject) (at Assets/ModulesShared/Diagnostics/Scripts/UnityLogger.cs:9)
GameDiagnostics.Trace:LogError (string) (at Assets/ModulesShared/Diagnostics/Scripts/Debug.cs:35)
GameDatabase.Utils.BarrelConverter:Convert (GameDatabase.Model.Layout,GameDatabase.Serializable.BarrelSerializable[],int) (at Assets/Modules/Database/Scripts/Utils/BarrelConverter.cs:20)
GameDatabase.DataModel.Ship:OnDataDeserialized (GameDatabase.Serializable.ShipSerializable,GameDatabase.Database/Loader) (at Assets/Modules/Database/Scripts/DataModel/Ship.cs:26)
GameDatabase.DataModel.Ship:.ctor (GameDatabase.Serializable.ShipSerializable,GameDatabase.Database/Loader) (at Assets/Modules/Database/Scripts/GeneratedGameCode/DataModel/Ship.cs:49)
GameDatabase.DataModel.Ship:Create (GameDatabase.Serializable.ShipSerializable,GameDatabase.Database/Loader) (at Assets/Modules/Database/Scripts/GeneratedGameCode/DataModel/Ship.cs:22)
GameDatabase.Database/Loader:Load () (at Assets/Modules/Database/Scripts/GeneratedGameCode/Database.cs:320)
GameDatabase.Database/Loader:Load (GameDatabase.Database,GameDatabase.Storage.DatabaseContent) (at Assets/Modules/Database/Scripts/GeneratedGameCode/Database.cs:271)
GameDatabase.Database:Load (GameDatabase.Storage.IDataStorage) (at Assets/Modules/Database/Scripts/Database.cs:153)
GameDatabase.Database:LoadDefault () (at Assets/Modules/Database/Scripts/Database.cs:94)
ReUI.Editor.ReUIValidation:ValidateBeta81 () (at Assets/ReUI/Editor/ReUIValidation.cs:667)
ReUI.Editor.ReUIValidation:ValidateBeta82 () (at Assets/ReUI/Editor/ReUIValidation.cs:783)
ReUI.Editor.ReUIValidation:ValidateBeta83 () (at Assets/ReUI/Editor/ReUIValidation.cs:811)
ReUI.Editor.ReUIValidation:ValidateBeta84 () (at Assets/ReUI/Editor/ReUIValidation.cs:928)
ReUI.Editor.ReUIQuickAndroidBuild:Build () (at Assets/ReUI/Editor/ReUIQuickAndroidBuild.cs:60)

(Filename: Assets/ModulesShared/Diagnostics/Scripts/Debug.cs Line: 35)

barrels do not fit layout 94000
UnityEngine.Debug:ExtractStackTraceNoAlloc (byte*,int,string)
UnityEngine.StackTraceUtility:ExtractStackTrace ()
UnityEngine.DebugLogHandler:Internal_Log (UnityEngine.LogType,UnityEngine.LogOption,string,UnityEngine.Object)
UnityEngine.DebugLogHandler:LogFormat (UnityEngine.LogType,UnityEngine.Object,string,object[])
UnityEngine.Logger:Log (UnityEngine.LogType,object,UnityEngine.Object)
UnityEngine.Debug:LogError (object,UnityEngine.Object)
GameDiagnostics.UnityLogger:LogError (string,UnityEngine.GameObject) (at Assets/ModulesShared/Diagnostics/Scripts/UnityLogger.cs:9)
GameDiagnostics.Trace:LogError (string) (at Assets/ModulesShared/Diagnostics/Scripts/Debug.cs:35)
GameDatabase.Utils.BarrelConverter:Convert (GameDatabase.Model.Layout,GameDatabase.Serializable.BarrelSerializable[],int) (at Assets/Modules/Database/Scripts/Utils/BarrelConverter.cs:20)
GameDatabase.DataModel.Ship:OnDataDeserialized (GameDatabase.Serializable.ShipSerializable,GameDatabase.Database/Loader) (at Assets/Modules/Database/Scripts/DataModel/Ship.cs:26)
GameDatabase.DataModel.Ship:.ctor (GameDatabase.Serializable.ShipSerializable,GameDatabase.Database/Loader) (at Assets/Modules/Database/Scripts/GeneratedGameCode/DataModel/Ship.cs:49)
GameDatabase.DataModel.Ship:Create (GameDatabase.Serializable.ShipSerializable,GameDatabase.Database/Loader) (at Assets/Modules/Database/Scripts/GeneratedGameCode/DataModel/Ship.cs:22)
GameDatabase.Database/Loader:Load () (at Assets/Modules/Database/Scripts/GeneratedGameCode/Database.cs:320)
GameDatabase.Database/Loader:Load (GameDatabase.Database,GameDatabase.Storage.DatabaseContent) (at Assets/Modules/Database/Scripts/GeneratedGameCode/Database.cs:271)
GameDatabase.Database:Load (GameDatabase.Storage.IDataStorage) (at Assets/Modules/Database/Scripts/Database.cs:153)
GameDatabase.Database:LoadDefault () (at Assets/Modules/Database/Scripts/Database.cs:94)
ReUI.Editor.ReUIValidation:ValidateBeta81 () (at Assets/ReUI/Editor/ReUIValidation.cs:667)
ReUI.Editor.ReUIValidation:ValidateBeta82 () (at Assets/ReUI/Editor/ReUIValidation.cs:783)
ReUI.Editor.ReUIValidation:ValidateBeta83 () (at Assets/ReUI/Editor/ReUIValidation.cs:811)
ReUI.Editor.ReUIValidation:ValidateBeta84 () (at Assets/ReUI/Editor/ReUIValidation.cs:928)
ReUI.Editor.ReUIQuickAndroidBuild:Build () (at Assets/ReUI/Editor/ReUIQuickAndroidBuild.cs:60)

(Filename: Assets/ModulesShared/Diagnostics/Scripts/Debug.cs Line: 35)

barrels do not fit layout 1145141
UnityEngine.Debug:ExtractStackTraceNoAlloc (byte*,int,string)
UnityEngine.StackTraceUtility:ExtractStackTrace ()
UnityEngine.DebugLogHandler:Internal_Log (UnityEngine.LogType,UnityEngine.LogOption,string,UnityEngine.Object)
UnityEngine.DebugLogHandler:LogFormat (UnityEngine.LogType,UnityEngine.Object,string,object[])
UnityEngine.Logger:Log (UnityEngine.LogType,object,UnityEngine.Object)
UnityEngine.Debug:LogError (object,UnityEngine.Object)
GameDiagnostics.UnityLogger:LogError (string,UnityEngine.GameObject) (at Assets/ModulesShared/Diagnostics/Scripts/UnityLogger.cs:9)
GameDiagnostics.Trace:LogError (string) (at Assets/ModulesShared/Diagnostics/Scripts/Debug.cs:35)
GameDatabase.Utils.BarrelConverter:Convert (GameDatabase.Model.Layout,GameDatabase.Serializable.BarrelSerializable[],int) (at Assets/Modules/Database/Scripts/Utils/BarrelConverter.cs:20)
GameDatabase.DataModel.Ship:OnDataDeserialized (GameDatabase.Serializable.ShipSerializable,GameDatabase.Database/Loader) (at Assets/Modules/Database/Scripts/DataModel/Ship.cs:26)
GameDatabase.DataModel.Ship:.ctor (GameDatabase.Serializable.ShipSerializable,GameDatabase.Database/Loader) (at Assets/Modules/Database/Scripts/GeneratedGameCode/DataModel/Ship.cs:49)
GameDatabase.DataModel.Ship:Create (GameDatabase.Serializable.ShipSerializable,GameDatabase.Database/Loader) (at Assets/Modules/Database/Scripts/GeneratedGameCode/DataModel/Ship.cs:22)
GameDatabase.Database/Loader:Load () (at Assets/Modules/Database/Scripts/GeneratedGameCode/Database.cs:320)
GameDatabase.Database/Loader:Load (GameDatabase.Database,GameDatabase.Storage.DatabaseContent) (at Assets/Modules/Database/Scripts/GeneratedGameCode/Database.cs:271)
GameDatabase.Database:Load (GameDatabase.Storage.IDataStorage) (at Assets/Modules/Database/Scripts/Database.cs:153)
GameDatabase.Database:LoadDefault () (at Assets/Modules/Database/Scripts/Database.cs:94)
ReUI.Editor.ReUIValidation:ValidateBeta81 () (at Assets/ReUI/Editor/ReUIValidation.cs:667)
ReUI.Editor.ReUIValidation:ValidateBeta82 () (at Assets/ReUI/Editor/ReUIValidation.cs:783)
ReUI.Editor.ReUIValidation:ValidateBeta83 () (at Assets/ReUI/Editor/ReUIValidation.cs:811)
ReUI.Editor.ReUIValidation:ValidateBeta84 () (at Assets/ReUI/Editor/ReUIValidation.cs:928)
ReUI.Editor.ReUIQuickAndroidBuild:Build () (at Assets/ReUI/Editor/ReUIQuickAndroidBuild.cs:60)

(Filename: Assets/ModulesShared/Diagnostics/Scripts/Debug.cs Line: 35)

barrels do not fit layout 1145142
UnityEngine.Debug:ExtractStackTraceNoAlloc (byte*,int,string)
UnityEngine.StackTraceUtility:ExtractStackTrace ()
UnityEngine.DebugLogHandler:Internal_Log (UnityEngine.LogType,UnityEngine.LogOption,string,UnityEngine.Object)
UnityEngine.DebugLogHandler:LogFormat (UnityEngine.LogType,UnityEngine.Object,string,object[])
UnityEngine.Logger:Log (UnityEngine.LogType,object,UnityEngine.Object)
UnityEngine.Debug:LogError (object,UnityEngine.Object)
GameDiagnostics.UnityLogger:LogError (string,UnityEngine.GameObject) (at Assets/ModulesShared/Diagnostics/Scripts/UnityLogger.cs:9)
GameDiagnostics.Trace:LogError (string) (at Assets/ModulesShared/Diagnostics/Scripts/Debug.cs:35)
GameDatabase.Utils.BarrelConverter:Convert (GameDatabase.Model.Layout,GameDatabase.Serializable.BarrelSerializable[],int) (at Assets/Modules/Database/Scripts/Utils/BarrelConverter.cs:20)
GameDatabase.DataModel.Ship:OnDataDeserialized (GameDatabase.Serializable.ShipSerializable,GameDatabase.Database/Loader) (at Assets/Modules/Database/Scripts/DataModel/Ship.cs:26)
GameDatabase.DataModel.Ship:.ctor (GameDatabase.Serializable.ShipSerializable,GameDatabase.Database/Loader) (at Assets/Modules/Database/Scripts/GeneratedGameCode/DataModel/Ship.cs:49)
GameDatabase.DataModel.Ship:Create (GameDatabase.Serializable.ShipSerializable,GameDatabase.Database/Loader) (at Assets/Modules/Database/Scripts/GeneratedGameCode/DataModel/Ship.cs:22)
GameDatabase.Database/Loader:Load () (at Assets/Modules/Database/Scripts/GeneratedGameCode/Database.cs:320)
GameDatabase.Database/Loader:Load (GameDatabase.Database,GameDatabase.Storage.DatabaseContent) (at Assets/Modules/Database/Scripts/GeneratedGameCode/Database.cs:271)
GameDatabase.Database:Load (GameDatabase.Storage.IDataStorage) (at Assets/Modules/Database/Scripts/Database.cs:153)
GameDatabase.Database:LoadDefault () (at Assets/Modules/Database/Scripts/Database.cs:94)
ReUI.Editor.ReUIValidation:ValidateBeta81 () (at Assets/ReUI/Editor/ReUIValidation.cs:667)
ReUI.Editor.ReUIValidation:ValidateBeta82 () (at Assets/ReUI/Editor/ReUIValidation.cs:783)
ReUI.Editor.ReUIValidation:ValidateBeta83 () (at Assets/ReUI/Editor/ReUIValidation.cs:811)
ReUI.Editor.ReUIValidation:ValidateBeta84 () (at Assets/ReUI/Editor/ReUIValidation.cs:928)
ReUI.Editor.ReUIQuickAndroidBuild:Build () (at Assets/ReUI/Editor/ReUIQuickAndroidBuild.cs:60)

(Filename: Assets/ModulesShared/Diagnostics/Scripts/Debug.cs Line: 35)

barrels do not fit layout 114514
UnityEngine.Debug:ExtractStackTraceNoAlloc (byte*,int,string)
UnityEngine.StackTraceUtility:ExtractStackTrace ()
UnityEngine.DebugLogHandler:Internal_Log (UnityEngine.LogType,UnityEngine.LogOption,string,UnityEngine.Object)
UnityEngine.DebugLogHandler:LogFormat (UnityEngine.LogType,UnityEngine.Object,string,object[])
UnityEngine.Logger:Log (UnityEngine.LogType,object,UnityEngine.Object)
UnityEngine.Debug:LogError (object,UnityEngine.Object)
GameDiagnostics.UnityLogger:LogError (string,UnityEngine.GameObject) (at Assets/ModulesShared/Diagnostics/Scripts/UnityLogger.cs:9)
GameDiagnostics.Trace:LogError (string) (at Assets/ModulesShared/Diagnostics/Scripts/Debug.cs:35)
GameDatabase.Utils.BarrelConverter:Convert (GameDatabase.Model.Layout,GameDatabase.Serializable.BarrelSerializable[],int) (at Assets/Modules/Database/Scripts/Utils/BarrelConverter.cs:20)
GameDatabase.DataModel.Ship:OnDataDeserialized (GameDatabase.Serializable.ShipSerializable,GameDatabase.Database/Loader) (at Assets/Modules/Database/Scripts/DataModel/Ship.cs:26)
GameDatabase.DataModel.Ship:.ctor (GameDatabase.Serializable.ShipSerializable,GameDatabase.Database/Loader) (at Assets/Modules/Database/Scripts/GeneratedGameCode/DataModel/Ship.cs:49)
GameDatabase.DataModel.Ship:Create (GameDatabase.Serializable.ShipSerializable,GameDatabase.Database/Loader) (at Assets/Modules/Database/Scripts/GeneratedGameCode/DataModel/Ship.cs:22)
GameDatabase.Database/Loader:Load () (at Assets/Modules/Database/Scripts/GeneratedGameCode/Database.cs:320)
GameDatabase.Database/Loader:Load (GameDatabase.Database,GameDatabase.Storage.DatabaseContent) (at Assets/Modules/Database/Scripts/GeneratedGameCode/Database.cs:271)
GameDatabase.Database:Load (GameDatabase.Storage.IDataStorage) (at Assets/Modules/Database/Scripts/Database.cs:153)
GameDatabase.Database:LoadDefault () (at Assets/Modules/Database/Scripts/Database.cs:94)
ReUI.Editor.ReUIValidation:ValidateBeta81 () (at Assets/ReUI/Editor/ReUIValidation.cs:667)
ReUI.Editor.ReUIValidation:ValidateBeta82 () (at Assets/ReUI/Editor/ReUIValidation.cs:783)
ReUI.Editor.ReUIValidation:ValidateBeta83 () (at Assets/ReUI/Editor/ReUIValidation.cs:811)
ReUI.Editor.ReUIValidation:ValidateBeta84 () (at Assets/ReUI/Editor/ReUIValidation.cs:928)
ReUI.Editor.ReUIQuickAndroidBuild:Build () (at Assets/ReUI/Editor/ReUIQuickAndroidBuild.cs:60)

(Filename: Assets/ModulesShared/Diagnostics/Scripts/Debug.cs Line: 35)

[Beta8.1 Validation] silentCore=high-visibility-charge, beautifulProminence=nearest-hive-single-completion, defense=observe-normal-battle, dialogue=no-empty-fleet-preview, hiveBackground=stable-world-space-uv, advanceFour=45-to-55ly, mothersTears=nearby-stations, wanNianFengXue=smaller, craftingLevel=50
[Beta8.2 Validation] wanNianFengXue=slightly-smaller, externalModPainting=logical-rect-pivot-preserved-pixel-signature-isolated
InvalidOperationException: Beta8.3 captured-starbase daily reward is missing: tradeCredits += tier * 1000
  at ReUI.Editor.ReUIValidation.ValidateBeta83 () [0x00368] in C:\Users\wjy25\Documents\Re-Threebody\upstream\ReUI\Assets\ReUI\Editor\ReUIValidation.cs:923 
  at ReUI.Editor.ReUIValidation.ValidateBeta84 () [0x00000] in C:\Users\wjy25\Documents\Re-Threebody\upstream\ReUI\Assets\ReUI\Editor\ReUIValidation.cs:928 
  at ReUI.Editor.ReUIQuickAndroidBuild.Build () [0x000ab] in C:\Users\wjy25\Documents\Re-Threebody\upstream\ReUI\Assets\ReUI\Editor\ReUIQuickAndroidBuild.cs:60 

(Filename: Assets/ReUI/Editor/ReUIValidation.cs Line: 923)

executeMethod method ReUI.Editor.ReUIQuickAndroidBuild.Build threw exception.
Exiting without the bug reporter. Application will terminate with return code 1