[Licensing::Module] Trying to connect to existing licensing client channel...
Built from '6000.0/staging' branch; Version is '6000.0.75f1 (26349cd2a5c8) revision 2503836'; Using compiler version '193933523'; Build Type 'Release'
[Licensing::IpcConnector] Channel LicenseClient-Voidream doesn't exist
OS: 'Windows 11  (10.0.28120) Enterprise' Language: 'zh' Physical Memory: 32487 MB
BatchMode: 1, IsHumanControllingUs: 0, StartBugReporterOnCrash: 0, Is64bit: 1
System  architecture: x64
Process architecture: x64
Date: 2026-07-24T08:21:27Z
[Licensing::Module] Successfully launched the LicensingClient (PId: 10996)

COMMAND LINE ARGUMENTS:
C:\Program Files\Unity\Hub\Editor\6000.0.75f1\Editor\Unity.exe
-batchmode
-nographics
-quit
-projectPath
.
-executeMethod
ReUI.Editor.ReUIQuickAndroidBuild.Build
-logFile
beta83-build-final.log
Successfully changed project path to: C:/Users/wjy25/Documents/Re-Threebody/upstream/ReUI
C:/Users/wjy25/Documents/Re-Threebody/upstream/ReUI
[UnityMemory] Configuration Parameters - Can be set up in boot.config
    "memorysetup-bucket-allocator-granularity=16"
    "memorysetup-bucket-allocator-bucket-count=8"
    "memorysetup-bucket-allocator-block-size=33554432"
    "memorysetup-bucket-allocator-block-count=8"
    "memorysetup-main-allocator-block-size=16777216"
    "memorysetup-thread-allocator-block-size=16777216"
    "memorysetup-gfx-main-allocator-block-size=16777216"
    "memorysetup-gfx-thread-allocator-block-size=16777216"
    "memorysetup-cache-allocator-block-size=4194304"
    "memorysetup-typetree-allocator-block-size=2097152"
    "memorysetup-profiler-bucket-allocator-granularity=16"
    "memorysetup-profiler-bucket-allocator-bucket-count=8"
    "memorysetup-profiler-bucket-allocator-block-size=33554432"
    "memorysetup-profiler-bucket-allocator-block-count=8"
    "memorysetup-profiler-allocator-block-size=16777216"
    "memorysetup-profiler-editor-allocator-block-size=1048576"
    "memorysetup-temp-allocator-size-main=16777216"
    "memorysetup-job-temp-allocator-block-size=2097152"
    "memorysetup-job-temp-allocator-block-size-background=1048576"
    "memorysetup-job-temp-allocator-reduction-small-platforms=262144"
    "memorysetup-allocator-temp-initial-block-size-main=262144"
    "memorysetup-allocator-temp-initial-block-size-worker=262144"
    "memorysetup-temp-allocator-size-background-worker=32768"
    "memorysetup-temp-allocator-size-job-worker=262144"
    "memorysetup-temp-allocator-size-preload-manager=33554432"
    "memorysetup-temp-allocator-size-nav-mesh-worker=65536"
    "memorysetup-temp-allocator-size-audio-worker=65536"
    "memorysetup-temp-allocator-size-cloud-worker=32768"
    "memorysetup-temp-allocator-size-gi-baking-worker=262144"
    "memorysetup-temp-allocator-size-gi-baking-worker=262144"
    "memorysetup-temp-allocator-size-gi-baking-worker=262144"
    "memorysetup-temp-allocator-size-gi-baking-worker=262144"
    "memorysetup-temp-allocator-size-gi-baking-worker=262144"
    "memorysetup-temp-allocator-size-gfx=262144"
Player connection [13124]  Target information:

Player connection [13124]  * "[IP] 172.28.48.1 [Port] 55504 [Flags] 2 [Guid] 3862119559 [EditorId] 3862119559 [Version] 1048832 [Id] WindowsEditor(7,WIN-006UKCKR5SD) [Debug] 1 [PackageName] WindowsEditor [ProjectName] Editor" 

Player connection [13124]  * "[IP] 198.18.0.1 [Port] 55504 [Flags] 2 [Guid] 3862119559 [EditorId] 3862119559 [Version] 1048832 [Id] WindowsEditor(7,WIN-006UKCKR5SD) [Debug] 1 [PackageName] WindowsEditor [ProjectName] Editor" 

Player connection [13124]  * "[IP] 192.168.1.106 [Port] 55504 [Flags] 2 [Guid] 3862119559 [EditorId] 3862119559 [Version] 1048832 [Id] WindowsEditor(7,WIN-006UKCKR5SD) [Debug] 1 [PackageName] WindowsEditor [ProjectName] Editor" 

Player connection [13124] Host joined multi-casting on [225.0.0.222:54997]...
Player connection [13124] Host joined alternative multi-casting on [225.0.0.222:34997]...
Input System module state changed to: Initialized.
[Physics::Module] Initialized fallback backend.
[Physics::Module] Id: 0xdecafbad
[Package Manager] Connected to IPC stream "Upm-3780" after 0.4 seconds.
Library Redirect Path: Library/
[Licensing::IpcConnector] Successfully connected to: "LicenseClient-Voidream" at "2026-07-24T08:21:28.5663677Z"
[Licensing::Client] Code 10 while verifying Licensing Client signature (process Id: 10996, path: "C:/Program Files/Unity/Hub/Editor/6000.0.75f1/Editor/Data/Resources/Licensing/Client/Unity.Licensing.Client.exe")
[Licensing::Module] LicensingClient has failed validation; ignoring
[Licensing::Client] Handshaking with LicensingClient:
  Version:                 1.17.4+4293ba1
  Session Id:              9103cbae2a7b4a7dab39cef892a55df2
  Correlation Id:          2dc2ff563dbe27756df3a017c6202fa8
  External correlation Id: 3164885789017382029
  Machine Id:              WeJfFlhUrXm/oUJXcgBJuMWLvIg=
[Licensing::Module] Successfully connected to LicensingClient on channel: "LicenseClient-Voidream" (connect: 0.57s, validation: 0.12s, handshake: 0.10s)
[Licensing::IpcConnector] Successfully connected to: "LicenseClient-Voidream-notifications" at "2026-07-24T08:21:28.7907656Z"
[Licensing::Module] Connected to LicensingClient (PId: 10996, launch time: 0.00, total connection time: 0.79s)
[Licensing::Module] Error: Access token is unavailable; failed to update
[Licensing::Client] Successfully resolved entitlement details
[Licensing::Module] License group:
  Id: 20067615106968-UnityPersXXXX
  Product: Unity Personal
  Type: Assigned
  Expiration: Unlimited
[Licensing::Client] Successfully updated license, isAsync: True, time: 0.01
[Licensing::Client] Successfully resolved entitlement details
[Licensing::Module] Licensing Background thread has ended after 0.86s
[Physics::Module] Selected backend.
[Physics::Module] Name: PhysX
[Physics::Module] Id: 0xf2b8ea05
[Physics::Module] SDK Version: 4.1.2
[Physics::Module] Integration Version: 1.0.0
[Physics::Module] Threading Mode: Multi-Threaded
[Licensing::Client] Successfully resolved entitlement details
Refreshing native plugins compatible for Editor in 1.53 ms, found 0 plugins.
Preloading 0 native plugins for Editor in 0.00 ms.
Initialize engine version: 6000.0.75f1 (26349cd2a5c8)
[Subsystems] Discovering subsystems at path C:/Program Files/Unity/Hub/Editor/6000.0.75f1/Editor/Data/Resources/UnitySubsystems
[Subsystems] Discovering subsystems at path C:/Users/wjy25/Documents/Re-Threebody/upstream/ReUI/Assets
Forcing GfxDevice: Null
GfxDevice: creating device client; kGfxThreadingModeNonThreaded
NullGfxDevice:
    Version:  NULL 1.0 [1.0]
    Renderer: Null Device
    Vendor:   Unity Technologies
Initialize mono
Mono path[0] = 'C:/Program Files/Unity/Hub/Editor/6000.0.75f1/Editor/Data/Managed'
Mono path[1] = 'C:/Program Files/Unity/Hub/Editor/6000.0.75f1/Editor/Data/MonoBleedingEdge/lib/mono/unityjit-win32'
Mono config path = 'C:/Program Files/Unity/Hub/Editor/6000.0.75f1/Editor/Data/MonoBleedingEdge/etc'
Using monoOptions --debugger-agent=transport=dt_socket,embedding=1,server=y,suspend=n,address=127.0.0.1:56780
Using cacheserver namespaces - metadata:defaultmetadata, artifacts:defaultartifacts
Using cacheserver namespaces - metadata:defaultmetadata, artifacts:defaultartifacts
ImportWorker Server TCP listen port: 0
AcceleratorClientConnectionCallback - disconnected - :0
Begin MonoManager ReloadAssembly
Registering precompiled unity dll's ...
Register platform support module: C:/Program Files/Unity/Hub/Editor/6000.0.75f1/Editor/Data/PlaybackEngines/WindowsStandaloneSupport/UnityEditor.WindowsStandalone.Extensions.dll
Register platform support module: C:/Program Files/Unity/Hub/Editor/6000.0.75f1/Editor/Data/PlaybackEngines/AndroidPlayer/UnityEditor.Android.Extensions.dll
Registered in 0.004518 seconds.
- Loaded All Assemblies, in  0.236 seconds
Native extension for Android target not found
Android Extension - Scanning For ADB Devices 2313 ms
Native extension for WindowsStandalone target not found
Package Manager log level set to [2]
Mono: successfully reloaded assembly
- Finished resetting the current domain, in  2.519 seconds
Domain Reload Profiling: 2753ms
	BeginReloadAssembly (80ms)
		ExecutionOrderSort (0ms)
		DisableScriptedObjects (0ms)
		BackupInstance (0ms)
		ReleaseScriptingObjects (0ms)
		CreateAndSetChildDomain (0ms)
	RebuildCommonClasses (22ms)
	RebuildNativeTypeToScriptingClass (7ms)
	initialDomainReloadingComplete (33ms)
	LoadAllAssembliesAndSetupDomain (92ms)
		LoadAssemblies (77ms)
		RebuildTransferFunctionScriptingTraits (0ms)
		AnalyzeDomain (90ms)
			TypeCache.Refresh (89ms)
				TypeCache.ScanAssembly (80ms)
			BuildScriptInfoCaches (0ms)
			ResolveRequiredComponents (0ms)
	FinalizeReload (2519ms)
		ReleaseScriptCaches (0ms)
		RebuildScriptCaches (0ms)
		SetupLoadedEditorAssemblies (2499ms)
			LogAssemblyErrors (0ms)
			InitializePlatformSupportModulesInManaged (2363ms)
			SetLoadedEditorAssemblies (2ms)
			BeforeProcessingInitializeOnLoad (32ms)
			ProcessInitializeOnLoadAttributes (73ms)
			ProcessInitializeOnLoadMethodAttributes (28ms)
			AfterProcessingInitializeOnLoad (0ms)
			EditorAssembliesLoaded (0ms)
		ExecutionOrderSort2 (0ms)
		AwakeInstancesAfterBackupRestoration (0ms)
[Licensing::Client] Successfully resolved entitlement details
[Licensing::Client] Successfully resolved entitlement details
Application.AssetDatabase Initial Refresh Start
[Package Manager] Restoring resolved packages state from cache
[Licensing::Client] Successfully resolved entitlement details
[Package Manager] Registered 50 packages:
  Packages from [https://package.openupm.com]:
    com.google.external-dependency-manager@1.2.187 (location: C:\Users\wjy25\Documents\Re-Threebody\upstream\ReUI\Library\PackageCache\com.google.external-dependency-manager@f5312a5700af)
  Packages from [https://packages.unity.com]:
    com.unity.ads@4.17.0 (location: C:\Users\wjy25\Documents\Re-Threebody\upstream\ReUI\Library\PackageCache\com.unity.ads@c6e6f61ed7d9)
    com.unity.ide.visualstudio@2.0.27 (location: C:\Users\wjy25\Documents\Re-Threebody\upstream\ReUI\Library\PackageCache\com.unity.ide.visualstudio@dc1ddd4f09b6)
    com.unity.inputsystem@1.19.0 (location: C:\Users\wjy25\Documents\Re-Threebody\upstream\ReUI\Library\PackageCache\com.unity.inputsystem@21a28c3a6c83)
    com.unity.purchasing@5.3.1 (location: C:\Users\wjy25\Documents\Re-Threebody\upstream\ReUI\Library\PackageCache\com.unity.purchasing@b69b97f74d28)
    com.unity.toolchain.win-x86_64-linux-x86_64@2.0.11 (location: C:\Users\wjy25\Documents\Re-Threebody\upstream\ReUI\Library\PackageCache\com.unity.toolchain.win-x86_64-linux-x86_64@3c4c356523ed)
    com.unity.sysroot@2.0.10 (location: C:\Users\wjy25\Documents\Re-Threebody\upstream\ReUI\Library\PackageCache\com.unity.sysroot@7bbbb9339c14)
    com.unity.sysroot.linux-x86_64@2.0.9 (location: C:\Users\wjy25\Documents\Re-Threebody\upstream\ReUI\Library\PackageCache\com.unity.sysroot.linux-x86_64@1998d1c7730e)
    com.unity.services.core@1.16.0 (location: C:\Users\wjy25\Documents\Re-Threebody\upstream\ReUI\Library\PackageCache\com.unity.services.core@8ba50f624741)
    com.unity.nuget.newtonsoft-json@3.2.1 (location: C:\Users\wjy25\Documents\Re-Threebody\upstream\ReUI\Library\PackageCache\com.unity.nuget.newtonsoft-json@74deb55db2a0)
  Built-in packages:
    com.unity.2d.sprite@1.0.0 (location: C:\Users\wjy25\Documents\Re-Threebody\upstream\ReUI\Library\PackageCache\com.unity.2d.sprite@0eb6ea2c7181)
    com.unity.multiplayer.center@1.0.0 (location: C:\Users\wjy25\Documents\Re-Threebody\upstream\ReUI\Library\PackageCache\com.unity.multiplayer.center@f3fb577b3546)
    com.unity.test-framework@1.6.0 (location: C:\Users\wjy25\Documents\Re-Threebody\upstream\ReUI\Library\PackageCache\com.unity.test-framework@082c24152fd4)
    com.unity.ugui@2.0.0 (location: C:\Users\wjy25\Documents\Re-Threebody\upstream\ReUI\Library\PackageCache\com.unity.ugui@7537063fea2b)
    com.unity.ui@2.0.0 (location: C:\Users\wjy25\Documents\Re-Threebody\upstream\ReUI\Library\PackageCache\com.unity.ui@ccd6582d7949)
    com.unity.modules.accessibility@1.0.0 (location: C:\Users\wjy25\Documents\Re-Threebody\upstream\ReUI\Library\PackageCache\com.unity.modules.accessibility)
    com.unity.modules.ai@1.0.0 (location: C:\Users\wjy25\Documents\Re-Threebody\upstream\ReUI\Library\PackageCache\com.unity.modules.ai)
    com.unity.modules.androidjni@1.0.0 (location: C:\Users\wjy25\Documents\Re-Threebody\upstream\ReUI\Library\PackageCache\com.unity.modules.androidjni)
    com.unity.modules.animation@1.0.0 (location: C:\Users\wjy25\Documents\Re-Threebody\upstream\ReUI\Library\PackageCache\com.unity.modules.animation)
    com.unity.modules.assetbundle@1.0.0 (location: C:\Users\wjy25\Documents\Re-Threebody\upstream\ReUI\Library\PackageCache\com.unity.modules.assetbundle)
    com.unity.modules.audio@1.0.0 (location: C:\Users\wjy25\Documents\Re-Threebody\upstream\ReUI\Library\PackageCache\com.unity.modules.audio)
    com.unity.modules.cloth@1.0.0 (location: C:\Users\wjy25\Documents\Re-Threebody\upstream\ReUI\Library\PackageCache\com.unity.modules.cloth)
    com.unity.modules.director@1.0.0 (location: C:\Users\wjy25\Documents\Re-Threebody\upstream\ReUI\Library\PackageCache\com.unity.modules.director)
    com.unity.modules.imageconversion@1.0.0 (location: C:\Users\wjy25\Documents\Re-Threebody\upstream\ReUI\Library\PackageCache\com.unity.modules.imageconversion)
    com.unity.modules.imgui@1.0.0 (location: C:\Users\wjy25\Documents\Re-Threebody\upstream\ReUI\Library\PackageCache\com.unity.modules.imgui)
    com.unity.modules.jsonserialize@1.0.0 (location: C:\Users\wjy25\Documents\Re-Threebody\upstream\ReUI\Library\PackageCache\com.unity.modules.jsonserialize)
    com.unity.modules.particlesystem@1.0.0 (location: C:\Users\wjy25\Documents\Re-Threebody\upstream\ReUI\Library\PackageCache\com.unity.modules.particlesystem)
    com.unity.modules.physics@1.0.0 (location: C:\Users\wjy25\Documents\Re-Threebody\upstream\ReUI\Library\PackageCache\com.unity.modules.physics)
    com.unity.modules.physics2d@1.0.0 (location: C:\Users\wjy25\Documents\Re-Threebody\upstream\ReUI\Library\PackageCache\com.unity.modules.physics2d)
    com.unity.modules.screencapture@1.0.0 (location: C:\Users\wjy25\Documents\Re-Threebody\upstream\ReUI\Library\PackageCache\com.unity.modules.screencapture)
    com.unity.modules.terrain@1.0.0 (location: C:\Users\wjy25\Documents\Re-Threebody\upstream\ReUI\Library\PackageCache\com.unity.modules.terrain)
    com.unity.modules.terrainphysics@1.0.0 (location: C:\Users\wjy25\Documents\Re-Threebody\upstream\ReUI\Library\PackageCache\com.unity.modules.terrainphysics)
    com.unity.modules.tilemap@1.0.0 (location: C:\Users\wjy25\Documents\Re-Threebody\upstream\ReUI\Library\PackageCache\com.unity.modules.tilemap)
    com.unity.modules.ui@1.0.0 (location: C:\Users\wjy25\Documents\Re-Threebody\upstream\ReUI\Library\PackageCache\com.unity.modules.ui)
    com.unity.modules.uielements@1.0.0 (location: C:\Users\wjy25\Documents\Re-Threebody\upstream\ReUI\Library\PackageCache\com.unity.modules.uielements)
    com.unity.modules.umbra@1.0.0 (location: C:\Users\wjy25\Documents\Re-Threebody\upstream\ReUI\Library\PackageCache\com.unity.modules.umbra)
    com.unity.modules.unityanalytics@1.0.0 (location: C:\Users\wjy25\Documents\Re-Threebody\upstream\ReUI\Library\PackageCache\com.unity.modules.unityanalytics)
    com.unity.modules.unitywebrequest@1.0.0 (location: C:\Users\wjy25\Documents\Re-Threebody\upstream\ReUI\Library\PackageCache\com.unity.modules.unitywebrequest)
    com.unity.modules.unitywebrequestassetbundle@1.0.0 (location: C:\Users\wjy25\Documents\Re-Threebody\upstream\ReUI\Library\PackageCache\com.unity.modules.unitywebrequestassetbundle)
    com.unity.modules.unitywebrequestaudio@1.0.0 (location: C:\Users\wjy25\Documents\Re-Threebody\upstream\ReUI\Library\PackageCache\com.unity.modules.unitywebrequestaudio)
    com.unity.modules.unitywebrequesttexture@1.0.0 (location: C:\Users\wjy25\Documents\Re-Threebody\upstream\ReUI\Library\PackageCache\com.unity.modules.unitywebrequesttexture)
    com.unity.modules.unitywebrequestwww@1.0.0 (location: C:\Users\wjy25\Documents\Re-Threebody\upstream\ReUI\Library\PackageCache\com.unity.modules.unitywebrequestwww)
    com.unity.modules.vehicles@1.0.0 (location: C:\Users\wjy25\Documents\Re-Threebody\upstream\ReUI\Library\PackageCache\com.unity.modules.vehicles)
    com.unity.modules.video@1.0.0 (location: C:\Users\wjy25\Documents\Re-Threebody\upstream\ReUI\Library\PackageCache\com.unity.modules.video)
    com.unity.modules.vr@1.0.0 (location: C:\Users\wjy25\Documents\Re-Threebody\upstream\ReUI\Library\PackageCache\com.unity.modules.vr)
    com.unity.modules.wind@1.0.0 (location: C:\Users\wjy25\Documents\Re-Threebody\upstream\ReUI\Library\PackageCache\com.unity.modules.wind)
    com.unity.modules.xr@1.0.0 (location: C:\Users\wjy25\Documents\Re-Threebody\upstream\ReUI\Library\PackageCache\com.unity.modules.xr)
    com.unity.modules.subsystems@1.0.0 (location: C:\Users\wjy25\Documents\Re-Threebody\upstream\ReUI\Library\PackageCache\com.unity.modules.subsystems)
    com.unity.modules.hierarchycore@1.0.0 (location: C:\Users\wjy25\Documents\Re-Threebody\upstream\ReUI\Library\PackageCache\com.unity.modules.hierarchycore)
    com.unity.ext.nunit@2.0.5 (location: C:\Users\wjy25\Documents\Re-Threebody\upstream\ReUI\Library\PackageCache\com.unity.ext.nunit@031a54704bff)
[Subsystems] No new subsystems found in resolved package list.
[Package Manager] Done registering packages in 0.07 seconds
Assembly for Assembly Definition File 'Assets/Modules/GalaxyMap/GalaxyMap.asmdef' will not be compiled, because it has no scripts associated with it.
Starting: C:\Program Files\Unity\Hub\Editor\6000.0.75f1\Editor\Data\bee_backend.exe --ipc --defer-dag-verification --dagfile="Library/Bee/1300b0aE.dag" --continue-on-failure --profile="Library/Bee/backend1.traceevents" ScriptAssemblies
WorkingDir: C:/Users/wjy25/Documents/Re-Threebody/upstream/ReUI
DisplayProgressbar: Compiling Scripts
ExitCode: 0 Duration: 0s177ms
*** Tundra build success (0.14 seconds), 0 items updated, 851 evaluated
AssetDatabase: script compilation time: 0.608302s
Begin MonoManager ReloadAssembly
- Loaded All Assemblies, in  0.514 seconds
Refreshing native plugins compatible for Editor in 7.05 ms, found 0 plugins.
Native extension for Android target not found
Native extension for WindowsStandalone target not found
Detected .NET version 4.5
Mono: successfully reloaded assembly
- Finished resetting the current domain, in  0.432 seconds
Domain Reload Profiling: 941ms
	BeginReloadAssembly (218ms)
		ExecutionOrderSort (0ms)
		DisableScriptedObjects (6ms)
		BackupInstance (0ms)
		ReleaseScriptingObjects (0ms)
		CreateAndSetChildDomain (131ms)
	RebuildCommonClasses (20ms)
	RebuildNativeTypeToScriptingClass (7ms)
	initialDomainReloadingComplete (19ms)
	LoadAllAssembliesAndSetupDomain (245ms)
		LoadAssemblies (204ms)
		RebuildTransferFunctionScriptingTraits (0ms)
		AnalyzeDomain (100ms)
			TypeCache.Refresh (69ms)
				TypeCache.ScanAssembly (62ms)
			BuildScriptInfoCaches (25ms)
			ResolveRequiredComponents (5ms)
	FinalizeReload (432ms)
		ReleaseScriptCaches (0ms)
		RebuildScriptCaches (0ms)
		SetupLoadedEditorAssemblies (362ms)
			LogAssemblyErrors (0ms)
			InitializePlatformSupportModulesInManaged (15ms)
			SetLoadedEditorAssemblies (2ms)
			BeforeProcessingInitializeOnLoad (77ms)
			ProcessInitializeOnLoadAttributes (238ms)
			ProcessInitializeOnLoadMethodAttributes (25ms)
			AfterProcessingInitializeOnLoad (5ms)
			EditorAssembliesLoaded (0ms)
		ExecutionOrderSort2 (0ms)
		AwakeInstancesAfterBackupRestoration (5ms)
Asset Pipeline Refresh (id=6f141a14d4771fd4ca84ee6816138898): Total: 1.961 seconds - Initiated by InitialRefreshV2(ForceSynchronousImport)
	Summary:
		Imports: total=0 (actual=0, local cache=0, cache server=0)
		Asset DB Process Time: managed=0 ms, native=725 ms
		Asset DB Callback time: managed=8 ms, native=76 ms
		Scripting: domain reloads=1, domain reload time=514 ms, compile time=609 ms, other=27 ms
		Project Asset Count: scripts=1397, non-scripts=4440
		Asset File Changes: new=0, changed=0, moved=0, deleted=0
		Scan Filter Count: 0
	InvokeCustomDependenciesCallbacks: 0.001ms
	InvokePackagesCallback: 77.823ms
	ApplyChangesToAssetFolders: 0.551ms
	Scan: 106.893ms
	OnSourceAssetsModified: 0.001ms
	CategorizeAssetsWithTransientArtifact: 27.652ms
	ProcessAssetsWithTransientArtifactChanges: 33.266ms
	CategorizeAssets: 26.580ms
	ImportOutOfDateAssets: 449.800ms (-160.463ms without children)
		CompileScripts: 609.180ms
		ReloadNativeAssets: 0.003ms
		UnloadImportedAssets: 0.149ms
		EnsureUptoDateAssetsAreRegisteredWithGuidPM: 0.470ms
		InitializingProgressBar: 0.000ms
		PostProcessAllAssetNotificationsAddChangedAssets: 0.000ms
		OnDemandSchedulerStart: 0.461ms
	PostProcessAllAssets: 8.182ms
	GatherAllCurrentPrimaryArtifactRevisions: 0.002ms
	UnloadStreamsBegin: 0.153ms
	PersistCurrentRevisions: 0.143ms
	UnloadStreamsEnd: 0.001ms
	GenerateScriptTypeHashes: 2.885ms
	Untracked: 1229.976ms

Application.AssetDatabase Initial Refresh End
Scanning for USB devices : 0.565ms
Initializing Unity extensions:
[MODES] ModeService[none].Initialize
[MODES] ModeService[none].LoadModes
[MODES] Loading mode Default (0) for mode-current-id-三体视界
Unloading 42 Unused Serialized files (Serialized files now loaded: 0)
Unloading 5051 unused Assets / (4.0 MB). Loaded Objects now: 5478.
Memory consumption went from 155.5 MB to 151.5 MB.
Total: 5.273500 ms (FindLiveObjects: 0.191000 ms CreateObjectMapping: 0.111200 ms MarkObjects: 3.491300 ms  DeleteObjects: 1.477200 ms)

Asset Pipeline Refresh (id=752ebf450efbbab44be5597dfd7b9d23): Total: 0.030 seconds - Initiated by RefreshV2(NoUpdateAssetOptions)
Asset Pipeline Refresh (id=0f7d002f5f10f4f4cae3289c4c5660d0): Total: 0.022 seconds - Initiated by RefreshV2(NoUpdateAssetOptions)
Asset Pipeline Refresh (id=7034eb0904e4e2847897cdfabccfc6d2): Total: 0.014 seconds - Initiated by RefreshV2(NoUpdateAssetOptions)
[ReUI Validation] presentation=classic-ugui, thirdPartyUiEffect=false, themePalette=persistent
Opening scene 'Assets/Scenes/SettingsScene.unity'
Unloading 35 Unused Serialized files (Serialized files now loaded: 0)
Loaded scene 'Assets/Scenes/SettingsScene.unity'
	Deserialize:            27.802 ms
	Integration:            33.881 ms
	Integration of assets:  1.023 ms
	Thread Wait Time:       0.024 ms
	Total Operation Time:   62.730 ms
Unloading 6 unused Assets / (352.0 KB). Loaded Objects now: 7381.
Memory consumption went from 141.9 MB to 141.5 MB.
Total: 3.330800 ms (FindLiveObjects: 0.165000 ms CreateObjectMapping: 0.059500 ms MarkObjects: 2.936600 ms  DeleteObjects: 0.169100 ms)

Opening scene 'Assets/Scenes/StarMapScene.unity'
Unloading 115 Unused Serialized files (Serialized files now loaded: 0)
SendMessage cannot be called during Awake, CheckConsistency, or OnValidate (Content: OnRectTransformDimensionsChange)
SendMessage cannot be called during Awake, CheckConsistency, or OnValidate (Content: OnRectTransformDimensionsChange)
SendMessage cannot be called during Awake, CheckConsistency, or OnValidate (Content: OnRectTransformDimensionsChange)
SendMessage cannot be called during Awake, CheckConsistency, or OnValidate (Content: OnRectTransformDimensionsChange)
SendMessage cannot be called during Awake, CheckConsistency, or OnValidate (Content: OnRectTransformDimensionsChange)
SendMessage cannot be called during Awake, CheckConsistency, or OnValidate (Content: OnRectTransformDimensionsChange)
SendMessage cannot be called during Awake, CheckConsistency, or OnValidate (Content: OnRectTransformDimensionsChange)
SendMessage cannot be called during Awake, CheckConsistency, or OnValidate (Content: OnRectTransformDimensionsChange)
SendMessage cannot be called during Awake, CheckConsistency, or OnValidate (Content: OnRectTransformDimensionsChange)
SendMessage cannot be called during Awake, CheckConsistency, or OnValidate (Content: OnRectTransformDimensionsChange)
SendMessage cannot be called during Awake, CheckConsistency, or OnValidate (Content: OnRectTransformDimensionsChange)
SendMessage cannot be called during Awake, CheckConsistency, or OnValidate (Content: OnRectTransformDimensionsChange)
SendMessage cannot be called during Awake, CheckConsistency, or OnValidate (Content: OnRectTransformDimensionsChange)
SendMessage cannot be called during Awake, CheckConsistency, or OnValidate (Content: OnRectTransformDimensionsChange)
SendMessage cannot be called during Awake, CheckConsistency, or OnValidate (Content: OnRectTransformDimensionsChange)
SendMessage cannot be called during Awake, CheckConsistency, or OnValidate (Content: OnRectTransformDimensionsChange)
SendMessage cannot be called during Awake, CheckConsistency, or OnValidate (Content: OnRectTransformDimensionsChange)
SendMessage cannot be called during Awake, CheckConsistency, or OnValidate (Content: OnRectTransformDimensionsChange)
Loaded scene 'Assets/Scenes/StarMapScene.unity'
	Deserialize:            35.037 ms
	Integration:            133.167 ms
	Integration of assets:  2.496 ms
	Thread Wait Time:       0.075 ms
	Total Operation Time:   170.775 ms
Unloading 376 unused Assets / (257.8 KB). Loaded Objects now: 20135.
Memory consumption went from 172.3 MB to 172.0 MB.
Total: 6.828000 ms (FindLiveObjects: 0.432000 ms CreateObjectMapping: 0.206500 ms MarkObjects: 5.979600 ms  DeleteObjects: 0.209500 ms)

Asset Pipeline Refresh (id=34b60b1fd3fe5264a8491b51f9992f75): Total: 0.015 seconds - Initiated by RefreshV2(NoUpdateAssetOptions)
Serialization depth limit 10 exceeded at 'GameDatabase.Serializable::FactionFilterSerializable.Type'. There may be an object composition cycle in one or more of your serialized classes. Consider rearranging data or use `[SerializeReference]`. 

Serialization hierarchy:
11: GameDatabase.Serializable::FactionFilterSerializable.Type
10: GameDatabase.Serializable::LootContentSerializable.Factions
9: GameDatabase.Serializable::LootItemSerializable.Loot
8: GameDatabase.Serializable::LootContentSerializable.Items
7: GameDatabase.Serializable::LootItemSerializable.Loot
6: GameDatabase.Serializable::LootContentSerializable.Items
5: GameDatabase.Serializable::LootItemSerializable.Loot
4: GameDatabase.Serializable::LootContentSerializable.Items
3: GameDatabase.Serializable::LootItemSerializable.Loot
2: GameDatabase.Serializable::LootContentSerializable.Items
1: GameDatabase.Serializable::RequirementSerializable.Loot
0: GameDatabase.Serializable::QuestSerializable.Requirement
Serialization depth limit 10 exceeded at 'GameDatabase.Serializable::LootContentSerializable.Type'. There may be an object composition cycle in one or more of your serialized classes. Consider rearranging data or use `[SerializeReference]`. 

Serialization hierarchy:
11: GameDatabase.Serializable::LootContentSerializable.Type
10: GameDatabase.Serializable::LootItemSerializable.Loot
9: GameDatabase.Serializable::LootContentSerializable.Items
8: GameDatabase.Serializable::LootItemSerializable.Loot
7: GameDatabase.Serializable::LootContentSerializable.Items
6: GameDatabase.Serializable::LootItemSerializable.Loot
5: GameDatabase.Serializable::LootContentSerializable.Items
4: GameDatabase.Serializable::LootItemSerializable.Loot
3: GameDatabase.Serializable::LootContentSerializable.Items
2: GameDatabase.Serializable::RequirementSerializable.Loot
1: GameDatabase.Serializable::NodeActionSerializable.Requirement
0: GameDatabase.Serializable::NodeSerializable.Actions
Serialization depth limit 10 exceeded at 'GameDatabase.Serializable::FactionFilterSerializable.Type'. There may be an object composition cycle in one or more of your serialized classes. Consider rearranging data or use `[SerializeReference]`. 

Serialization hierarchy:
11: GameDatabase.Serializable::FactionFilterSerializable.Type
10: GameDatabase.Serializable::LootContentSerializable.Factions
9: GameDatabase.Serializable::LootItemSerializable.Loot
8: GameDatabase.Serializable::LootContentSerializable.Items
7: GameDatabase.Serializable::LootItemSerializable.Loot
6: GameDatabase.Serializable::LootContentSerializable.Items
5: GameDatabase.Serializable::LootItemSerializable.Loot
4: GameDatabase.Serializable::LootContentSerializable.Items
3: GameDatabase.Serializable::LootItemSerializable.Loot
2: GameDatabase.Serializable::LootContentSerializable.Items
1: GameDatabase.Serializable::RequirementSerializable.Loot
0: GameDatabase.Serializable::NodeActionSerializable.Requirement
Serialization depth limit 10 exceeded at 'GameDatabase.Serializable::FactionFilterSerializable.Type'. There may be an object composition cycle in one or more of your serialized classes. Consider rearranging data or use `[SerializeReference]`. 

Serialization hierarchy:
11: GameDatabase.Serializable::FactionFilterSerializable.Type
10: GameDatabase.Serializable::LootContentSerializable.Factions
9: GameDatabase.Serializable::LootItemSerializable.Loot
8: GameDatabase.Serializable::LootContentSerializable.Items
7: GameDatabase.Serializable::LootItemSerializable.Loot
6: GameDatabase.Serializable::LootContentSerializable.Items
5: GameDatabase.Serializable::LootItemSerializable.Loot
4: GameDatabase.Serializable::LootContentSerializable.Items
3: GameDatabase.Serializable::LootItemSerializable.Loot
2: GameDatabase.Serializable::LootContentSerializable.Items
1: GameDatabase.Serializable::RequirementSerializable.Loot
0: GameDatabase.Serializable::NodeTransitionSerializable.Requirement
Serialization depth limit 10 exceeded at 'GameDatabase.Serializable::LootContentSerializable.Type'. There may be an object composition cycle in one or more of your serialized classes. Consider rearranging data or use `[SerializeReference]`. 

Serialization hierarchy:
11: GameDatabase.Serializable::LootContentSerializable.Type
10: GameDatabase.Serializable::LootItemSerializable.Loot
9: GameDatabase.Serializable::LootContentSerializable.Items
8: GameDatabase.Serializable::LootItemSerializable.Loot
7: GameDatabase.Serializable::LootContentSerializable.Items
6: GameDatabase.Serializable::LootItemSerializable.Loot
5: GameDatabase.Serializable::LootContentSerializable.Items
4: GameDatabase.Serializable::LootItemSerializable.Loot
3: GameDatabase.Serializable::LootContentSerializable.Items
2: GameDatabase.Serializable::LootItemSerializable.Loot
1: GameDatabase.Serializable::LootContentSerializable.Items
0: GameDatabase.Serializable::RequirementSerializable.Loot
Serialization depth limit 10 exceeded at 'GameDatabase.Serializable::LootContentSerializable.Type'. There may be an object composition cycle in one or more of your serialized classes. Consider rearranging data or use `[SerializeReference]`. 

Serialization hierarchy:
11: GameDatabase.Serializable::LootContentSerializable.Type
10: GameDatabase.Serializable::LootItemSerializable.Loot
9: GameDatabase.Serializable::LootContentSerializable.Items
8: GameDatabase.Serializable::LootItemSerializable.Loot
7: GameDatabase.Serializable::LootContentSerializable.Items
6: GameDatabase.Serializable::LootItemSerializable.Loot
5: GameDatabase.Serializable::LootContentSerializable.Items
4: GameDatabase.Serializable::LootItemSerializable.Loot
3: GameDatabase.Serializable::LootContentSerializable.Items
2: GameDatabase.Serializable::LootItemSerializable.Loot
1: GameDatabase.Serializable::LootContentSerializable.Items
0: GameDatabase.Serializable::LootSerializable.Loot
Serialization depth limit 10 exceeded at 'GameDatabase.Serializable::LootContentSerializable.Type'. There may be an object composition cycle in one or more of your serialized classes. Consider rearranging data or use `[SerializeReference]`. 

Serialization hierarchy:
11: GameDatabase.Serializable::LootContentSerializable.Type
10: GameDatabase.Serializable::LootItemSerializable.Loot
9: GameDatabase.Serializable::LootContentSerializable.Items
8: GameDatabase.Serializable::LootItemSerializable.Loot
7: GameDatabase.Serializable::LootContentSerializable.Items
6: GameDatabase.Serializable::LootItemSerializable.Loot
5: GameDatabase.Serializable::LootContentSerializable.Items
4: GameDatabase.Serializable::LootItemSerializable.Loot
3: GameDatabase.Serializable::LootContentSerializable.Items
2: GameDatabase.Serializable::LootItemSerializable.Loot
1: GameDatabase.Serializable::LootContentSerializable.Items
0: GameDatabase.Serializable::LootItemSerializable.Loot
Serialization depth limit 10 exceeded at 'GameDatabase.Serializable::FactionFilterSerializable.Type'. There may be an object composition cycle in one or more of your serialized classes. Consider rearranging data or use `[SerializeReference]`. 

Serialization hierarchy:
11: GameDatabase.Serializable::FactionFilterSerializable.Type
10: GameDatabase.Serializable::LootContentSerializable.Factions
9: GameDatabase.Serializable::LootItemSerializable.Loot
8: GameDatabase.Serializable::LootContentSerializable.Items
7: GameDatabase.Serializable::LootItemSerializable.Loot
6: GameDatabase.Serializable::LootContentSerializable.Items
5: GameDatabase.Serializable::LootItemSerializable.Loot
4: GameDatabase.Serializable::LootContentSerializable.Items
3: GameDatabase.Serializable::LootItemSerializable.Loot
2: GameDatabase.Serializable::LootContentSerializable.Items
1: GameDatabase.Serializable::DebugCodeSerializable.Loot
0: GameDatabase.Serializable::DebugSettingsSerializable.Codes
Serialization depth limit 10 exceeded at 'GameDatabase.Serializable::LootContentSerializable.Type'. There may be an object composition cycle in one or more of your serialized classes. Consider rearranging data or use `[SerializeReference]`. 

Serialization hierarchy:
11: GameDatabase.Serializable::LootContentSerializable.Type
10: GameDatabase.Serializable::LootItemSerializable.Loot
9: GameDatabase.Serializable::LootContentSerializable.Items
8: GameDatabase.Serializable::LootItemSerializable.Loot
7: GameDatabase.Serializable::LootContentSerializable.Items
6: GameDatabase.Serializable::LootItemSerializable.Loot
5: GameDatabase.Serializable::LootContentSerializable.Items
4: GameDatabase.Serializable::LootItemSerializable.Loot
3: GameDatabase.Serializable::LootContentSerializable.Items
2: GameDatabase.Serializable::LootItemSerializable.Loot
1: GameDatabase.Serializable::LootContentSerializable.Items
0: GameDatabase.Serializable::DebugCodeSerializable.Loot
barrels do not fit layout 163
UnityEngine.Debug:ExtractStackTraceNoAlloc (byte*,int,string)
UnityEngine.StackTraceUtility:ExtractStackTrace ()
UnityEngine.DebugLogHandler:Internal_Log (UnityEngine.LogType,UnityEngine.LogOption,string,UnityEngine.Object)
UnityEngine.DebugLogHandler:LogFormat (UnityEngine.LogType,UnityEngine.Object,string,object[])
UnityEngine.Logger:Log (UnityEngine.LogType,object,UnityEngine.Object)
UnityEngine.Debug:LogError (object,UnityEngine.Object)
GameDiagnostics.UnityLogger:LogError (string,UnityEngine.GameObject) (at Assets/ModulesShared/Diagnostics/Scripts/UnityLogger.cs:9)
GameDiagnostics.Trace:LogError (string) (at Assets/ModulesShared/Diagnostics/Scripts/Debug.cs:35)
GameDatabase.Utils.BarrelConverter:Convert (GameDatabase.Model.Layout,GameDatabase.Serializable.BarrelSerializable[],int) (at Assets/Modules/Database/Scripts/Utils/BarrelConverter.cs:20)
GameDatabase.DataModel.Ship:OnDataDeserialized (GameDatabase.Serializable.ShipSerializable,GameDatabase.Database/Loader) (at Assets/Modules/Database/Scripts/DataModel/Ship.cs:11)
GameDatabase.DataModel.Ship:.ctor (GameDatabase.Serializable.ShipSerializable,GameDatabase.Database/Loader) (at Assets/Modules/Database/Scripts/GeneratedGameCode/DataModel/Ship.cs:49)
GameDatabase.DataModel.Ship:Create (GameDatabase.Serializable.ShipSerializable,GameDatabase.Database/Loader) (at Assets/Modules/Database/Scripts/GeneratedGameCode/DataModel/Ship.cs:22)
GameDatabase.Database/Loader:GetShip (GameDatabase.Model.ItemId`1<GameDatabase.DataModel.Ship>,bool) (at Assets/Modules/Database/Scripts/GeneratedGameCode/Database.cs:535)
GameDatabase.DataModel.ShipBuild:.ctor (GameDatabase.Serializable.ShipBuildSerializable,GameDatabase.Database/Loader) (at Assets/Modules/Database/Scripts/GeneratedGameCode/DataModel/ShipBuild.cs:30)
GameDatabase.DataModel.ShipBuild:Create (GameDatabase.Serializable.ShipBuildSerializable,GameDatabase.Database/Loader) (at Assets/Modules/Database/Scripts/GeneratedGameCode/DataModel/ShipBuild.cs:22)
GameDatabase.Database/Loader:GetShipBuild (GameDatabase.Model.ItemId`1<GameDatabase.DataModel.ShipBuild>,bool) (at Assets/Modules/Database/Scripts/GeneratedGameCode/Database.cs:545)
GameDatabase.DataModel.Component:.ctor (GameDatabase.Serializable.ComponentSerializable,GameDatabase.Database/Loader) (at Assets/Modules/Database/Scripts/GeneratedGameCode/DataModel/Component.cs:49)
GameDatabase.DataModel.Component:Create (GameDatabase.Serializable.ComponentSerializable,GameDatabase.Database/Loader) (at Assets/Modules/Database/Scripts/GeneratedGameCode/DataModel/Component.cs:22)
GameDatabase.Database/Loader:Load () (at Assets/Modules/Database/Scripts/GeneratedGameCode/Database.cs:287)
GameDatabase.Database/Loader:Load (GameDatabase.Database,GameDatabase.Storage.DatabaseContent) (at Assets/Modules/Database/Scripts/GeneratedGameCode/Database.cs:271)
GameDatabase.Database:Load (GameDatabase.Storage.IDataStorage) (at Assets/Modules/Database/Scripts/Database.cs:153)
GameDatabase.Database:LoadDefault () (at Assets/Modules/Database/Scripts/Database.cs:94)
ReUI.Editor.ReUIValidation:ValidateBeta5ThemeAndAssets () (at Assets/ReUI/Editor/ReUIValidation.cs:1077)
ReUI.Editor.ReUIValidation:ValidateBeta5 () (at Assets/ReUI/Editor/ReUIValidation.cs:292)
ReUI.Editor.ReUIValidation:ValidateBeta52 () (at Assets/ReUI/Editor/ReUIValidation.cs:301)
ReUI.Editor.ReUIValidation:ValidateBeta6 () (at Assets/ReUI/Editor/ReUIValidation.cs:309)
ReUI.Editor.ReUIValidation:ValidateBeta7 () (at Assets/ReUI/Editor/ReUIValidation.cs:568)
ReUI.Editor.ReUIValidation:ValidateBeta81 () (at Assets/ReUI/Editor/ReUIValidation.cs:664)
ReUI.Editor.ReUIValidation:ValidateBeta82 () (at Assets/ReUI/Editor/ReUIValidation.cs:783)
ReUI.Editor.ReUIValidation:ValidateBeta83 () (at Assets/ReUI/Editor/ReUIValidation.cs:811)
ReUI.Editor.ReUIQuickAndroidBuild:Build () (at Assets/ReUI/Editor/ReUIQuickAndroidBuild.cs:43)

(Filename: Assets/ModulesShared/Diagnostics/Scripts/Debug.cs Line: 35)

barrels do not fit layout 164
UnityEngine.Debug:ExtractStackTraceNoAlloc (byte*,int,string)
UnityEngine.StackTraceUtility:ExtractStackTrace ()
UnityEngine.DebugLogHandler:Internal_Log (UnityEngine.LogType,UnityEngine.LogOption,string,UnityEngine.Object)
UnityEngine.DebugLogHandler:LogFormat (UnityEngine.LogType,UnityEngine.Object,string,object[])
UnityEngine.Logger:Log (UnityEngine.LogType,object,UnityEngine.Object)
UnityEngine.Debug:LogError (object,UnityEngine.Object)
GameDiagnostics.UnityLogger:LogError (string,UnityEngine.GameObject) (at Assets/ModulesShared/Diagnostics/Scripts/UnityLogger.cs:9)
GameDiagnostics.Trace:LogError (string) (at Assets/ModulesShared/Diagnostics/Scripts/Debug.cs:35)
GameDatabase.Utils.BarrelConverter:Convert (GameDatabase.Model.Layout,GameDatabase.Serializable.BarrelSerializable[],int) (at Assets/Modules/Database/Scripts/Utils/BarrelConverter.cs:20)
GameDatabase.DataModel.Ship:OnDataDeserialized (GameDatabase.Serializable.ShipSerializable,GameDatabase.Database/Loader) (at Assets/Modules/Database/Scripts/DataModel/Ship.cs:11)
GameDatabase.DataModel.Ship:.ctor (GameDatabase.Serializable.ShipSerializable,GameDatabase.Database/Loader) (at Assets/Modules/Database/Scripts/GeneratedGameCode/DataModel/Ship.cs:49)
GameDatabase.DataModel.Ship:Create (GameDatabase.Serializable.ShipSerializable,GameDatabase.Database/Loader) (at Assets/Modules/Database/Scripts/GeneratedGameCode/DataModel/Ship.cs:22)
GameDatabase.Database/Loader:Load () (at Assets/Modules/Database/Scripts/GeneratedGameCode/Database.cs:320)
GameDatabase.Database/Loader:Load (GameDatabase.Database,GameDatabase.Storage.DatabaseContent) (at Assets/Modules/Database/Scripts/GeneratedGameCode/Database.cs:271)
GameDatabase.Database:Load (GameDatabase.Storage.IDataStorage) (at Assets/Modules/Database/Scripts/Database.cs:153)
GameDatabase.Database:LoadDefault () (at Assets/Modules/Database/Scripts/Database.cs:94)
ReUI.Editor.ReUIValidation:ValidateBeta5ThemeAndAssets () (at Assets/ReUI/Editor/ReUIValidation.cs:1077)
ReUI.Editor.ReUIValidation:ValidateBeta5 () (at Assets/ReUI/Editor/ReUIValidation.cs:292)
ReUI.Editor.ReUIValidation:ValidateBeta52 () (at Assets/ReUI/Editor/ReUIValidation.cs:301)
ReUI.Editor.ReUIValidation:ValidateBeta6 () (at Assets/ReUI/Editor/ReUIValidation.cs:309)
ReUI.Editor.ReUIValidation:ValidateBeta7 () (at Assets/ReUI/Editor/ReUIValidation.cs:568)
ReUI.Editor.ReUIValidation:ValidateBeta81 () (at Assets/ReUI/Editor/ReUIValidation.cs:664)
ReUI.Editor.ReUIValidation:ValidateBeta82 () (at Assets/ReUI/Editor/ReUIValidation.cs:783)
ReUI.Editor.ReUIValidation:ValidateBeta83 () (at Assets/ReUI/Editor/ReUIValidation.cs:811)
ReUI.Editor.ReUIQuickAndroidBuild:Build () (at Assets/ReUI/Editor/ReUIQuickAndroidBuild.cs:43)

(Filename: Assets/ModulesShared/Diagnostics/Scripts/Debug.cs Line: 35)

barrels do not fit layout 162
UnityEngine.Debug:ExtractStackTraceNoAlloc (byte*,int,string)
UnityEngine.StackTraceUtility:ExtractStackTrace ()
UnityEngine.DebugLogHandler:Internal_Log (UnityEngine.LogType,UnityEngine.LogOption,string,UnityEngine.Object)
UnityEngine.DebugLogHandler:LogFormat (UnityEngine.LogType,UnityEngine.Object,string,object[])
UnityEngine.Logger:Log (UnityEngine.LogType,object,UnityEngine.Object)
UnityEngine.Debug:LogError (object,UnityEngine.Object)
GameDiagnostics.UnityLogger:LogError (string,UnityEngine.GameObject) (at Assets/ModulesShared/Diagnostics/Scripts/UnityLogger.cs:9)
GameDiagnostics.Trace:LogError (string) (at Assets/ModulesShared/Diagnostics/Scripts/Debug.cs:35)
GameDatabase.Utils.BarrelConverter:Convert (GameDatabase.Model.Layout,GameDatabase.Serializable.BarrelSerializable[],int) (at Assets/Modules/Database/Scripts/Utils/BarrelConverter.cs:20)
GameDatabase.DataModel.Ship:OnDataDeserialized (GameDatabase.Serializable.ShipSerializable,GameDatabase.Database/Loader) (at Assets/Modules/Database/Scripts/DataModel/Ship.cs:11)
GameDatabase.DataModel.Ship:.ctor (GameDatabase.Serializable.ShipSerializable,GameDatabase.Database/Loader) (at Assets/Modules/Database/Scripts/GeneratedGameCode/DataModel/Ship.cs:49)
GameDatabase.DataModel.Ship:Create (GameDatabase.Serializable.ShipSerializable,GameDatabase.Database/Loader) (at Assets/Modules/Database/Scripts/GeneratedGameCode/DataModel/Ship.cs:22)
GameDatabase.Database/Loader:Load () (at Assets/Modules/Database/Scripts/GeneratedGameCode/Database.cs:320)
GameDatabase.Database/Loader:Load (GameDatabase.Database,GameDatabase.Storage.DatabaseContent) (at Assets/Modules/Database/Scripts/GeneratedGameCode/Database.cs:271)
GameDatabase.Database:Load (GameDatabase.Storage.IDataStorage) (at Assets/Modules/Database/Scripts/Database.cs:153)
GameDatabase.Database:LoadDefault () (at Assets/Modules/Database/Scripts/Database.cs:94)
ReUI.Editor.ReUIValidation:ValidateBeta5ThemeAndAssets () (at Assets/ReUI/Editor/ReUIValidation.cs:1077)
ReUI.Editor.ReUIValidation:ValidateBeta5 () (at Assets/ReUI/Editor/ReUIValidation.cs:292)
ReUI.Editor.ReUIValidation:ValidateBeta52 () (at Assets/ReUI/Editor/ReUIValidation.cs:301)
ReUI.Editor.ReUIValidation:ValidateBeta6 () (at Assets/ReUI/Editor/ReUIValidation.cs:309)
ReUI.Editor.ReUIValidation:ValidateBeta7 () (at Assets/ReUI/Editor/ReUIValidation.cs:568)
ReUI.Editor.ReUIValidation:ValidateBeta81 () (at Assets/ReUI/Editor/ReUIValidation.cs:664)
ReUI.Editor.ReUIValidation:ValidateBeta82 () (at Assets/ReUI/Editor/ReUIValidation.cs:783)
ReUI.Editor.ReUIValidation:ValidateBeta83 () (at Assets/ReUI/Editor/ReUIValidation.cs:811)
ReUI.Editor.ReUIQuickAndroidBuild:Build () (at Assets/ReUI/Editor/ReUIQuickAndroidBuild.cs:43)

(Filename: Assets/ModulesShared/Diagnostics/Scripts/Debug.cs Line: 35)

barrels do not fit layout 165
UnityEngine.Debug:ExtractStackTraceNoAlloc (byte*,int,string)
UnityEngine.StackTraceUtility:ExtractStackTrace ()
UnityEngine.DebugLogHandler:Internal_Log (UnityEngine.LogType,UnityEngine.LogOption,string,UnityEngine.Object)
UnityEngine.DebugLogHandler:LogFormat (UnityEngine.LogType,UnityEngine.Object,string,object[])
UnityEngine.Logger:Log (UnityEngine.LogType,object,UnityEngine.Object)
UnityEngine.Debug:LogError (object,UnityEngine.Object)
GameDiagnostics.UnityLogger:LogError (string,UnityEngine.GameObject) (at Assets/ModulesShared/Diagnostics/Scripts/UnityLogger.cs:9)
GameDiagnostics.Trace:LogError (string) (at Assets/ModulesShared/Diagnostics/Scripts/Debug.cs:35)
GameDatabase.Utils.BarrelConverter:Convert (GameDatabase.Model.Layout,GameDatabase.Serializable.BarrelSerializable[],int) (at Assets/Modules/Database/Scripts/Utils/BarrelConverter.cs:20)
GameDatabase.DataModel.Ship:OnDataDeserialized (GameDatabase.Serializable.ShipSerializable,GameDatabase.Database/Loader) (at Assets/Modules/Database/Scripts/DataModel/Ship.cs:11)
GameDatabase.DataModel.Ship:.ctor (GameDatabase.Serializable.ShipSerializable,GameDatabase.Database/Loader) (at Assets/Modules/Database/Scripts/GeneratedGameCode/DataModel/Ship.cs:49)
GameDatabase.DataModel.Ship:Create (GameDatabase.Serializable.ShipSerializable,GameDatabase.Database/Loader) (at Assets/Modules/Database/Scripts/GeneratedGameCode/DataModel/Ship.cs:22)
GameDatabase.Database/Loader:Load () (at Assets/Modules/Database/Scripts/GeneratedGameCode/Database.cs:320)
GameDatabase.Database/Loader:Load (GameDatabase.Database,GameDatabase.Storage.DatabaseContent) (at Assets/Modules/Database/Scripts/GeneratedGameCode/Database.cs:271)
GameDatabase.Database:Load (GameDatabase.Storage.IDataStorage) (at Assets/Modules/Database/Scripts/Database.cs:153)
GameDatabase.Database:LoadDefault () (at Assets/Modules/Database/Scripts/Database.cs:94)
ReUI.Editor.ReUIValidation:ValidateBeta5ThemeAndAssets () (at Assets/ReUI/Editor/ReUIValidation.cs:1077)
ReUI.Editor.ReUIValidation:ValidateBeta5 () (at Assets/ReUI/Editor/ReUIValidation.cs:292)
ReUI.Editor.ReUIValidation:ValidateBeta52 () (at Assets/ReUI/Editor/ReUIValidation.cs:301)
ReUI.Editor.ReUIValidation:ValidateBeta6 () (at Assets/ReUI/Editor/ReUIValidation.cs:309)
ReUI.Editor.ReUIValidation:ValidateBeta7 () (at Assets/ReUI/Editor/ReUIValidation.cs:568)
ReUI.Editor.ReUIValidation:ValidateBeta81 () (at Assets/ReUI/Editor/ReUIValidation.cs:664)
ReUI.Editor.ReUIValidation:ValidateBeta82 () (at Assets/ReUI/Editor/ReUIValidation.cs:783)
ReUI.Editor.ReUIValidation:ValidateBeta83 () (at Assets/ReUI/Editor/ReUIValidation.cs:811)
ReUI.Editor.ReUIQuickAndroidBuild:Build () (at Assets/ReUI/Editor/ReUIQuickAndroidBuild.cs:43)

(Filename: Assets/ModulesShared/Diagnostics/Scripts/Debug.cs Line: 35)

barrels do not fit layout 161
UnityEngine.Debug:ExtractStackTraceNoAlloc (byte*,int,string)
UnityEngine.StackTraceUtility:ExtractStackTrace ()
UnityEngine.DebugLogHandler:Internal_Log (UnityEngine.LogType,UnityEngine.LogOption,string,UnityEngine.Object)
UnityEngine.DebugLogHandler:LogFormat (UnityEngine.LogType,UnityEngine.Object,string,object[])
UnityEngine.Logger:Log (UnityEngine.LogType,object,UnityEngine.Object)
UnityEngine.Debug:LogError (object,UnityEngine.Object)
GameDiagnostics.UnityLogger:LogError (string,UnityEngine.GameObject) (at Assets/ModulesShared/Diagnostics/Scripts/UnityLogger.cs:9)
GameDiagnostics.Trace:LogError (string) (at Assets/ModulesShared/Diagnostics/Scripts/Debug.cs:35)
GameDatabase.Utils.BarrelConverter:Convert (GameDatabase.Model.Layout,GameDatabase.Serializable.BarrelSerializable[],int) (at Assets/Modules/Database/Scripts/Utils/BarrelConverter.cs:20)
GameDatabase.DataModel.Ship:OnDataDeserialized (GameDatabase.Serializable.ShipSerializable,GameDatabase.Database/Loader) (at Assets/Modules/Database/Scripts/DataModel/Ship.cs:11)
GameDatabase.DataModel.Ship:.ctor (GameDatabase.Serializable.ShipSerializable,GameDatabase.Database/Loader) (at Assets/Modules/Database/Scripts/GeneratedGameCode/DataModel/Ship.cs:49)
GameDatabase.DataModel.Ship:Create (GameDatabase.Serializable.ShipSerializable,GameDatabase.Database/Loader) (at Assets/Modules/Database/Scripts/GeneratedGameCode/DataModel/Ship.cs:22)
GameDatabase.Database/Loader:Load () (at Assets/Modules/Database/Scripts/GeneratedGameCode/Database.cs:320)
GameDatabase.Database/Loader:Load (GameDatabase.Database,GameDatabase.Storage.DatabaseContent) (at Assets/Modules/Database/Scripts/GeneratedGameCode/Database.cs:271)
GameDatabase.Database:Load (GameDatabase.Storage.IDataStorage) (at Assets/Modules/Database/Scripts/Database.cs:153)
GameDatabase.Database:LoadDefault () (at Assets/Modules/Database/Scripts/Database.cs:94)
ReUI.Editor.ReUIValidation:ValidateBeta5ThemeAndAssets () (at Assets/ReUI/Editor/ReUIValidation.cs:1077)
ReUI.Editor.ReUIValidation:ValidateBeta5 () (at Assets/ReUI/Editor/ReUIValidation.cs:292)
ReUI.Editor.ReUIValidation:ValidateBeta52 () (at Assets/ReUI/Editor/ReUIValidation.cs:301)
ReUI.Editor.ReUIValidation:ValidateBeta6 () (at Assets/ReUI/Editor/ReUIValidation.cs:309)
ReUI.Editor.ReUIValidation:ValidateBeta7 () (at Assets/ReUI/Editor/ReUIValidation.cs:568)
ReUI.Editor.ReUIValidation:ValidateBeta81 () (at Assets/ReUI/Editor/ReUIValidation.cs:664)
ReUI.Editor.ReUIValidation:ValidateBeta82 () (at Assets/ReUI/Editor/ReUIValidation.cs:783)
ReUI.Editor.ReUIValidation:ValidateBeta83 () (at Assets/ReUI/Editor/ReUIValidation.cs:811)
ReUI.Editor.ReUIQuickAndroidBuild:Build () (at Assets/ReUI/Editor/ReUIQuickAndroidBuild.cs:43)

(Filename: Assets/ModulesShared/Diagnostics/Scripts/Debug.cs Line: 35)

barrels do not fit layout 94000
UnityEngine.Debug:ExtractStackTraceNoAlloc (byte*,int,string)
UnityEngine.StackTraceUtility:ExtractStackTrace ()
UnityEngine.DebugLogHandler:Internal_Log (UnityEngine.LogType,UnityEngine.LogOption,string,UnityEngine.Object)
UnityEngine.DebugLogHandler:LogFormat (UnityEngine.LogType,UnityEngine.Object,string,object[])
UnityEngine.Logger:Log (UnityEngine.LogType,object,UnityEngine.Object)
UnityEngine.Debug:LogError (object,UnityEngine.Object)
GameDiagnostics.UnityLogger:LogError (string,UnityEngine.GameObject) (at Assets/ModulesShared/Diagnostics/Scripts/UnityLogger.cs:9)
GameDiagnostics.Trace:LogError (string) (at Assets/ModulesShared/Diagnostics/Scripts/Debug.cs:35)
GameDatabase.Utils.BarrelConverter:Convert (GameDatabase.Model.Layout,GameDatabase.Serializable.BarrelSerializable[],int) (at Assets/Modules/Database/Scripts/Utils/BarrelConverter.cs:20)
GameDatabase.DataModel.Ship:OnDataDeserialized (GameDatabase.Serializable.ShipSerializable,GameDatabase.Database/Loader) (at Assets/Modules/Database/Scripts/DataModel/Ship.cs:11)
GameDatabase.DataModel.Ship:.ctor (GameDatabase.Serializable.ShipSerializable,GameDatabase.Database/Loader) (at Assets/Modules/Database/Scripts/GeneratedGameCode/DataModel/Ship.cs:49)
GameDatabase.DataModel.Ship:Create (GameDatabase.Serializable.ShipSerializable,GameDatabase.Database/Loader) (at Assets/Modules/Database/Scripts/GeneratedGameCode/DataModel/Ship.cs:22)
GameDatabase.Database/Loader:Load () (at Assets/Modules/Database/Scripts/GeneratedGameCode/Database.cs:320)
GameDatabase.Database/Loader:Load (GameDatabase.Database,GameDatabase.Storage.DatabaseContent) (at Assets/Modules/Database/Scripts/GeneratedGameCode/Database.cs:271)
GameDatabase.Database:Load (GameDatabase.Storage.IDataStorage) (at Assets/Modules/Database/Scripts/Database.cs:153)
GameDatabase.Database:LoadDefault () (at Assets/Modules/Database/Scripts/Database.cs:94)
ReUI.Editor.ReUIValidation:ValidateBeta5ThemeAndAssets () (at Assets/ReUI/Editor/ReUIValidation.cs:1077)
ReUI.Editor.ReUIValidation:ValidateBeta5 () (at Assets/ReUI/Editor/ReUIValidation.cs:292)
ReUI.Editor.ReUIValidation:ValidateBeta52 () (at Assets/ReUI/Editor/ReUIValidation.cs:301)
ReUI.Editor.ReUIValidation:ValidateBeta6 () (at Assets/ReUI/Editor/ReUIValidation.cs:309)
ReUI.Editor.ReUIValidation:ValidateBeta7 () (at Assets/ReUI/Editor/ReUIValidation.cs:568)
ReUI.Editor.ReUIValidation:ValidateBeta81 () (at Assets/ReUI/Editor/ReUIValidation.cs:664)
ReUI.Editor.ReUIValidation:ValidateBeta82 () (at Assets/ReUI/Editor/ReUIValidation.cs:783)
ReUI.Editor.ReUIValidation:ValidateBeta83 () (at Assets/ReUI/Editor/ReUIValidation.cs:811)
ReUI.Editor.ReUIQuickAndroidBuild:Build () (at Assets/ReUI/Editor/ReUIQuickAndroidBuild.cs:43)

(Filename: Assets/ModulesShared/Diagnostics/Scripts/Debug.cs Line: 35)

barrels do not fit layout 1145141
UnityEngine.Debug:ExtractStackTraceNoAlloc (byte*,int,string)
UnityEngine.StackTraceUtility:ExtractStackTrace ()
UnityEngine.DebugLogHandler:Internal_Log (UnityEngine.LogType,UnityEngine.LogOption,string,UnityEngine.Object)
UnityEngine.DebugLogHandler:LogFormat (UnityEngine.LogType,UnityEngine.Object,string,object[])
UnityEngine.Logger:Log (UnityEngine.LogType,object,UnityEngine.Object)
UnityEngine.Debug:LogError (object,UnityEngine.Object)
GameDiagnostics.UnityLogger:LogError (string,UnityEngine.GameObject) (at Assets/ModulesShared/Diagnostics/Scripts/UnityLogger.cs:9)
GameDiagnostics.Trace:LogError (string) (at Assets/ModulesShared/Diagnostics/Scripts/Debug.cs:35)
GameDatabase.Utils.BarrelConverter:Convert (GameDatabase.Model.Layout,GameDatabase.Serializable.BarrelSerializable[],int) (at Assets/Modules/Database/Scripts/Utils/BarrelConverter.cs:20)
GameDatabase.DataModel.Ship:OnDataDeserialized (GameDatabase.Serializable.ShipSerializable,GameDatabase.Database/Loader) (at Assets/Modules/Database/Scripts/DataModel/Ship.cs:11)
GameDatabase.DataModel.Ship:.ctor (GameDatabase.Serializable.ShipSerializable,GameDatabase.Database/Loader) (at Assets/Modules/Database/Scripts/GeneratedGameCode/DataModel/Ship.cs:49)
GameDatabase.DataModel.Ship:Create (GameDatabase.Serializable.ShipSerializable,GameDatabase.Database/Loader) (at Assets/Modules/Database/Scripts/GeneratedGameCode/DataModel/Ship.cs:22)
GameDatabase.Database/Loader:Load () (at Assets/Modules/Database/Scripts/GeneratedGameCode/Database.cs:320)
GameDatabase.Database/Loader:Load (GameDatabase.Database,GameDatabase.Storage.DatabaseContent) (at Assets/Modules/Database/Scripts/GeneratedGameCode/Database.cs:271)
GameDatabase.Database:Load (GameDatabase.Storage.IDataStorage) (at Assets/Modules/Database/Scripts/Database.cs:153)
GameDatabase.Database:LoadDefault () (at Assets/Modules/Database/Scripts/Database.cs:94)
ReUI.Editor.ReUIValidation:ValidateBeta5ThemeAndAssets () (at Assets/ReUI/Editor/ReUIValidation.cs:1077)
ReUI.Editor.ReUIValidation:ValidateBeta5 () (at Assets/ReUI/Editor/ReUIValidation.cs:292)
ReUI.Editor.ReUIValidation:ValidateBeta52 () (at Assets/ReUI/Editor/ReUIValidation.cs:301)
ReUI.Editor.ReUIValidation:ValidateBeta6 () (at Assets/ReUI/Editor/ReUIValidation.cs:309)
ReUI.Editor.ReUIValidation:ValidateBeta7 () (at Assets/ReUI/Editor/ReUIValidation.cs:568)
ReUI.Editor.ReUIValidation:ValidateBeta81 () (at Assets/ReUI/Editor/ReUIValidation.cs:664)
ReUI.Editor.ReUIValidation:ValidateBeta82 () (at Assets/ReUI/Editor/ReUIValidation.cs:783)
ReUI.Editor.ReUIValidation:ValidateBeta83 () (at Assets/ReUI/Editor/ReUIValidation.cs:811)
ReUI.Editor.ReUIQuickAndroidBuild:Build () (at Assets/ReUI/Editor/ReUIQuickAndroidBuild.cs:43)

(Filename: Assets/ModulesShared/Diagnostics/Scripts/Debug.cs Line: 35)

barrels do not fit layout 1145142
UnityEngine.Debug:ExtractStackTraceNoAlloc (byte*,int,string)
UnityEngine.StackTraceUtility:ExtractStackTrace ()
UnityEngine.DebugLogHandler:Internal_Log (UnityEngine.LogType,UnityEngine.LogOption,string,UnityEngine.Object)
UnityEngine.DebugLogHandler:LogFormat (UnityEngine.LogType,UnityEngine.Object,string,object[])
UnityEngine.Logger:Log (UnityEngine.LogType,object,UnityEngine.Object)
UnityEngine.Debug:LogError (object,UnityEngine.Object)
GameDiagnostics.UnityLogger:LogError (string,UnityEngine.GameObject) (at Assets/ModulesShared/Diagnostics/Scripts/UnityLogger.cs:9)
GameDiagnostics.Trace:LogError (string) (at Assets/ModulesShared/Diagnostics/Scripts/Debug.cs:35)
GameDatabase.Utils.BarrelConverter:Convert (GameDatabase.Model.Layout,GameDatabase.Serializable.BarrelSerializable[],int) (at Assets/Modules/Database/Scripts/Utils/BarrelConverter.cs:20)
GameDatabase.DataModel.Ship:OnDataDeserialized (GameDatabase.Serializable.ShipSerializable,GameDatabase.Database/Loader) (at Assets/Modules/Database/Scripts/DataModel/Ship.cs:11)
GameDatabase.DataModel.Ship:.ctor (GameDatabase.Serializable.ShipSerializable,GameDatabase.Database/Loader) (at Assets/Modules/Database/Scripts/GeneratedGameCode/DataModel/Ship.cs:49)
GameDatabase.DataModel.Ship:Create (GameDatabase.Serializable.ShipSerializable,GameDatabase.Database/Loader) (at Assets/Modules/Database/Scripts/GeneratedGameCode/DataModel/Ship.cs:22)
GameDatabase.Database/Loader:Load () (at Assets/Modules/Database/Scripts/GeneratedGameCode/Database.cs:320)
GameDatabase.Database/Loader:Load (GameDatabase.Database,GameDatabase.Storage.DatabaseContent) (at Assets/Modules/Database/Scripts/GeneratedGameCode/Database.cs:271)
GameDatabase.Database:Load (GameDatabase.Storage.IDataStorage) (at Assets/Modules/Database/Scripts/Database.cs:153)
GameDatabase.Database:LoadDefault () (at Assets/Modules/Database/Scripts/Database.cs:94)
ReUI.Editor.ReUIValidation:ValidateBeta5ThemeAndAssets () (at Assets/ReUI/Editor/ReUIValidation.cs:1077)
ReUI.Editor.ReUIValidation:ValidateBeta5 () (at Assets/ReUI/Editor/ReUIValidation.cs:292)
ReUI.Editor.ReUIValidation:ValidateBeta52 () (at Assets/ReUI/Editor/ReUIValidation.cs:301)
ReUI.Editor.ReUIValidation:ValidateBeta6 () (at Assets/ReUI/Editor/ReUIValidation.cs:309)
ReUI.Editor.ReUIValidation:ValidateBeta7 () (at Assets/ReUI/Editor/ReUIValidation.cs:568)
ReUI.Editor.ReUIValidation:ValidateBeta81 () (at Assets/ReUI/Editor/ReUIValidation.cs:664)
ReUI.Editor.ReUIValidation:ValidateBeta82 () (at Assets/ReUI/Editor/ReUIValidation.cs:783)
ReUI.Editor.ReUIValidation:ValidateBeta83 () (at Assets/ReUI/Editor/ReUIValidation.cs:811)
ReUI.Editor.ReUIQuickAndroidBuild:Build () (at Assets/ReUI/Editor/ReUIQuickAndroidBuild.cs:43)

(Filename: Assets/ModulesShared/Diagnostics/Scripts/Debug.cs Line: 35)

barrels do not fit layout 114514
UnityEngine.Debug:ExtractStackTraceNoAlloc (byte*,int,string)
UnityEngine.StackTraceUtility:ExtractStackTrace ()
UnityEngine.DebugLogHandler:Internal_Log (UnityEngine.LogType,UnityEngine.LogOption,string,UnityEngine.Object)
UnityEngine.DebugLogHandler:LogFormat (UnityEngine.LogType,UnityEngine.Object,string,object[])
UnityEngine.Logger:Log (UnityEngine.LogType,object,UnityEngine.Object)
UnityEngine.Debug:LogError (object,UnityEngine.Object)
GameDiagnostics.UnityLogger:LogError (string,UnityEngine.GameObject) (at Assets/ModulesShared/Diagnostics/Scripts/UnityLogger.cs:9)
GameDiagnostics.Trace:LogError (string) (at Assets/ModulesShared/Diagnostics/Scripts/Debug.cs:35)
GameDatabase.Utils.BarrelConverter:Convert (GameDatabase.Model.Layout,GameDatabase.Serializable.BarrelSerializable[],int) (at Assets/Modules/Database/Scripts/Utils/BarrelConverter.cs:20)
GameDatabase.DataModel.Ship:OnDataDeserialized (GameDatabase.Serializable.ShipSerializable,GameDatabase.Database/Loader) (at Assets/Modules/Database/Scripts/DataModel/Ship.cs:11)
GameDatabase.DataModel.Ship:.ctor (GameDatabase.Serializable.ShipSerializable,GameDatabase.Database/Loader) (at Assets/Modules/Database/Scripts/GeneratedGameCode/DataModel/Ship.cs:49)
GameDatabase.DataModel.Ship:Create (GameDatabase.Serializable.ShipSerializable,GameDatabase.Database/Loader) (at Assets/Modules/Database/Scripts/GeneratedGameCode/DataModel/Ship.cs:22)
GameDatabase.Database/Loader:Load () (at Assets/Modules/Database/Scripts/GeneratedGameCode/Database.cs:320)
GameDatabase.Database/Loader:Load (GameDatabase.Database,GameDatabase.Storage.DatabaseContent) (at Assets/Modules/Database/Scripts/GeneratedGameCode/Database.cs:271)
GameDatabase.Database:Load (GameDatabase.Storage.IDataStorage) (at Assets/Modules/Database/Scripts/Database.cs:153)
GameDatabase.Database:LoadDefault () (at Assets/Modules/Database/Scripts/Database.cs:94)
ReUI.Editor.ReUIValidation:ValidateBeta5ThemeAndAssets () (at Assets/ReUI/Editor/ReUIValidation.cs:1077)
ReUI.Editor.ReUIValidation:ValidateBeta5 () (at Assets/ReUI/Editor/ReUIValidation.cs:292)
ReUI.Editor.ReUIValidation:ValidateBeta52 () (at Assets/ReUI/Editor/ReUIValidation.cs:301)
ReUI.Editor.ReUIValidation:ValidateBeta6 () (at Assets/ReUI/Editor/ReUIValidation.cs:309)
ReUI.Editor.ReUIValidation:ValidateBeta7 () (at Assets/ReUI/Editor/ReUIValidation.cs:568)
ReUI.Editor.ReUIValidation:ValidateBeta81 () (at Assets/ReUI/Editor/ReUIValidation.cs:664)
ReUI.Editor.ReUIValidation:ValidateBeta82 () (at Assets/ReUI/Editor/ReUIValidation.cs:783)
ReUI.Editor.ReUIValidation:ValidateBeta83 () (at Assets/ReUI/Editor/ReUIValidation.cs:811)
ReUI.Editor.ReUIQuickAndroidBuild:Build () (at Assets/ReUI/Editor/ReUIQuickAndroidBuild.cs:43)

(Filename: Assets/ModulesShared/Diagnostics/Scripts/Debug.cs Line: 35)

[Beta5 Validation] uiTheme=player-selectable, presentation=classic-ugui, settings=serialized-controls, shipEditor=ui-settings, captain=authored-png, factionIcons=21-28-authored-png, runtimeScope=settings-palette-plus-specialized-ship-editor-and-combat
[Beta5.2 Validation] picker=large-sv-square, hue=vertical-strip, apply=explicit-and-persistent, classicTheme=live-refreshed
Asset Pipeline Refresh (id=5920a7be0ed69d74ea459b4b59b8890c): Total: 0.003 seconds - Initiated by RefreshV2(NoUpdateAssetOptions)
barrels do not fit layout 163
UnityEngine.Debug:ExtractStackTraceNoAlloc (byte*,int,string)
UnityEngine.StackTraceUtility:ExtractStackTrace ()
UnityEngine.DebugLogHandler:Internal_Log (UnityEngine.LogType,UnityEngine.LogOption,string,UnityEngine.Object)
UnityEngine.DebugLogHandler:LogFormat (UnityEngine.LogType,UnityEngine.Object,string,object[])
UnityEngine.Logger:Log (UnityEngine.LogType,object,UnityEngine.Object)
UnityEngine.Debug:LogError (object,UnityEngine.Object)
GameDiagnostics.UnityLogger:LogError (string,UnityEngine.GameObject) (at Assets/ModulesShared/Diagnostics/Scripts/UnityLogger.cs:9)
GameDiagnostics.Trace:LogError (string) (at Assets/ModulesShared/Diagnostics/Scripts/Debug.cs:35)
GameDatabase.Utils.BarrelConverter:Convert (GameDatabase.Model.Layout,GameDatabase.Serializable.BarrelSerializable[],int) (at Assets/Modules/Database/Scripts/Utils/BarrelConverter.cs:20)
GameDatabase.DataModel.Ship:OnDataDeserialized (GameDatabase.Serializable.ShipSerializable,GameDatabase.Database/Loader) (at Assets/Modules/Database/Scripts/DataModel/Ship.cs:11)
GameDatabase.DataModel.Ship:.ctor (GameDatabase.Serializable.ShipSerializable,GameDatabase.Database/Loader) (at Assets/Modules/Database/Scripts/GeneratedGameCode/DataModel/Ship.cs:49)
GameDatabase.DataModel.Ship:Create (GameDatabase.Serializable.ShipSerializable,GameDatabase.Database/Loader) (at Assets/Modules/Database/Scripts/GeneratedGameCode/DataModel/Ship.cs:22)
GameDatabase.Database/Loader:GetShip (GameDatabase.Model.ItemId`1<GameDatabase.DataModel.Ship>,bool) (at Assets/Modules/Database/Scripts/GeneratedGameCode/Database.cs:535)
GameDatabase.DataModel.ShipBuild:.ctor (GameDatabase.Serializable.ShipBuildSerializable,GameDatabase.Database/Loader) (at Assets/Modules/Database/Scripts/GeneratedGameCode/DataModel/ShipBuild.cs:30)
GameDatabase.DataModel.ShipBuild:Create (GameDatabase.Serializable.ShipBuildSerializable,GameDatabase.Database/Loader) (at Assets/Modules/Database/Scripts/GeneratedGameCode/DataModel/ShipBuild.cs:22)
GameDatabase.Database/Loader:GetShipBuild (GameDatabase.Model.ItemId`1<GameDatabase.DataModel.ShipBuild>,bool) (at Assets/Modules/Database/Scripts/GeneratedGameCode/Database.cs:545)
GameDatabase.DataModel.Component:.ctor (GameDatabase.Serializable.ComponentSerializable,GameDatabase.Database/Loader) (at Assets/Modules/Database/Scripts/GeneratedGameCode/DataModel/Component.cs:49)
GameDatabase.DataModel.Component:Create (GameDatabase.Serializable.ComponentSerializable,GameDatabase.Database/Loader) (at Assets/Modules/Database/Scripts/GeneratedGameCode/DataModel/Component.cs:22)
GameDatabase.Database/Loader:Load () (at Assets/Modules/Database/Scripts/GeneratedGameCode/Database.cs:287)
GameDatabase.Database/Loader:Load (GameDatabase.Database,GameDatabase.Storage.DatabaseContent) (at Assets/Modules/Database/Scripts/GeneratedGameCode/Database.cs:271)
GameDatabase.Database:Load (GameDatabase.Storage.IDataStorage) (at Assets/Modules/Database/Scripts/Database.cs:153)
GameDatabase.Database:LoadDefault () (at Assets/Modules/Database/Scripts/Database.cs:94)
ReUI.Editor.ReUIValidation:ValidateBeta6 () (at Assets/ReUI/Editor/ReUIValidation.cs:312)
ReUI.Editor.ReUIValidation:ValidateBeta7 () (at Assets/ReUI/Editor/ReUIValidation.cs:568)
ReUI.Editor.ReUIValidation:ValidateBeta81 () (at Assets/ReUI/Editor/ReUIValidation.cs:664)
ReUI.Editor.ReUIValidation:ValidateBeta82 () (at Assets/ReUI/Editor/ReUIValidation.cs:783)
ReUI.Editor.ReUIValidation:ValidateBeta83 () (at Assets/ReUI/Editor/ReUIValidation.cs:811)
ReUI.Editor.ReUIQuickAndroidBuild:Build () (at Assets/ReUI/Editor/ReUIQuickAndroidBuild.cs:43)

(Filename: Assets/ModulesShared/Diagnostics/Scripts/Debug.cs Line: 35)

barrels do not fit layout 164
UnityEngine.Debug:ExtractStackTraceNoAlloc (byte*,int,string)
UnityEngine.StackTraceUtility:ExtractStackTrace ()
UnityEngine.DebugLogHandler:Internal_Log (UnityEngine.LogType,UnityEngine.LogOption,string,UnityEngine.Object)
UnityEngine.DebugLogHandler:LogFormat (UnityEngine.LogType,UnityEngine.Object,string,object[])
UnityEngine.Logger:Log (UnityEngine.LogType,object,UnityEngine.Object)
UnityEngine.Debug:LogError (object,UnityEngine.Object)
GameDiagnostics.UnityLogger:LogError (string,UnityEngine.GameObject) (at Assets/ModulesShared/Diagnostics/Scripts/UnityLogger.cs:9)
GameDiagnostics.Trace:LogError (string) (at Assets/ModulesShared/Diagnostics/Scripts/Debug.cs:35)
GameDatabase.Utils.BarrelConverter:Convert (GameDatabase.Model.Layout,GameDatabase.Serializable.BarrelSerializable[],int) (at Assets/Modules/Database/Scripts/Utils/BarrelConverter.cs:20)
GameDatabase.DataModel.Ship:OnDataDeserialized (GameDatabase.Serializable.ShipSerializable,GameDatabase.Database/Loader) (at Assets/Modules/Database/Scripts/DataModel/Ship.cs:11)
GameDatabase.DataModel.Ship:.ctor (GameDatabase.Serializable.ShipSerializable,GameDatabase.Database/Loader) (at Assets/Modules/Database/Scripts/GeneratedGameCode/DataModel/Ship.cs:49)
GameDatabase.DataModel.Ship:Create (GameDatabase.Serializable.ShipSerializable,GameDatabase.Database/Loader) (at Assets/Modules/Database/Scripts/GeneratedGameCode/DataModel/Ship.cs:22)
GameDatabase.Database/Loader:Load () (at Assets/Modules/Database/Scripts/GeneratedGameCode/Database.cs:320)
GameDatabase.Database/Loader:Load (GameDatabase.Database,GameDatabase.Storage.DatabaseContent) (at Assets/Modules/Database/Scripts/GeneratedGameCode/Database.cs:271)
GameDatabase.Database:Load (GameDatabase.Storage.IDataStorage) (at Assets/Modules/Database/Scripts/Database.cs:153)
GameDatabase.Database:LoadDefault () (at Assets/Modules/Database/Scripts/Database.cs:94)
ReUI.Editor.ReUIValidation:ValidateBeta6 () (at Assets/ReUI/Editor/ReUIValidation.cs:312)
ReUI.Editor.ReUIValidation:ValidateBeta7 () (at Assets/ReUI/Editor/ReUIValidation.cs:568)
ReUI.Editor.ReUIValidation:ValidateBeta81 () (at Assets/ReUI/Editor/ReUIValidation.cs:664)
ReUI.Editor.ReUIValidation:ValidateBeta82 () (at Assets/ReUI/Editor/ReUIValidation.cs:783)
ReUI.Editor.ReUIValidation:ValidateBeta83 () (at Assets/ReUI/Editor/ReUIValidation.cs:811)
ReUI.Editor.ReUIQuickAndroidBuild:Build () (at Assets/ReUI/Editor/ReUIQuickAndroidBuild.cs:43)

(Filename: Assets/ModulesShared/Diagnostics/Scripts/Debug.cs Line: 35)

barrels do not fit layout 162
UnityEngine.Debug:ExtractStackTraceNoAlloc (byte*,int,string)
UnityEngine.StackTraceUtility:ExtractStackTrace ()
UnityEngine.DebugLogHandler:Internal_Log (UnityEngine.LogType,UnityEngine.LogOption,string,UnityEngine.Object)
UnityEngine.DebugLogHandler:LogFormat (UnityEngine.LogType,UnityEngine.Object,string,object[])
UnityEngine.Logger:Log (UnityEngine.LogType,object,UnityEngine.Object)
UnityEngine.Debug:LogError (object,UnityEngine.Object)
GameDiagnostics.UnityLogger:LogError (string,UnityEngine.GameObject) (at Assets/ModulesShared/Diagnostics/Scripts/UnityLogger.cs:9)
GameDiagnostics.Trace:LogError (string) (at Assets/ModulesShared/Diagnostics/Scripts/Debug.cs:35)
GameDatabase.Utils.BarrelConverter:Convert (GameDatabase.Model.Layout,GameDatabase.Serializable.BarrelSerializable[],int) (at Assets/Modules/Database/Scripts/Utils/BarrelConverter.cs:20)
GameDatabase.DataModel.Ship:OnDataDeserialized (GameDatabase.Serializable.ShipSerializable,GameDatabase.Database/Loader) (at Assets/Modules/Database/Scripts/DataModel/Ship.cs:11)
GameDatabase.DataModel.Ship:.ctor (GameDatabase.Serializable.ShipSerializable,GameDatabase.Database/Loader) (at Assets/Modules/Database/Scripts/GeneratedGameCode/DataModel/Ship.cs:49)
GameDatabase.DataModel.Ship:Create (GameDatabase.Serializable.ShipSerializable,GameDatabase.Database/Loader) (at Assets/Modules/Database/Scripts/GeneratedGameCode/DataModel/Ship.cs:22)
GameDatabase.Database/Loader:Load () (at Assets/Modules/Database/Scripts/GeneratedGameCode/Database.cs:320)
GameDatabase.Database/Loader:Load (GameDatabase.Database,GameDatabase.Storage.DatabaseContent) (at Assets/Modules/Database/Scripts/GeneratedGameCode/Database.cs:271)
GameDatabase.Database:Load (GameDatabase.Storage.IDataStorage) (at Assets/Modules/Database/Scripts/Database.cs:153)
GameDatabase.Database:LoadDefault () (at Assets/Modules/Database/Scripts/Database.cs:94)
ReUI.Editor.ReUIValidation:ValidateBeta6 () (at Assets/ReUI/Editor/ReUIValidation.cs:312)
ReUI.Editor.ReUIValidation:ValidateBeta7 () (at Assets/ReUI/Editor/ReUIValidation.cs:568)
ReUI.Editor.ReUIValidation:ValidateBeta81 () (at Assets/ReUI/Editor/ReUIValidation.cs:664)
ReUI.Editor.ReUIValidation:ValidateBeta82 () (at Assets/ReUI/Editor/ReUIValidation.cs:783)
ReUI.Editor.ReUIValidation:ValidateBeta83 () (at Assets/ReUI/Editor/ReUIValidation.cs:811)
ReUI.Editor.ReUIQuickAndroidBuild:Build () (at Assets/ReUI/Editor/ReUIQuickAndroidBuild.cs:43)

(Filename: Assets/ModulesShared/Diagnostics/Scripts/Debug.cs Line: 35)

barrels do not fit layout 165
UnityEngine.Debug:ExtractStackTraceNoAlloc (byte*,int,string)
UnityEngine.StackTraceUtility:ExtractStackTrace ()
UnityEngine.DebugLogHandler:Internal_Log (UnityEngine.LogType,UnityEngine.LogOption,string,UnityEngine.Object)
UnityEngine.DebugLogHandler:LogFormat (UnityEngine.LogType,UnityEngine.Object,string,object[])
UnityEngine.Logger:Log (UnityEngine.LogType,object,UnityEngine.Object)
UnityEngine.Debug:LogError (object,UnityEngine.Object)
GameDiagnostics.UnityLogger:LogError (string,UnityEngine.GameObject) (at Assets/ModulesShared/Diagnostics/Scripts/UnityLogger.cs:9)
GameDiagnostics.Trace:LogError (string) (at Assets/ModulesShared/Diagnostics/Scripts/Debug.cs:35)
GameDatabase.Utils.BarrelConverter:Convert (GameDatabase.Model.Layout,GameDatabase.Serializable.BarrelSerializable[],int) (at Assets/Modules/Database/Scripts/Utils/BarrelConverter.cs:20)
GameDatabase.DataModel.Ship:OnDataDeserialized (GameDatabase.Serializable.ShipSerializable,GameDatabase.Database/Loader) (at Assets/Modules/Database/Scripts/DataModel/Ship.cs:11)
GameDatabase.DataModel.Ship:.ctor (GameDatabase.Serializable.ShipSerializable,GameDatabase.Database/Loader) (at Assets/Modules/Database/Scripts/GeneratedGameCode/DataModel/Ship.cs:49)
GameDatabase.DataModel.Ship:Create (GameDatabase.Serializable.ShipSerializable,GameDatabase.Database/Loader) (at Assets/Modules/Database/Scripts/GeneratedGameCode/DataModel/Ship.cs:22)
GameDatabase.Database/Loader:Load () (at Assets/Modules/Database/Scripts/GeneratedGameCode/Database.cs:320)
GameDatabase.Database/Loader:Load (GameDatabase.Database,GameDatabase.Storage.DatabaseContent) (at Assets/Modules/Database/Scripts/GeneratedGameCode/Database.cs:271)
GameDatabase.Database:Load (GameDatabase.Storage.IDataStorage) (at Assets/Modules/Database/Scripts/Database.cs:153)
GameDatabase.Database:LoadDefault () (at Assets/Modules/Database/Scripts/Database.cs:94)
ReUI.Editor.ReUIValidation:ValidateBeta6 () (at Assets/ReUI/Editor/ReUIValidation.cs:312)
ReUI.Editor.ReUIValidation:ValidateBeta7 () (at Assets/ReUI/Editor/ReUIValidation.cs:568)
ReUI.Editor.ReUIValidation:ValidateBeta81 () (at Assets/ReUI/Editor/ReUIValidation.cs:664)
ReUI.Editor.ReUIValidation:ValidateBeta82 () (at Assets/ReUI/Editor/ReUIValidation.cs:783)
ReUI.Editor.ReUIValidation:ValidateBeta83 () (at Assets/ReUI/Editor/ReUIValidation.cs:811)
ReUI.Editor.ReUIQuickAndroidBuild:Build () (at Assets/ReUI/Editor/ReUIQuickAndroidBuild.cs:43)

(Filename: Assets/ModulesShared/Diagnostics/Scripts/Debug.cs Line: 35)

barrels do not fit layout 161
UnityEngine.Debug:ExtractStackTraceNoAlloc (byte*,int,string)
UnityEngine.StackTraceUtility:ExtractStackTrace ()
UnityEngine.DebugLogHandler:Internal_Log (UnityEngine.LogType,UnityEngine.LogOption,string,UnityEngine.Object)
UnityEngine.DebugLogHandler:LogFormat (UnityEngine.LogType,UnityEngine.Object,string,object[])
UnityEngine.Logger:Log (UnityEngine.LogType,object,UnityEngine.Object)
UnityEngine.Debug:LogError (object,UnityEngine.Object)
GameDiagnostics.UnityLogger:LogError (string,UnityEngine.GameObject) (at Assets/ModulesShared/Diagnostics/Scripts/UnityLogger.cs:9)
GameDiagnostics.Trace:LogError (string) (at Assets/ModulesShared/Diagnostics/Scripts/Debug.cs:35)
GameDatabase.Utils.BarrelConverter:Convert (GameDatabase.Model.Layout,GameDatabase.Serializable.BarrelSerializable[],int) (at Assets/Modules/Database/Scripts/Utils/BarrelConverter.cs:20)
GameDatabase.DataModel.Ship:OnDataDeserialized (GameDatabase.Serializable.ShipSerializable,GameDatabase.Database/Loader) (at Assets/Modules/Database/Scripts/DataModel/Ship.cs:11)
GameDatabase.DataModel.Ship:.ctor (GameDatabase.Serializable.ShipSerializable,GameDatabase.Database/Loader) (at Assets/Modules/Database/Scripts/GeneratedGameCode/DataModel/Ship.cs:49)
GameDatabase.DataModel.Ship:Create (GameDatabase.Serializable.ShipSerializable,GameDatabase.Database/Loader) (at Assets/Modules/Database/Scripts/GeneratedGameCode/DataModel/Ship.cs:22)
GameDatabase.Database/Loader:Load () (at Assets/Modules/Database/Scripts/GeneratedGameCode/Database.cs:320)
GameDatabase.Database/Loader:Load (GameDatabase.Database,GameDatabase.Storage.DatabaseContent) (at Assets/Modules/Database/Scripts/GeneratedGameCode/Database.cs:271)
GameDatabase.Database:Load (GameDatabase.Storage.IDataStorage) (at Assets/Modules/Database/Scripts/Database.cs:153)
GameDatabase.Database:LoadDefault () (at Assets/Modules/Database/Scripts/Database.cs:94)
ReUI.Editor.ReUIValidation:ValidateBeta6 () (at Assets/ReUI/Editor/ReUIValidation.cs:312)
ReUI.Editor.ReUIValidation:ValidateBeta7 () (at Assets/ReUI/Editor/ReUIValidation.cs:568)
ReUI.Editor.ReUIValidation:ValidateBeta81 () (at Assets/ReUI/Editor/ReUIValidation.cs:664)
ReUI.Editor.ReUIValidation:ValidateBeta82 () (at Assets/ReUI/Editor/ReUIValidation.cs:783)
ReUI.Editor.ReUIValidation:ValidateBeta83 () (at Assets/ReUI/Editor/ReUIValidation.cs:811)
ReUI.Editor.ReUIQuickAndroidBuild:Build () (at Assets/ReUI/Editor/ReUIQuickAndroidBuild.cs:43)

(Filename: Assets/ModulesShared/Diagnostics/Scripts/Debug.cs Line: 35)

barrels do not fit layout 94000
UnityEngine.Debug:ExtractStackTraceNoAlloc (byte*,int,string)
UnityEngine.StackTraceUtility:ExtractStackTrace ()
UnityEngine.DebugLogHandler:Internal_Log (UnityEngine.LogType,UnityEngine.LogOption,string,UnityEngine.Object)
UnityEngine.DebugLogHandler:LogFormat (UnityEngine.LogType,UnityEngine.Object,string,object[])
UnityEngine.Logger:Log (UnityEngine.LogType,object,UnityEngine.Object)
UnityEngine.Debug:LogError (object,UnityEngine.Object)
GameDiagnostics.UnityLogger:LogError (string,UnityEngine.GameObject) (at Assets/ModulesShared/Diagnostics/Scripts/UnityLogger.cs:9)
GameDiagnostics.Trace:LogError (string) (at Assets/ModulesShared/Diagnostics/Scripts/Debug.cs:35)
GameDatabase.Utils.BarrelConverter:Convert (GameDatabase.Model.Layout,GameDatabase.Serializable.BarrelSerializable[],int) (at Assets/Modules/Database/Scripts/Utils/BarrelConverter.cs:20)
GameDatabase.DataModel.Ship:OnDataDeserialized (GameDatabase.Serializable.ShipSerializable,GameDatabase.Database/Loader) (at Assets/Modules/Database/Scripts/DataModel/Ship.cs:11)
GameDatabase.DataModel.Ship:.ctor (GameDatabase.Serializable.ShipSerializable,GameDatabase.Database/Loader) (at Assets/Modules/Database/Scripts/GeneratedGameCode/DataModel/Ship.cs:49)
GameDatabase.DataModel.Ship:Create (GameDatabase.Serializable.ShipSerializable,GameDatabase.Database/Loader) (at Assets/Modules/Database/Scripts/GeneratedGameCode/DataModel/Ship.cs:22)
GameDatabase.Database/Loader:Load () (at Assets/Modules/Database/Scripts/GeneratedGameCode/Database.cs:320)
GameDatabase.Database/Loader:Load (GameDatabase.Database,GameDatabase.Storage.DatabaseContent) (at Assets/Modules/Database/Scripts/GeneratedGameCode/Database.cs:271)
GameDatabase.Database:Load (GameDatabase.Storage.IDataStorage) (at Assets/Modules/Database/Scripts/Database.cs:153)
GameDatabase.Database:LoadDefault () (at Assets/Modules/Database/Scripts/Database.cs:94)
ReUI.Editor.ReUIValidation:ValidateBeta6 () (at Assets/ReUI/Editor/ReUIValidation.cs:312)
ReUI.Editor.ReUIValidation:ValidateBeta7 () (at Assets/ReUI/Editor/ReUIValidation.cs:568)
ReUI.Editor.ReUIValidation:ValidateBeta81 () (at Assets/ReUI/Editor/ReUIValidation.cs:664)
ReUI.Editor.ReUIValidation:ValidateBeta82 () (at Assets/ReUI/Editor/ReUIValidation.cs:783)
ReUI.Editor.ReUIValidation:ValidateBeta83 () (at Assets/ReUI/Editor/ReUIValidation.cs:811)
ReUI.Editor.ReUIQuickAndroidBuild:Build () (at Assets/ReUI/Editor/ReUIQuickAndroidBuild.cs:43)

(Filename: Assets/ModulesShared/Diagnostics/Scripts/Debug.cs Line: 35)

barrels do not fit layout 1145141
UnityEngine.Debug:ExtractStackTraceNoAlloc (byte*,int,string)
UnityEngine.StackTraceUtility:ExtractStackTrace ()
UnityEngine.DebugLogHandler:Internal_Log (UnityEngine.LogType,UnityEngine.LogOption,string,UnityEngine.Object)
UnityEngine.DebugLogHandler:LogFormat (UnityEngine.LogType,UnityEngine.Object,string,object[])
UnityEngine.Logger:Log (UnityEngine.LogType,object,UnityEngine.Object)
UnityEngine.Debug:LogError (object,UnityEngine.Object)
GameDiagnostics.UnityLogger:LogError (string,UnityEngine.GameObject) (at Assets/ModulesShared/Diagnostics/Scripts/UnityLogger.cs:9)
GameDiagnostics.Trace:LogError (string) (at Assets/ModulesShared/Diagnostics/Scripts/Debug.cs:35)
GameDatabase.Utils.BarrelConverter:Convert (GameDatabase.Model.Layout,GameDatabase.Serializable.BarrelSerializable[],int) (at Assets/Modules/Database/Scripts/Utils/BarrelConverter.cs:20)
GameDatabase.DataModel.Ship:OnDataDeserialized (GameDatabase.Serializable.ShipSerializable,GameDatabase.Database/Loader) (at Assets/Modules/Database/Scripts/DataModel/Ship.cs:11)
GameDatabase.DataModel.Ship:.ctor (GameDatabase.Serializable.ShipSerializable,GameDatabase.Database/Loader) (at Assets/Modules/Database/Scripts/GeneratedGameCode/DataModel/Ship.cs:49)
GameDatabase.DataModel.Ship:Create (GameDatabase.Serializable.ShipSerializable,GameDatabase.Database/Loader) (at Assets/Modules/Database/Scripts/GeneratedGameCode/DataModel/Ship.cs:22)
GameDatabase.Database/Loader:Load () (at Assets/Modules/Database/Scripts/GeneratedGameCode/Database.cs:320)
GameDatabase.Database/Loader:Load (GameDatabase.Database,GameDatabase.Storage.DatabaseContent) (at Assets/Modules/Database/Scripts/GeneratedGameCode/Database.cs:271)
GameDatabase.Database:Load (GameDatabase.Storage.IDataStorage) (at Assets/Modules/Database/Scripts/Database.cs:153)
GameDatabase.Database:LoadDefault () (at Assets/Modules/Database/Scripts/Database.cs:94)
ReUI.Editor.ReUIValidation:ValidateBeta6 () (at Assets/ReUI/Editor/ReUIValidation.cs:312)
ReUI.Editor.ReUIValidation:ValidateBeta7 () (at Assets/ReUI/Editor/ReUIValidation.cs:568)
ReUI.Editor.ReUIValidation:ValidateBeta81 () (at Assets/ReUI/Editor/ReUIValidation.cs:664)
ReUI.Editor.ReUIValidation:ValidateBeta82 () (at Assets/ReUI/Editor/ReUIValidation.cs:783)
ReUI.Editor.ReUIValidation:ValidateBeta83 () (at Assets/ReUI/Editor/ReUIValidation.cs:811)
ReUI.Editor.ReUIQuickAndroidBuild:Build () (at Assets/ReUI/Editor/ReUIQuickAndroidBuild.cs:43)

(Filename: Assets/ModulesShared/Diagnostics/Scripts/Debug.cs Line: 35)

barrels do not fit layout 1145142
UnityEngine.Debug:ExtractStackTraceNoAlloc (byte*,int,string)
UnityEngine.StackTraceUtility:ExtractStackTrace ()
UnityEngine.DebugLogHandler:Internal_Log (UnityEngine.LogType,UnityEngine.LogOption,string,UnityEngine.Object)
UnityEngine.DebugLogHandler:LogFormat (UnityEngine.LogType,UnityEngine.Object,string,object[])
UnityEngine.Logger:Log (UnityEngine.LogType,object,UnityEngine.Object)
UnityEngine.Debug:LogError (object,UnityEngine.Object)
GameDiagnostics.UnityLogger:LogError (string,UnityEngine.GameObject) (at Assets/ModulesShared/Diagnostics/Scripts/UnityLogger.cs:9)
GameDiagnostics.Trace:LogError (string) (at Assets/ModulesShared/Diagnostics/Scripts/Debug.cs:35)
GameDatabase.Utils.BarrelConverter:Convert (GameDatabase.Model.Layout,GameDatabase.Serializable.BarrelSerializable[],int) (at Assets/Modules/Database/Scripts/Utils/BarrelConverter.cs:20)
GameDatabase.DataModel.Ship:OnDataDeserialized (GameDatabase.Serializable.ShipSerializable,GameDatabase.Database/Loader) (at Assets/Modules/Database/Scripts/DataModel/Ship.cs:11)
GameDatabase.DataModel.Ship:.ctor (GameDatabase.Serializable.ShipSerializable,GameDatabase.Database/Loader) (at Assets/Modules/Database/Scripts/GeneratedGameCode/DataModel/Ship.cs:49)
GameDatabase.DataModel.Ship:Create (GameDatabase.Serializable.ShipSerializable,GameDatabase.Database/Loader) (at Assets/Modules/Database/Scripts/GeneratedGameCode/DataModel/Ship.cs:22)
GameDatabase.Database/Loader:Load () (at Assets/Modules/Database/Scripts/GeneratedGameCode/Database.cs:320)
GameDatabase.Database/Loader:Load (GameDatabase.Database,GameDatabase.Storage.DatabaseContent) (at Assets/Modules/Database/Scripts/GeneratedGameCode/Database.cs:271)
GameDatabase.Database:Load (GameDatabase.Storage.IDataStorage) (at Assets/Modules/Database/Scripts/Database.cs:153)
GameDatabase.Database:LoadDefault () (at Assets/Modules/Database/Scripts/Database.cs:94)
ReUI.Editor.ReUIValidation:ValidateBeta6 () (at Assets/ReUI/Editor/ReUIValidation.cs:312)
ReUI.Editor.ReUIValidation:ValidateBeta7 () (at Assets/ReUI/Editor/ReUIValidation.cs:568)
ReUI.Editor.ReUIValidation:ValidateBeta81 () (at Assets/ReUI/Editor/ReUIValidation.cs:664)
ReUI.Editor.ReUIValidation:ValidateBeta82 () (at Assets/ReUI/Editor/ReUIValidation.cs:783)
ReUI.Editor.ReUIValidation:ValidateBeta83 () (at Assets/ReUI/Editor/ReUIValidation.cs:811)
ReUI.Editor.ReUIQuickAndroidBuild:Build () (at Assets/ReUI/Editor/ReUIQuickAndroidBuild.cs:43)

(Filename: Assets/ModulesShared/Diagnostics/Scripts/Debug.cs Line: 35)

barrels do not fit layout 114514
UnityEngine.Debug:ExtractStackTraceNoAlloc (byte*,int,string)
UnityEngine.StackTraceUtility:ExtractStackTrace ()
UnityEngine.DebugLogHandler:Internal_Log (UnityEngine.LogType,UnityEngine.LogOption,string,UnityEngine.Object)
UnityEngine.DebugLogHandler:LogFormat (UnityEngine.LogType,UnityEngine.Object,string,object[])
UnityEngine.Logger:Log (UnityEngine.LogType,object,UnityEngine.Object)
UnityEngine.Debug:LogError (object,UnityEngine.Object)
GameDiagnostics.UnityLogger:LogError (string,UnityEngine.GameObject) (at Assets/ModulesShared/Diagnostics/Scripts/UnityLogger.cs:9)
GameDiagnostics.Trace:LogError (string) (at Assets/ModulesShared/Diagnostics/Scripts/Debug.cs:35)
GameDatabase.Utils.BarrelConverter:Convert (GameDatabase.Model.Layout,GameDatabase.Serializable.BarrelSerializable[],int) (at Assets/Modules/Database/Scripts/Utils/BarrelConverter.cs:20)
GameDatabase.DataModel.Ship:OnDataDeserialized (GameDatabase.Serializable.ShipSerializable,GameDatabase.Database/Loader) (at Assets/Modules/Database/Scripts/DataModel/Ship.cs:11)
GameDatabase.DataModel.Ship:.ctor (GameDatabase.Serializable.ShipSerializable,GameDatabase.Database/Loader) (at Assets/Modules/Database/Scripts/GeneratedGameCode/DataModel/Ship.cs:49)
GameDatabase.DataModel.Ship:Create (GameDatabase.Serializable.ShipSerializable,GameDatabase.Database/Loader) (at Assets/Modules/Database/Scripts/GeneratedGameCode/DataModel/Ship.cs:22)
GameDatabase.Database/Loader:Load () (at Assets/Modules/Database/Scripts/GeneratedGameCode/Database.cs:320)
GameDatabase.Database/Loader:Load (GameDatabase.Database,GameDatabase.Storage.DatabaseContent) (at Assets/Modules/Database/Scripts/GeneratedGameCode/Database.cs:271)
GameDatabase.Database:Load (GameDatabase.Storage.IDataStorage) (at Assets/Modules/Database/Scripts/Database.cs:153)
GameDatabase.Database:LoadDefault () (at Assets/Modules/Database/Scripts/Database.cs:94)
ReUI.Editor.ReUIValidation:ValidateBeta6 () (at Assets/ReUI/Editor/ReUIValidation.cs:312)
ReUI.Editor.ReUIValidation:ValidateBeta7 () (at Assets/ReUI/Editor/ReUIValidation.cs:568)
ReUI.Editor.ReUIValidation:ValidateBeta81 () (at Assets/ReUI/Editor/ReUIValidation.cs:664)
ReUI.Editor.ReUIValidation:ValidateBeta82 () (at Assets/ReUI/Editor/ReUIValidation.cs:783)
ReUI.Editor.ReUIValidation:ValidateBeta83 () (at Assets/ReUI/Editor/ReUIValidation.cs:811)
ReUI.Editor.ReUIQuickAndroidBuild:Build () (at Assets/ReUI/Editor/ReUIQuickAndroidBuild.cs:43)

(Filename: Assets/ModulesShared/Diagnostics/Scripts/Debug.cs Line: 35)

[Beta6 Validation] quest=MothersTears-4-stages, sim=earth-independent-blueprint-114514, waterdrop=trisolaris-independent-blueprint-114514, sophonLauncher=post-battleship-player-only, antigravity=green-special, modifications=detailed, allies=double-plus-titan, storyImages=6-high-resolution, questOffer=next-route-explicit-accept, modificationNames=visible, wanNianFengXue=clockwise90-scaled-restricted-destroyer-cheat-acquirable, trisolarisStarbase=max20-no-titan-earth-titan-plus-two-flagships, hyperspaceEngine=unlimited-range-95-percent-fuel-reduction, silentCore=authored-art-60s-emp-lightning-charge-3s-self-destruct
Asset Pipeline Refresh (id=ecfe933265363364493a1ea8e20aba6a): Total: 0.003 seconds - Initiated by RefreshV2(NoUpdateAssetOptions)
barrels do not fit layout 163
UnityEngine.Debug:ExtractStackTraceNoAlloc (byte*,int,string)
UnityEngine.StackTraceUtility:ExtractStackTrace ()
UnityEngine.DebugLogHandler:Internal_Log (UnityEngine.LogType,UnityEngine.LogOption,string,UnityEngine.Object)
UnityEngine.DebugLogHandler:LogFormat (UnityEngine.LogType,UnityEngine.Object,string,object[])
UnityEngine.Logger:Log (UnityEngine.LogType,object,UnityEngine.Object)
UnityEngine.Debug:LogError (object,UnityEngine.Object)
GameDiagnostics.UnityLogger:LogError (string,UnityEngine.GameObject) (at Assets/ModulesShared/Diagnostics/Scripts/UnityLogger.cs:9)
GameDiagnostics.Trace:LogError (string) (at Assets/ModulesShared/Diagnostics/Scripts/Debug.cs:35)
GameDatabase.Utils.BarrelConverter:Convert (GameDatabase.Model.Layout,GameDatabase.Serializable.BarrelSerializable[],int) (at Assets/Modules/Database/Scripts/Utils/BarrelConverter.cs:20)
GameDatabase.DataModel.Ship:OnDataDeserialized (GameDatabase.Serializable.ShipSerializable,GameDatabase.Database/Loader) (at Assets/Modules/Database/Scripts/DataModel/Ship.cs:11)
GameDatabase.DataModel.Ship:.ctor (GameDatabase.Serializable.ShipSerializable,GameDatabase.Database/Loader) (at Assets/Modules/Database/Scripts/GeneratedGameCode/DataModel/Ship.cs:49)
GameDatabase.DataModel.Ship:Create (GameDatabase.Serializable.ShipSerializable,GameDatabase.Database/Loader) (at Assets/Modules/Database/Scripts/GeneratedGameCode/DataModel/Ship.cs:22)
GameDatabase.Database/Loader:GetShip (GameDatabase.Model.ItemId`1<GameDatabase.DataModel.Ship>,bool) (at Assets/Modules/Database/Scripts/GeneratedGameCode/Database.cs:535)
GameDatabase.DataModel.ShipBuild:.ctor (GameDatabase.Serializable.ShipBuildSerializable,GameDatabase.Database/Loader) (at Assets/Modules/Database/Scripts/GeneratedGameCode/DataModel/ShipBuild.cs:30)
GameDatabase.DataModel.ShipBuild:Create (GameDatabase.Serializable.ShipBuildSerializable,GameDatabase.Database/Loader) (at Assets/Modules/Database/Scripts/GeneratedGameCode/DataModel/ShipBuild.cs:22)
GameDatabase.Database/Loader:GetShipBuild (GameDatabase.Model.ItemId`1<GameDatabase.DataModel.ShipBuild>,bool) (at Assets/Modules/Database/Scripts/GeneratedGameCode/Database.cs:545)
GameDatabase.DataModel.Component:.ctor (GameDatabase.Serializable.ComponentSerializable,GameDatabase.Database/Loader) (at Assets/Modules/Database/Scripts/GeneratedGameCode/DataModel/Component.cs:49)
GameDatabase.DataModel.Component:Create (GameDatabase.Serializable.ComponentSerializable,GameDatabase.Database/Loader) (at Assets/Modules/Database/Scripts/GeneratedGameCode/DataModel/Component.cs:22)
GameDatabase.Database/Loader:Load () (at Assets/Modules/Database/Scripts/GeneratedGameCode/Database.cs:287)
GameDatabase.Database/Loader:Load (GameDatabase.Database,GameDatabase.Storage.DatabaseContent) (at Assets/Modules/Database/Scripts/GeneratedGameCode/Database.cs:271)
GameDatabase.Database:Load (GameDatabase.Storage.IDataStorage) (at Assets/Modules/Database/Scripts/Database.cs:153)
GameDatabase.Database:LoadDefault () (at Assets/Modules/Database/Scripts/Database.cs:94)
ReUI.Editor.ReUIValidation:ValidateBeta7 () (at Assets/ReUI/Editor/ReUIValidation.cs:571)
ReUI.Editor.ReUIValidation:ValidateBeta81 () (at Assets/ReUI/Editor/ReUIValidation.cs:664)
ReUI.Editor.ReUIValidation:ValidateBeta82 () (at Assets/ReUI/Editor/ReUIValidation.cs:783)
ReUI.Editor.ReUIValidation:ValidateBeta83 () (at Assets/ReUI/Editor/ReUIValidation.cs:811)
ReUI.Editor.ReUIQuickAndroidBuild:Build () (at Assets/ReUI/Editor/ReUIQuickAndroidBuild.cs:43)

(Filename: Assets/ModulesShared/Diagnostics/Scripts/Debug.cs Line: 35)

barrels do not fit layout 164
UnityEngine.Debug:ExtractStackTraceNoAlloc (byte*,int,string)
UnityEngine.StackTraceUtility:ExtractStackTrace ()
UnityEngine.DebugLogHandler:Internal_Log (UnityEngine.LogType,UnityEngine.LogOption,string,UnityEngine.Object)
UnityEngine.DebugLogHandler:LogFormat (UnityEngine.LogType,UnityEngine.Object,string,object[])
UnityEngine.Logger:Log (UnityEngine.LogType,object,UnityEngine.Object)
UnityEngine.Debug:LogError (object,UnityEngine.Object)
GameDiagnostics.UnityLogger:LogError (string,UnityEngine.GameObject) (at Assets/ModulesShared/Diagnostics/Scripts/UnityLogger.cs:9)
GameDiagnostics.Trace:LogError (string) (at Assets/ModulesShared/Diagnostics/Scripts/Debug.cs:35)
GameDatabase.Utils.BarrelConverter:Convert (GameDatabase.Model.Layout,GameDatabase.Serializable.BarrelSerializable[],int) (at Assets/Modules/Database/Scripts/Utils/BarrelConverter.cs:20)
GameDatabase.DataModel.Ship:OnDataDeserialized (GameDatabase.Serializable.ShipSerializable,GameDatabase.Database/Loader) (at Assets/Modules/Database/Scripts/DataModel/Ship.cs:11)
GameDatabase.DataModel.Ship:.ctor (GameDatabase.Serializable.ShipSerializable,GameDatabase.Database/Loader) (at Assets/Modules/Database/Scripts/GeneratedGameCode/DataModel/Ship.cs:49)
GameDatabase.DataModel.Ship:Create (GameDatabase.Serializable.ShipSerializable,GameDatabase.Database/Loader) (at Assets/Modules/Database/Scripts/GeneratedGameCode/DataModel/Ship.cs:22)
GameDatabase.Database/Loader:Load () (at Assets/Modules/Database/Scripts/GeneratedGameCode/Database.cs:320)
GameDatabase.Database/Loader:Load (GameDatabase.Database,GameDatabase.Storage.DatabaseContent) (at Assets/Modules/Database/Scripts/GeneratedGameCode/Database.cs:271)
GameDatabase.Database:Load (GameDatabase.Storage.IDataStorage) (at Assets/Modules/Database/Scripts/Database.cs:153)
GameDatabase.Database:LoadDefault () (at Assets/Modules/Database/Scripts/Database.cs:94)
ReUI.Editor.ReUIValidation:ValidateBeta7 () (at Assets/ReUI/Editor/ReUIValidation.cs:571)
ReUI.Editor.ReUIValidation:ValidateBeta81 () (at Assets/ReUI/Editor/ReUIValidation.cs:664)
ReUI.Editor.ReUIValidation:ValidateBeta82 () (at Assets/ReUI/Editor/ReUIValidation.cs:783)
ReUI.Editor.ReUIValidation:ValidateBeta83 () (at Assets/ReUI/Editor/ReUIValidation.cs:811)
ReUI.Editor.ReUIQuickAndroidBuild:Build () (at Assets/ReUI/Editor/ReUIQuickAndroidBuild.cs:43)

(Filename: Assets/ModulesShared/Diagnostics/Scripts/Debug.cs Line: 35)

barrels do not fit layout 162
UnityEngine.Debug:ExtractStackTraceNoAlloc (byte*,int,string)
UnityEngine.StackTraceUtility:ExtractStackTrace ()
UnityEngine.DebugLogHandler:Internal_Log (UnityEngine.LogType,UnityEngine.LogOption,string,UnityEngine.Object)
UnityEngine.DebugLogHandler:LogFormat (UnityEngine.LogType,UnityEngine.Object,string,object[])
UnityEngine.Logger:Log (UnityEngine.LogType,object,UnityEngine.Object)
UnityEngine.Debug:LogError (object,UnityEngine.Object)
GameDiagnostics.UnityLogger:LogError (string,UnityEngine.GameObject) (at Assets/ModulesShared/Diagnostics/Scripts/UnityLogger.cs:9)
GameDiagnostics.Trace:LogError (string) (at Assets/ModulesShared/Diagnostics/Scripts/Debug.cs:35)
GameDatabase.Utils.BarrelConverter:Convert (GameDatabase.Model.Layout,GameDatabase.Serializable.BarrelSerializable[],int) (at Assets/Modules/Database/Scripts/Utils/BarrelConverter.cs:20)
GameDatabase.DataModel.Ship:OnDataDeserialized (GameDatabase.Serializable.ShipSerializable,GameDatabase.Database/Loader) (at Assets/Modules/Database/Scripts/DataModel/Ship.cs:11)
GameDatabase.DataModel.Ship:.ctor (GameDatabase.Serializable.ShipSerializable,GameDatabase.Database/Loader) (at Assets/Modules/Database/Scripts/GeneratedGameCode/DataModel/Ship.cs:49)
GameDatabase.DataModel.Ship:Create (GameDatabase.Serializable.ShipSerializable,GameDatabase.Database/Loader) (at Assets/Modules/Database/Scripts/GeneratedGameCode/DataModel/Ship.cs:22)
GameDatabase.Database/Loader:Load () (at Assets/Modules/Database/Scripts/GeneratedGameCode/Database.cs:320)
GameDatabase.Database/Loader:Load (GameDatabase.Database,GameDatabase.Storage.DatabaseContent) (at Assets/Modules/Database/Scripts/GeneratedGameCode/Database.cs:271)
GameDatabase.Database:Load (GameDatabase.Storage.IDataStorage) (at Assets/Modules/Database/Scripts/Database.cs:153)
GameDatabase.Database:LoadDefault () (at Assets/Modules/Database/Scripts/Database.cs:94)
ReUI.Editor.ReUIValidation:ValidateBeta7 () (at Assets/ReUI/Editor/ReUIValidation.cs:571)
ReUI.Editor.ReUIValidation:ValidateBeta81 () (at Assets/ReUI/Editor/ReUIValidation.cs:664)
ReUI.Editor.ReUIValidation:ValidateBeta82 () (at Assets/ReUI/Editor/ReUIValidation.cs:783)
ReUI.Editor.ReUIValidation:ValidateBeta83 () (at Assets/ReUI/Editor/ReUIValidation.cs:811)
ReUI.Editor.ReUIQuickAndroidBuild:Build () (at Assets/ReUI/Editor/ReUIQuickAndroidBuild.cs:43)

(Filename: Assets/ModulesShared/Diagnostics/Scripts/Debug.cs Line: 35)

barrels do not fit layout 165
UnityEngine.Debug:ExtractStackTraceNoAlloc (byte*,int,string)
UnityEngine.StackTraceUtility:ExtractStackTrace ()
UnityEngine.DebugLogHandler:Internal_Log (UnityEngine.LogType,UnityEngine.LogOption,string,UnityEngine.Object)
UnityEngine.DebugLogHandler:LogFormat (UnityEngine.LogType,UnityEngine.Object,string,object[])
UnityEngine.Logger:Log (UnityEngine.LogType,object,UnityEngine.Object)
UnityEngine.Debug:LogError (object,UnityEngine.Object)
GameDiagnostics.UnityLogger:LogError (string,UnityEngine.GameObject) (at Assets/ModulesShared/Diagnostics/Scripts/UnityLogger.cs:9)
GameDiagnostics.Trace:LogError (string) (at Assets/ModulesShared/Diagnostics/Scripts/Debug.cs:35)
GameDatabase.Utils.BarrelConverter:Convert (GameDatabase.Model.Layout,GameDatabase.Serializable.BarrelSerializable[],int) (at Assets/Modules/Database/Scripts/Utils/BarrelConverter.cs:20)
GameDatabase.DataModel.Ship:OnDataDeserialized (GameDatabase.Serializable.ShipSerializable,GameDatabase.Database/Loader) (at Assets/Modules/Database/Scripts/DataModel/Ship.cs:11)
GameDatabase.DataModel.Ship:.ctor (GameDatabase.Serializable.ShipSerializable,GameDatabase.Database/Loader) (at Assets/Modules/Database/Scripts/GeneratedGameCode/DataModel/Ship.cs:49)
GameDatabase.DataModel.Ship:Create (GameDatabase.Serializable.ShipSerializable,GameDatabase.Database/Loader) (at Assets/Modules/Database/Scripts/GeneratedGameCode/DataModel/Ship.cs:22)
GameDatabase.Database/Loader:Load () (at Assets/Modules/Database/Scripts/GeneratedGameCode/Database.cs:320)
GameDatabase.Database/Loader:Load (GameDatabase.Database,GameDatabase.Storage.DatabaseContent) (at Assets/Modules/Database/Scripts/GeneratedGameCode/Database.cs:271)
GameDatabase.Database:Load (GameDatabase.Storage.IDataStorage) (at Assets/Modules/Database/Scripts/Database.cs:153)
GameDatabase.Database:LoadDefault () (at Assets/Modules/Database/Scripts/Database.cs:94)
ReUI.Editor.ReUIValidation:ValidateBeta7 () (at Assets/ReUI/Editor/ReUIValidation.cs:571)
ReUI.Editor.ReUIValidation:ValidateBeta81 () (at Assets/ReUI/Editor/ReUIValidation.cs:664)
ReUI.Editor.ReUIValidation:ValidateBeta82 () (at Assets/ReUI/Editor/ReUIValidation.cs:783)
ReUI.Editor.ReUIValidation:ValidateBeta83 () (at Assets/ReUI/Editor/ReUIValidation.cs:811)
ReUI.Editor.ReUIQuickAndroidBuild:Build () (at Assets/ReUI/Editor/ReUIQuickAndroidBuild.cs:43)

(Filename: Assets/ModulesShared/Diagnostics/Scripts/Debug.cs Line: 35)

barrels do not fit layout 161
UnityEngine.Debug:ExtractStackTraceNoAlloc (byte*,int,string)
UnityEngine.StackTraceUtility:ExtractStackTrace ()
UnityEngine.DebugLogHandler:Internal_Log (UnityEngine.LogType,UnityEngine.LogOption,string,UnityEngine.Object)
UnityEngine.DebugLogHandler:LogFormat (UnityEngine.LogType,UnityEngine.Object,string,object[])
UnityEngine.Logger:Log (UnityEngine.LogType,object,UnityEngine.Object)
UnityEngine.Debug:LogError (object,UnityEngine.Object)
GameDiagnostics.UnityLogger:LogError (string,UnityEngine.GameObject) (at Assets/ModulesShared/Diagnostics/Scripts/UnityLogger.cs:9)
GameDiagnostics.Trace:LogError (string) (at Assets/ModulesShared/Diagnostics/Scripts/Debug.cs:35)
GameDatabase.Utils.BarrelConverter:Convert (GameDatabase.Model.Layout,GameDatabase.Serializable.BarrelSerializable[],int) (at Assets/Modules/Database/Scripts/Utils/BarrelConverter.cs:20)
GameDatabase.DataModel.Ship:OnDataDeserialized (GameDatabase.Serializable.ShipSerializable,GameDatabase.Database/Loader) (at Assets/Modules/Database/Scripts/DataModel/Ship.cs:11)
GameDatabase.DataModel.Ship:.ctor (GameDatabase.Serializable.ShipSerializable,GameDatabase.Database/Loader) (at Assets/Modules/Database/Scripts/GeneratedGameCode/DataModel/Ship.cs:49)
GameDatabase.DataModel.Ship:Create (GameDatabase.Serializable.ShipSerializable,GameDatabase.Database/Loader) (at Assets/Modules/Database/Scripts/GeneratedGameCode/DataModel/Ship.cs:22)
GameDatabase.Database/Loader:Load () (at Assets/Modules/Database/Scripts/GeneratedGameCode/Database.cs:320)
GameDatabase.Database/Loader:Load (GameDatabase.Database,GameDatabase.Storage.DatabaseContent) (at Assets/Modules/Database/Scripts/GeneratedGameCode/Database.cs:271)
GameDatabase.Database:Load (GameDatabase.Storage.IDataStorage) (at Assets/Modules/Database/Scripts/Database.cs:153)
GameDatabase.Database:LoadDefault () (at Assets/Modules/Database/Scripts/Database.cs:94)
ReUI.Editor.ReUIValidation:ValidateBeta7 () (at Assets/ReUI/Editor/ReUIValidation.cs:571)
ReUI.Editor.ReUIValidation:ValidateBeta81 () (at Assets/ReUI/Editor/ReUIValidation.cs:664)
ReUI.Editor.ReUIValidation:ValidateBeta82 () (at Assets/ReUI/Editor/ReUIValidation.cs:783)
ReUI.Editor.ReUIValidation:ValidateBeta83 () (at Assets/ReUI/Editor/ReUIValidation.cs:811)
ReUI.Editor.ReUIQuickAndroidBuild:Build () (at Assets/ReUI/Editor/ReUIQuickAndroidBuild.cs:43)

(Filename: Assets/ModulesShared/Diagnostics/Scripts/Debug.cs Line: 35)

barrels do not fit layout 94000
UnityEngine.Debug:ExtractStackTraceNoAlloc (byte*,int,string)
UnityEngine.StackTraceUtility:ExtractStackTrace ()
UnityEngine.DebugLogHandler:Internal_Log (UnityEngine.LogType,UnityEngine.LogOption,string,UnityEngine.Object)
UnityEngine.DebugLogHandler:LogFormat (UnityEngine.LogType,UnityEngine.Object,string,object[])
UnityEngine.Logger:Log (UnityEngine.LogType,object,UnityEngine.Object)
UnityEngine.Debug:LogError (object,UnityEngine.Object)
GameDiagnostics.UnityLogger:LogError (string,UnityEngine.GameObject) (at Assets/ModulesShared/Diagnostics/Scripts/UnityLogger.cs:9)
GameDiagnostics.Trace:LogError (string) (at Assets/ModulesShared/Diagnostics/Scripts/Debug.cs:35)
GameDatabase.Utils.BarrelConverter:Convert (GameDatabase.Model.Layout,GameDatabase.Serializable.BarrelSerializable[],int) (at Assets/Modules/Database/Scripts/Utils/BarrelConverter.cs:20)
GameDatabase.DataModel.Ship:OnDataDeserialized (GameDatabase.Serializable.ShipSerializable,GameDatabase.Database/Loader) (at Assets/Modules/Database/Scripts/DataModel/Ship.cs:11)
GameDatabase.DataModel.Ship:.ctor (GameDatabase.Serializable.ShipSerializable,GameDatabase.Database/Loader) (at Assets/Modules/Database/Scripts/GeneratedGameCode/DataModel/Ship.cs:49)
GameDatabase.DataModel.Ship:Create (GameDatabase.Serializable.ShipSerializable,GameDatabase.Database/Loader) (at Assets/Modules/Database/Scripts/GeneratedGameCode/DataModel/Ship.cs:22)
GameDatabase.Database/Loader:Load () (at Assets/Modules/Database/Scripts/GeneratedGameCode/Database.cs:320)
GameDatabase.Database/Loader:Load (GameDatabase.Database,GameDatabase.Storage.DatabaseContent) (at Assets/Modules/Database/Scripts/GeneratedGameCode/Database.cs:271)
GameDatabase.Database:Load (GameDatabase.Storage.IDataStorage) (at Assets/Modules/Database/Scripts/Database.cs:153)
GameDatabase.Database:LoadDefault () (at Assets/Modules/Database/Scripts/Database.cs:94)
ReUI.Editor.ReUIValidation:ValidateBeta7 () (at Assets/ReUI/Editor/ReUIValidation.cs:571)
ReUI.Editor.ReUIValidation:ValidateBeta81 () (at Assets/ReUI/Editor/ReUIValidation.cs:664)
ReUI.Editor.ReUIValidation:ValidateBeta82 () (at Assets/ReUI/Editor/ReUIValidation.cs:783)
ReUI.Editor.ReUIValidation:ValidateBeta83 () (at Assets/ReUI/Editor/ReUIValidation.cs:811)
ReUI.Editor.ReUIQuickAndroidBuild:Build () (at Assets/ReUI/Editor/ReUIQuickAndroidBuild.cs:43)

(Filename: Assets/ModulesShared/Diagnostics/Scripts/Debug.cs Line: 35)

barrels do not fit layout 1145141
UnityEngine.Debug:ExtractStackTraceNoAlloc (byte*,int,string)
UnityEngine.StackTraceUtility:ExtractStackTrace ()
UnityEngine.DebugLogHandler:Internal_Log (UnityEngine.LogType,UnityEngine.LogOption,string,UnityEngine.Object)
UnityEngine.DebugLogHandler:LogFormat (UnityEngine.LogType,UnityEngine.Object,string,object[])
UnityEngine.Logger:Log (UnityEngine.LogType,object,UnityEngine.Object)
UnityEngine.Debug:LogError (object,UnityEngine.Object)
GameDiagnostics.UnityLogger:LogError (string,UnityEngine.GameObject) (at Assets/ModulesShared/Diagnostics/Scripts/UnityLogger.cs:9)
GameDiagnostics.Trace:LogError (string) (at Assets/ModulesShared/Diagnostics/Scripts/Debug.cs:35)
GameDatabase.Utils.BarrelConverter:Convert (GameDatabase.Model.Layout,GameDatabase.Serializable.BarrelSerializable[],int) (at Assets/Modules/Database/Scripts/Utils/BarrelConverter.cs:20)
GameDatabase.DataModel.Ship:OnDataDeserialized (GameDatabase.Serializable.ShipSerializable,GameDatabase.Database/Loader) (at Assets/Modules/Database/Scripts/DataModel/Ship.cs:11)
GameDatabase.DataModel.Ship:.ctor (GameDatabase.Serializable.ShipSerializable,GameDatabase.Database/Loader) (at Assets/Modules/Database/Scripts/GeneratedGameCode/DataModel/Ship.cs:49)
GameDatabase.DataModel.Ship:Create (GameDatabase.Serializable.ShipSerializable,GameDatabase.Database/Loader) (at Assets/Modules/Database/Scripts/GeneratedGameCode/DataModel/Ship.cs:22)
GameDatabase.Database/Loader:Load () (at Assets/Modules/Database/Scripts/GeneratedGameCode/Database.cs:320)
GameDatabase.Database/Loader:Load (GameDatabase.Database,GameDatabase.Storage.DatabaseContent) (at Assets/Modules/Database/Scripts/GeneratedGameCode/Database.cs:271)
GameDatabase.Database:Load (GameDatabase.Storage.IDataStorage) (at Assets/Modules/Database/Scripts/Database.cs:153)
GameDatabase.Database:LoadDefault () (at Assets/Modules/Database/Scripts/Database.cs:94)
ReUI.Editor.ReUIValidation:ValidateBeta7 () (at Assets/ReUI/Editor/ReUIValidation.cs:571)
ReUI.Editor.ReUIValidation:ValidateBeta81 () (at Assets/ReUI/Editor/ReUIValidation.cs:664)
ReUI.Editor.ReUIValidation:ValidateBeta82 () (at Assets/ReUI/Editor/ReUIValidation.cs:783)
ReUI.Editor.ReUIValidation:ValidateBeta83 () (at Assets/ReUI/Editor/ReUIValidation.cs:811)
ReUI.Editor.ReUIQuickAndroidBuild:Build () (at Assets/ReUI/Editor/ReUIQuickAndroidBuild.cs:43)

(Filename: Assets/ModulesShared/Diagnostics/Scripts/Debug.cs Line: 35)

barrels do not fit layout 1145142
UnityEngine.Debug:ExtractStackTraceNoAlloc (byte*,int,string)
UnityEngine.StackTraceUtility:ExtractStackTrace ()
UnityEngine.DebugLogHandler:Internal_Log (UnityEngine.LogType,UnityEngine.LogOption,string,UnityEngine.Object)
UnityEngine.DebugLogHandler:LogFormat (UnityEngine.LogType,UnityEngine.Object,string,object[])
UnityEngine.Logger:Log (UnityEngine.LogType,object,UnityEngine.Object)
UnityEngine.Debug:LogError (object,UnityEngine.Object)
GameDiagnostics.UnityLogger:LogError (string,UnityEngine.GameObject) (at Assets/ModulesShared/Diagnostics/Scripts/UnityLogger.cs:9)
GameDiagnostics.Trace:LogError (string) (at Assets/ModulesShared/Diagnostics/Scripts/Debug.cs:35)
GameDatabase.Utils.BarrelConverter:Convert (GameDatabase.Model.Layout,GameDatabase.Serializable.BarrelSerializable[],int) (at Assets/Modules/Database/Scripts/Utils/BarrelConverter.cs:20)
GameDatabase.DataModel.Ship:OnDataDeserialized (GameDatabase.Serializable.ShipSerializable,GameDatabase.Database/Loader) (at Assets/Modules/Database/Scripts/DataModel/Ship.cs:11)
GameDatabase.DataModel.Ship:.ctor (GameDatabase.Serializable.ShipSerializable,GameDatabase.Database/Loader) (at Assets/Modules/Database/Scripts/GeneratedGameCode/DataModel/Ship.cs:49)
GameDatabase.DataModel.Ship:Create (GameDatabase.Serializable.ShipSerializable,GameDatabase.Database/Loader) (at Assets/Modules/Database/Scripts/GeneratedGameCode/DataModel/Ship.cs:22)
GameDatabase.Database/Loader:Load () (at Assets/Modules/Database/Scripts/GeneratedGameCode/Database.cs:320)
GameDatabase.Database/Loader:Load (GameDatabase.Database,GameDatabase.Storage.DatabaseContent) (at Assets/Modules/Database/Scripts/GeneratedGameCode/Database.cs:271)
GameDatabase.Database:Load (GameDatabase.Storage.IDataStorage) (at Assets/Modules/Database/Scripts/Database.cs:153)
GameDatabase.Database:LoadDefault () (at Assets/Modules/Database/Scripts/Database.cs:94)
ReUI.Editor.ReUIValidation:ValidateBeta7 () (at Assets/ReUI/Editor/ReUIValidation.cs:571)
ReUI.Editor.ReUIValidation:ValidateBeta81 () (at Assets/ReUI/Editor/ReUIValidation.cs:664)
ReUI.Editor.ReUIValidation:ValidateBeta82 () (at Assets/ReUI/Editor/ReUIValidation.cs:783)
ReUI.Editor.ReUIValidation:ValidateBeta83 () (at Assets/ReUI/Editor/ReUIValidation.cs:811)
ReUI.Editor.ReUIQuickAndroidBuild:Build () (at Assets/ReUI/Editor/ReUIQuickAndroidBuild.cs:43)

(Filename: Assets/ModulesShared/Diagnostics/Scripts/Debug.cs Line: 35)

barrels do not fit layout 114514
UnityEngine.Debug:ExtractStackTraceNoAlloc (byte*,int,string)
UnityEngine.StackTraceUtility:ExtractStackTrace ()
UnityEngine.DebugLogHandler:Internal_Log (UnityEngine.LogType,UnityEngine.LogOption,string,UnityEngine.Object)
UnityEngine.DebugLogHandler:LogFormat (UnityEngine.LogType,UnityEngine.Object,string,object[])
UnityEngine.Logger:Log (UnityEngine.LogType,object,UnityEngine.Object)
UnityEngine.Debug:LogError (object,UnityEngine.Object)
GameDiagnostics.UnityLogger:LogError (string,UnityEngine.GameObject) (at Assets/ModulesShared/Diagnostics/Scripts/UnityLogger.cs:9)
GameDiagnostics.Trace:LogError (string) (at Assets/ModulesShared/Diagnostics/Scripts/Debug.cs:35)
GameDatabase.Utils.BarrelConverter:Convert (GameDatabase.Model.Layout,GameDatabase.Serializable.BarrelSerializable[],int) (at Assets/Modules/Database/Scripts/Utils/BarrelConverter.cs:20)
GameDatabase.DataModel.Ship:OnDataDeserialized (GameDatabase.Serializable.ShipSerializable,GameDatabase.Database/Loader) (at Assets/Modules/Database/Scripts/DataModel/Ship.cs:11)
GameDatabase.DataModel.Ship:.ctor (GameDatabase.Serializable.ShipSerializable,GameDatabase.Database/Loader) (at Assets/Modules/Database/Scripts/GeneratedGameCode/DataModel/Ship.cs:49)
GameDatabase.DataModel.Ship:Create (GameDatabase.Serializable.ShipSerializable,GameDatabase.Database/Loader) (at Assets/Modules/Database/Scripts/GeneratedGameCode/DataModel/Ship.cs:22)
GameDatabase.Database/Loader:Load () (at Assets/Modules/Database/Scripts/GeneratedGameCode/Database.cs:320)
GameDatabase.Database/Loader:Load (GameDatabase.Database,GameDatabase.Storage.DatabaseContent) (at Assets/Modules/Database/Scripts/GeneratedGameCode/Database.cs:271)
GameDatabase.Database:Load (GameDatabase.Storage.IDataStorage) (at Assets/Modules/Database/Scripts/Database.cs:153)
GameDatabase.Database:LoadDefault () (at Assets/Modules/Database/Scripts/Database.cs:94)
ReUI.Editor.ReUIValidation:ValidateBeta7 () (at Assets/ReUI/Editor/ReUIValidation.cs:571)
ReUI.Editor.ReUIValidation:ValidateBeta81 () (at Assets/ReUI/Editor/ReUIValidation.cs:664)
ReUI.Editor.ReUIValidation:ValidateBeta82 () (at Assets/ReUI/Editor/ReUIValidation.cs:783)
ReUI.Editor.ReUIValidation:ValidateBeta83 () (at Assets/ReUI/Editor/ReUIValidation.cs:811)
ReUI.Editor.ReUIQuickAndroidBuild:Build () (at Assets/ReUI/Editor/ReUIQuickAndroidBuild.cs:43)

(Filename: Assets/ModulesShared/Diagnostics/Scripts/Debug.cs Line: 35)

[Beta7 Validation] wanNianFengXue=smaller-and-five-tap-grant, ballLightning=removed-from-all-presets, externalModPainting=source-namespaced, beautifulProminence=parallel-offer-three-stages-four-high-resolution-images-blueprint-reward
Asset Pipeline Refresh (id=ba07a5988e02468418b55de3695cf57e): Total: 0.002 seconds - Initiated by RefreshV2(NoUpdateAssetOptions)
barrels do not fit layout 163
UnityEngine.Debug:ExtractStackTraceNoAlloc (byte*,int,string)
UnityEngine.StackTraceUtility:ExtractStackTrace ()
UnityEngine.DebugLogHandler:Internal_Log (UnityEngine.LogType,UnityEngine.LogOption,string,UnityEngine.Object)
UnityEngine.DebugLogHandler:LogFormat (UnityEngine.LogType,UnityEngine.Object,string,object[])
UnityEngine.Logger:Log (UnityEngine.LogType,object,UnityEngine.Object)
UnityEngine.Debug:LogError (object,UnityEngine.Object)
GameDiagnostics.UnityLogger:LogError (string,UnityEngine.GameObject) (at Assets/ModulesShared/Diagnostics/Scripts/UnityLogger.cs:9)
GameDiagnostics.Trace:LogError (string) (at Assets/ModulesShared/Diagnostics/Scripts/Debug.cs:35)
GameDatabase.Utils.BarrelConverter:Convert (GameDatabase.Model.Layout,GameDatabase.Serializable.BarrelSerializable[],int) (at Assets/Modules/Database/Scripts/Utils/BarrelConverter.cs:20)
GameDatabase.DataModel.Ship:OnDataDeserialized (GameDatabase.Serializable.ShipSerializable,GameDatabase.Database/Loader) (at Assets/Modules/Database/Scripts/DataModel/Ship.cs:11)
GameDatabase.DataModel.Ship:.ctor (GameDatabase.Serializable.ShipSerializable,GameDatabase.Database/Loader) (at Assets/Modules/Database/Scripts/GeneratedGameCode/DataModel/Ship.cs:49)
GameDatabase.DataModel.Ship:Create (GameDatabase.Serializable.ShipSerializable,GameDatabase.Database/Loader) (at Assets/Modules/Database/Scripts/GeneratedGameCode/DataModel/Ship.cs:22)
GameDatabase.Database/Loader:GetShip (GameDatabase.Model.ItemId`1<GameDatabase.DataModel.Ship>,bool) (at Assets/Modules/Database/Scripts/GeneratedGameCode/Database.cs:535)
GameDatabase.DataModel.ShipBuild:.ctor (GameDatabase.Serializable.ShipBuildSerializable,GameDatabase.Database/Loader) (at Assets/Modules/Database/Scripts/GeneratedGameCode/DataModel/ShipBuild.cs:30)
GameDatabase.DataModel.ShipBuild:Create (GameDatabase.Serializable.ShipBuildSerializable,GameDatabase.Database/Loader) (at Assets/Modules/Database/Scripts/GeneratedGameCode/DataModel/ShipBuild.cs:22)
GameDatabase.Database/Loader:GetShipBuild (GameDatabase.Model.ItemId`1<GameDatabase.DataModel.ShipBuild>,bool) (at Assets/Modules/Database/Scripts/GeneratedGameCode/Database.cs:545)
GameDatabase.DataModel.Component:.ctor (GameDatabase.Serializable.ComponentSerializable,GameDatabase.Database/Loader) (at Assets/Modules/Database/Scripts/GeneratedGameCode/DataModel/Component.cs:49)
GameDatabase.DataModel.Component:Create (GameDatabase.Serializable.ComponentSerializable,GameDatabase.Database/Loader) (at Assets/Modules/Database/Scripts/GeneratedGameCode/DataModel/Component.cs:22)
GameDatabase.Database/Loader:Load () (at Assets/Modules/Database/Scripts/GeneratedGameCode/Database.cs:287)
GameDatabase.Database/Loader:Load (GameDatabase.Database,GameDatabase.Storage.DatabaseContent) (at Assets/Modules/Database/Scripts/GeneratedGameCode/Database.cs:271)
GameDatabase.Database:Load (GameDatabase.Storage.IDataStorage) (at Assets/Modules/Database/Scripts/Database.cs:153)
GameDatabase.Database:LoadDefault () (at Assets/Modules/Database/Scripts/Database.cs:94)
ReUI.Editor.ReUIValidation:ValidateBeta81 () (at Assets/ReUI/Editor/ReUIValidation.cs:667)
ReUI.Editor.ReUIValidation:ValidateBeta82 () (at Assets/ReUI/Editor/ReUIValidation.cs:783)
ReUI.Editor.ReUIValidation:ValidateBeta83 () (at Assets/ReUI/Editor/ReUIValidation.cs:811)
ReUI.Editor.ReUIQuickAndroidBuild:Build () (at Assets/ReUI/Editor/ReUIQuickAndroidBuild.cs:43)

(Filename: Assets/ModulesShared/Diagnostics/Scripts/Debug.cs Line: 35)

barrels do not fit layout 164
UnityEngine.Debug:ExtractStackTraceNoAlloc (byte*,int,string)
UnityEngine.StackTraceUtility:ExtractStackTrace ()
UnityEngine.DebugLogHandler:Internal_Log (UnityEngine.LogType,UnityEngine.LogOption,string,UnityEngine.Object)
UnityEngine.DebugLogHandler:LogFormat (UnityEngine.LogType,UnityEngine.Object,string,object[])
UnityEngine.Logger:Log (UnityEngine.LogType,object,UnityEngine.Object)
UnityEngine.Debug:LogError (object,UnityEngine.Object)
GameDiagnostics.UnityLogger:LogError (string,UnityEngine.GameObject) (at Assets/ModulesShared/Diagnostics/Scripts/UnityLogger.cs:9)
GameDiagnostics.Trace:LogError (string) (at Assets/ModulesShared/Diagnostics/Scripts/Debug.cs:35)
GameDatabase.Utils.BarrelConverter:Convert (GameDatabase.Model.Layout,GameDatabase.Serializable.BarrelSerializable[],int) (at Assets/Modules/Database/Scripts/Utils/BarrelConverter.cs:20)
GameDatabase.DataModel.Ship:OnDataDeserialized (GameDatabase.Serializable.ShipSerializable,GameDatabase.Database/Loader) (at Assets/Modules/Database/Scripts/DataModel/Ship.cs:11)
GameDatabase.DataModel.Ship:.ctor (GameDatabase.Serializable.ShipSerializable,GameDatabase.Database/Loader) (at Assets/Modules/Database/Scripts/GeneratedGameCode/DataModel/Ship.cs:49)
GameDatabase.DataModel.Ship:Create (GameDatabase.Serializable.ShipSerializable,GameDatabase.Database/Loader) (at Assets/Modules/Database/Scripts/GeneratedGameCode/DataModel/Ship.cs:22)
GameDatabase.Database/Loader:Load () (at Assets/Modules/Database/Scripts/GeneratedGameCode/Database.cs:320)
GameDatabase.Database/Loader:Load (GameDatabase.Database,GameDatabase.Storage.DatabaseContent) (at Assets/Modules/Database/Scripts/GeneratedGameCode/Database.cs:271)
GameDatabase.Database:Load (GameDatabase.Storage.IDataStorage) (at Assets/Modules/Database/Scripts/Database.cs:153)
GameDatabase.Database:LoadDefault () (at Assets/Modules/Database/Scripts/Database.cs:94)
ReUI.Editor.ReUIValidation:ValidateBeta81 () (at Assets/ReUI/Editor/ReUIValidation.cs:667)
ReUI.Editor.ReUIValidation:ValidateBeta82 () (at Assets/ReUI/Editor/ReUIValidation.cs:783)
ReUI.Editor.ReUIValidation:ValidateBeta83 () (at Assets/ReUI/Editor/ReUIValidation.cs:811)
ReUI.Editor.ReUIQuickAndroidBuild:Build () (at Assets/ReUI/Editor/ReUIQuickAndroidBuild.cs:43)

(Filename: Assets/ModulesShared/Diagnostics/Scripts/Debug.cs Line: 35)

barrels do not fit layout 162
UnityEngine.Debug:ExtractStackTraceNoAlloc (byte*,int,string)
UnityEngine.StackTraceUtility:ExtractStackTrace ()
UnityEngine.DebugLogHandler:Internal_Log (UnityEngine.LogType,UnityEngine.LogOption,string,UnityEngine.Object)
UnityEngine.DebugLogHandler:LogFormat (UnityEngine.LogType,UnityEngine.Object,string,object[])
UnityEngine.Logger:Log (UnityEngine.LogType,object,UnityEngine.Object)
UnityEngine.Debug:LogError (object,UnityEngine.Object)
GameDiagnostics.UnityLogger:LogError (string,UnityEngine.GameObject) (at Assets/ModulesShared/Diagnostics/Scripts/UnityLogger.cs:9)
GameDiagnostics.Trace:LogError (string) (at Assets/ModulesShared/Diagnostics/Scripts/Debug.cs:35)
GameDatabase.Utils.BarrelConverter:Convert (GameDatabase.Model.Layout,GameDatabase.Serializable.BarrelSerializable[],int) (at Assets/Modules/Database/Scripts/Utils/BarrelConverter.cs:20)
GameDatabase.DataModel.Ship:OnDataDeserialized (GameDatabase.Serializable.ShipSerializable,GameDatabase.Database/Loader) (at Assets/Modules/Database/Scripts/DataModel/Ship.cs:11)
GameDatabase.DataModel.Ship:.ctor (GameDatabase.Serializable.ShipSerializable,GameDatabase.Database/Loader) (at Assets/Modules/Database/Scripts/GeneratedGameCode/DataModel/Ship.cs:49)
GameDatabase.DataModel.Ship:Create (GameDatabase.Serializable.ShipSerializable,GameDatabase.Database/Loader) (at Assets/Modules/Database/Scripts/GeneratedGameCode/DataModel/Ship.cs:22)
GameDatabase.Database/Loader:Load () (at Assets/Modules/Database/Scripts/GeneratedGameCode/Database.cs:320)
GameDatabase.Database/Loader:Load (GameDatabase.Database,GameDatabase.Storage.DatabaseContent) (at Assets/Modules/Database/Scripts/GeneratedGameCode/Database.cs:271)
GameDatabase.Database:Load (GameDatabase.Storage.IDataStorage) (at Assets/Modules/Database/Scripts/Database.cs:153)
GameDatabase.Database:LoadDefault () (at Assets/Modules/Database/Scripts/Database.cs:94)
ReUI.Editor.ReUIValidation:ValidateBeta81 () (at Assets/ReUI/Editor/ReUIValidation.cs:667)
ReUI.Editor.ReUIValidation:ValidateBeta82 () (at Assets/ReUI/Editor/ReUIValidation.cs:783)
ReUI.Editor.ReUIValidation:ValidateBeta83 () (at Assets/ReUI/Editor/ReUIValidation.cs:811)
ReUI.Editor.ReUIQuickAndroidBuild:Build () (at Assets/ReUI/Editor/ReUIQuickAndroidBuild.cs:43)

(Filename: Assets/ModulesShared/Diagnostics/Scripts/Debug.cs Line: 35)

barrels do not fit layout 165
UnityEngine.Debug:ExtractStackTraceNoAlloc (byte*,int,string)
UnityEngine.StackTraceUtility:ExtractStackTrace ()
UnityEngine.DebugLogHandler:Internal_Log (UnityEngine.LogType,UnityEngine.LogOption,string,UnityEngine.Object)
UnityEngine.DebugLogHandler:LogFormat (UnityEngine.LogType,UnityEngine.Object,string,object[])
UnityEngine.Logger:Log (UnityEngine.LogType,object,UnityEngine.Object)
UnityEngine.Debug:LogError (object,UnityEngine.Object)
GameDiagnostics.UnityLogger:LogError (string,UnityEngine.GameObject) (at Assets/ModulesShared/Diagnostics/Scripts/UnityLogger.cs:9)
GameDiagnostics.Trace:LogError (string) (at Assets/ModulesShared/Diagnostics/Scripts/Debug.cs:35)
GameDatabase.Utils.BarrelConverter:Convert (GameDatabase.Model.Layout,GameDatabase.Serializable.BarrelSerializable[],int) (at Assets/Modules/Database/Scripts/Utils/BarrelConverter.cs:20)
GameDatabase.DataModel.Ship:OnDataDeserialized (GameDatabase.Serializable.ShipSerializable,GameDatabase.Database/Loader) (at Assets/Modules/Database/Scripts/DataModel/Ship.cs:11)
GameDatabase.DataModel.Ship:.ctor (GameDatabase.Serializable.ShipSerializable,GameDatabase.Database/Loader) (at Assets/Modules/Database/Scripts/GeneratedGameCode/DataModel/Ship.cs:49)
GameDatabase.DataModel.Ship:Create (GameDatabase.Serializable.ShipSerializable,GameDatabase.Database/Loader) (at Assets/Modules/Database/Scripts/GeneratedGameCode/DataModel/Ship.cs:22)
GameDatabase.Database/Loader:Load () (at Assets/Modules/Database/Scripts/GeneratedGameCode/Database.cs:320)
GameDatabase.Database/Loader:Load (GameDatabase.Database,GameDatabase.Storage.DatabaseContent) (at Assets/Modules/Database/Scripts/GeneratedGameCode/Database.cs:271)
GameDatabase.Database:Load (GameDatabase.Storage.IDataStorage) (at Assets/Modules/Database/Scripts/Database.cs:153)
GameDatabase.Database:LoadDefault () (at Assets/Modules/Database/Scripts/Database.cs:94)
ReUI.Editor.ReUIValidation:ValidateBeta81 () (at Assets/ReUI/Editor/ReUIValidation.cs:667)
ReUI.Editor.ReUIValidation:ValidateBeta82 () (at Assets/ReUI/Editor/ReUIValidation.cs:783)
ReUI.Editor.ReUIValidation:ValidateBeta83 () (at Assets/ReUI/Editor/ReUIValidation.cs:811)
ReUI.Editor.ReUIQuickAndroidBuild:Build () (at Assets/ReUI/Editor/ReUIQuickAndroidBuild.cs:43)

(Filename: Assets/ModulesShared/Diagnostics/Scripts/Debug.cs Line: 35)

barrels do not fit layout 161
UnityEngine.Debug:ExtractStackTraceNoAlloc (byte*,int,string)
UnityEngine.StackTraceUtility:ExtractStackTrace ()
UnityEngine.DebugLogHandler:Internal_Log (UnityEngine.LogType,UnityEngine.LogOption,string,UnityEngine.Object)
UnityEngine.DebugLogHandler:LogFormat (UnityEngine.LogType,UnityEngine.Object,string,object[])
UnityEngine.Logger:Log (UnityEngine.LogType,object,UnityEngine.Object)
UnityEngine.Debug:LogError (object,UnityEngine.Object)
GameDiagnostics.UnityLogger:LogError (string,UnityEngine.GameObject) (at Assets/ModulesShared/Diagnostics/Scripts/UnityLogger.cs:9)
GameDiagnostics.Trace:LogError (string) (at Assets/ModulesShared/Diagnostics/Scripts/Debug.cs:35)
GameDatabase.Utils.BarrelConverter:Convert (GameDatabase.Model.Layout,GameDatabase.Serializable.BarrelSerializable[],int) (at Assets/Modules/Database/Scripts/Utils/BarrelConverter.cs:20)
GameDatabase.DataModel.Ship:OnDataDeserialized (GameDatabase.Serializable.ShipSerializable,GameDatabase.Database/Loader) (at Assets/Modules/Database/Scripts/DataModel/Ship.cs:11)
GameDatabase.DataModel.Ship:.ctor (GameDatabase.Serializable.ShipSerializable,GameDatabase.Database/Loader) (at Assets/Modules/Database/Scripts/GeneratedGameCode/DataModel/Ship.cs:49)
GameDatabase.DataModel.Ship:Create (GameDatabase.Serializable.ShipSerializable,GameDatabase.Database/Loader) (at Assets/Modules/Database/Scripts/GeneratedGameCode/DataModel/Ship.cs:22)
GameDatabase.Database/Loader:Load () (at Assets/Modules/Database/Scripts/GeneratedGameCode/Database.cs:320)
GameDatabase.Database/Loader:Load (GameDatabase.Database,GameDatabase.Storage.DatabaseContent) (at Assets/Modules/Database/Scripts/GeneratedGameCode/Database.cs:271)
GameDatabase.Database:Load (GameDatabase.Storage.IDataStorage) (at Assets/Modules/Database/Scripts/Database.cs:153)
GameDatabase.Database:LoadDefault () (at Assets/Modules/Database/Scripts/Database.cs:94)
ReUI.Editor.ReUIValidation:ValidateBeta81 () (at Assets/ReUI/Editor/ReUIValidation.cs:667)
ReUI.Editor.ReUIValidation:ValidateBeta82 () (at Assets/ReUI/Editor/ReUIValidation.cs:783)
ReUI.Editor.ReUIValidation:ValidateBeta83 () (at Assets/ReUI/Editor/ReUIValidation.cs:811)
ReUI.Editor.ReUIQuickAndroidBuild:Build () (at Assets/ReUI/Editor/ReUIQuickAndroidBuild.cs:43)

(Filename: Assets/ModulesShared/Diagnostics/Scripts/Debug.cs Line: 35)

barrels do not fit layout 94000
UnityEngine.Debug:ExtractStackTraceNoAlloc (byte*,int,string)
UnityEngine.StackTraceUtility:ExtractStackTrace ()
UnityEngine.DebugLogHandler:Internal_Log (UnityEngine.LogType,UnityEngine.LogOption,string,UnityEngine.Object)
UnityEngine.DebugLogHandler:LogFormat (UnityEngine.LogType,UnityEngine.Object,string,object[])
UnityEngine.Logger:Log (UnityEngine.LogType,object,UnityEngine.Object)
UnityEngine.Debug:LogError (object,UnityEngine.Object)
GameDiagnostics.UnityLogger:LogError (string,UnityEngine.GameObject) (at Assets/ModulesShared/Diagnostics/Scripts/UnityLogger.cs:9)
GameDiagnostics.Trace:LogError (string) (at Assets/ModulesShared/Diagnostics/Scripts/Debug.cs:35)
GameDatabase.Utils.BarrelConverter:Convert (GameDatabase.Model.Layout,GameDatabase.Serializable.BarrelSerializable[],int) (at Assets/Modules/Database/Scripts/Utils/BarrelConverter.cs:20)
GameDatabase.DataModel.Ship:OnDataDeserialized (GameDatabase.Serializable.ShipSerializable,GameDatabase.Database/Loader) (at Assets/Modules/Database/Scripts/DataModel/Ship.cs:11)
GameDatabase.DataModel.Ship:.ctor (GameDatabase.Serializable.ShipSerializable,GameDatabase.Database/Loader) (at Assets/Modules/Database/Scripts/GeneratedGameCode/DataModel/Ship.cs:49)
GameDatabase.DataModel.Ship:Create (GameDatabase.Serializable.ShipSerializable,GameDatabase.Database/Loader) (at Assets/Modules/Database/Scripts/GeneratedGameCode/DataModel/Ship.cs:22)
GameDatabase.Database/Loader:Load () (at Assets/Modules/Database/Scripts/GeneratedGameCode/Database.cs:320)
GameDatabase.Database/Loader:Load (GameDatabase.Database,GameDatabase.Storage.DatabaseContent) (at Assets/Modules/Database/Scripts/GeneratedGameCode/Database.cs:271)
GameDatabase.Database:Load (GameDatabase.Storage.IDataStorage) (at Assets/Modules/Database/Scripts/Database.cs:153)
GameDatabase.Database:LoadDefault () (at Assets/Modules/Database/Scripts/Database.cs:94)
ReUI.Editor.ReUIValidation:ValidateBeta81 () (at Assets/ReUI/Editor/ReUIValidation.cs:667)
ReUI.Editor.ReUIValidation:ValidateBeta82 () (at Assets/ReUI/Editor/ReUIValidation.cs:783)
ReUI.Editor.ReUIValidation:ValidateBeta83 () (at Assets/ReUI/Editor/ReUIValidation.cs:811)
ReUI.Editor.ReUIQuickAndroidBuild:Build () (at Assets/ReUI/Editor/ReUIQuickAndroidBuild.cs:43)

(Filename: Assets/ModulesShared/Diagnostics/Scripts/Debug.cs Line: 35)

barrels do not fit layout 1145141
UnityEngine.Debug:ExtractStackTraceNoAlloc (byte*,int,string)
UnityEngine.StackTraceUtility:ExtractStackTrace ()
UnityEngine.DebugLogHandler:Internal_Log (UnityEngine.LogType,UnityEngine.LogOption,string,UnityEngine.Object)
UnityEngine.DebugLogHandler:LogFormat (UnityEngine.LogType,UnityEngine.Object,string,object[])
UnityEngine.Logger:Log (UnityEngine.LogType,object,UnityEngine.Object)
UnityEngine.Debug:LogError (object,UnityEngine.Object)
GameDiagnostics.UnityLogger:LogError (string,UnityEngine.GameObject) (at Assets/ModulesShared/Diagnostics/Scripts/UnityLogger.cs:9)
GameDiagnostics.Trace:LogError (string) (at Assets/ModulesShared/Diagnostics/Scripts/Debug.cs:35)
GameDatabase.Utils.BarrelConverter:Convert (GameDatabase.Model.Layout,GameDatabase.Serializable.BarrelSerializable[],int) (at Assets/Modules/Database/Scripts/Utils/BarrelConverter.cs:20)
GameDatabase.DataModel.Ship:OnDataDeserialized (GameDatabase.Serializable.ShipSerializable,GameDatabase.Database/Loader) (at Assets/Modules/Database/Scripts/DataModel/Ship.cs:11)
GameDatabase.DataModel.Ship:.ctor (GameDatabase.Serializable.ShipSerializable,GameDatabase.Database/Loader) (at Assets/Modules/Database/Scripts/GeneratedGameCode/DataModel/Ship.cs:49)
GameDatabase.DataModel.Ship:Create (GameDatabase.Serializable.ShipSerializable,GameDatabase.Database/Loader) (at Assets/Modules/Database/Scripts/GeneratedGameCode/DataModel/Ship.cs:22)
GameDatabase.Database/Loader:Load () (at Assets/Modules/Database/Scripts/GeneratedGameCode/Database.cs:320)
GameDatabase.Database/Loader:Load (GameDatabase.Database,GameDatabase.Storage.DatabaseContent) (at Assets/Modules/Database/Scripts/GeneratedGameCode/Database.cs:271)
GameDatabase.Database:Load (GameDatabase.Storage.IDataStorage) (at Assets/Modules/Database/Scripts/Database.cs:153)
GameDatabase.Database:LoadDefault () (at Assets/Modules/Database/Scripts/Database.cs:94)
ReUI.Editor.ReUIValidation:ValidateBeta81 () (at Assets/ReUI/Editor/ReUIValidation.cs:667)
ReUI.Editor.ReUIValidation:ValidateBeta82 () (at Assets/ReUI/Editor/ReUIValidation.cs:783)
ReUI.Editor.ReUIValidation:ValidateBeta83 () (at Assets/ReUI/Editor/ReUIValidation.cs:811)
ReUI.Editor.ReUIQuickAndroidBuild:Build () (at Assets/ReUI/Editor/ReUIQuickAndroidBuild.cs:43)

(Filename: Assets/ModulesShared/Diagnostics/Scripts/Debug.cs Line: 35)

barrels do not fit layout 1145142
UnityEngine.Debug:ExtractStackTraceNoAlloc (byte*,int,string)
UnityEngine.StackTraceUtility:ExtractStackTrace ()
UnityEngine.DebugLogHandler:Internal_Log (UnityEngine.LogType,UnityEngine.LogOption,string,UnityEngine.Object)
UnityEngine.DebugLogHandler:LogFormat (UnityEngine.LogType,UnityEngine.Object,string,object[])
UnityEngine.Logger:Log (UnityEngine.LogType,object,UnityEngine.Object)
UnityEngine.Debug:LogError (object,UnityEngine.Object)
GameDiagnostics.UnityLogger:LogError (string,UnityEngine.GameObject) (at Assets/ModulesShared/Diagnostics/Scripts/UnityLogger.cs:9)
GameDiagnostics.Trace:LogError (string) (at Assets/ModulesShared/Diagnostics/Scripts/Debug.cs:35)
GameDatabase.Utils.BarrelConverter:Convert (GameDatabase.Model.Layout,GameDatabase.Serializable.BarrelSerializable[],int) (at Assets/Modules/Database/Scripts/Utils/BarrelConverter.cs:20)
GameDatabase.DataModel.Ship:OnDataDeserialized (GameDatabase.Serializable.ShipSerializable,GameDatabase.Database/Loader) (at Assets/Modules/Database/Scripts/DataModel/Ship.cs:11)
GameDatabase.DataModel.Ship:.ctor (GameDatabase.Serializable.ShipSerializable,GameDatabase.Database/Loader) (at Assets/Modules/Database/Scripts/GeneratedGameCode/DataModel/Ship.cs:49)
GameDatabase.DataModel.Ship:Create (GameDatabase.Serializable.ShipSerializable,GameDatabase.Database/Loader) (at Assets/Modules/Database/Scripts/GeneratedGameCode/DataModel/Ship.cs:22)
GameDatabase.Database/Loader:Load () (at Assets/Modules/Database/Scripts/GeneratedGameCode/Database.cs:320)
GameDatabase.Database/Loader:Load (GameDatabase.Database,GameDatabase.Storage.DatabaseContent) (at Assets/Modules/Database/Scripts/GeneratedGameCode/Database.cs:271)
GameDatabase.Database:Load (GameDatabase.Storage.IDataStorage) (at Assets/Modules/Database/Scripts/Database.cs:153)
GameDatabase.Database:LoadDefault () (at Assets/Modules/Database/Scripts/Database.cs:94)
ReUI.Editor.ReUIValidation:ValidateBeta81 () (at Assets/ReUI/Editor/ReUIValidation.cs:667)
ReUI.Editor.ReUIValidation:ValidateBeta82 () (at Assets/ReUI/Editor/ReUIValidation.cs:783)
ReUI.Editor.ReUIValidation:ValidateBeta83 () (at Assets/ReUI/Editor/ReUIValidation.cs:811)
ReUI.Editor.ReUIQuickAndroidBuild:Build () (at Assets/ReUI/Editor/ReUIQuickAndroidBuild.cs:43)

(Filename: Assets/ModulesShared/Diagnostics/Scripts/Debug.cs Line: 35)

barrels do not fit layout 114514
UnityEngine.Debug:ExtractStackTraceNoAlloc (byte*,int,string)
UnityEngine.StackTraceUtility:ExtractStackTrace ()
UnityEngine.DebugLogHandler:Internal_Log (UnityEngine.LogType,UnityEngine.LogOption,string,UnityEngine.Object)
UnityEngine.DebugLogHandler:LogFormat (UnityEngine.LogType,UnityEngine.Object,string,object[])
UnityEngine.Logger:Log (UnityEngine.LogType,object,UnityEngine.Object)
UnityEngine.Debug:LogError (object,UnityEngine.Object)
GameDiagnostics.UnityLogger:LogError (string,UnityEngine.GameObject) (at Assets/ModulesShared/Diagnostics/Scripts/UnityLogger.cs:9)
GameDiagnostics.Trace:LogError (string) (at Assets/ModulesShared/Diagnostics/Scripts/Debug.cs:35)
GameDatabase.Utils.BarrelConverter:Convert (GameDatabase.Model.Layout,GameDatabase.Serializable.BarrelSerializable[],int) (at Assets/Modules/Database/Scripts/Utils/BarrelConverter.cs:20)
GameDatabase.DataModel.Ship:OnDataDeserialized (GameDatabase.Serializable.ShipSerializable,GameDatabase.Database/Loader) (at Assets/Modules/Database/Scripts/DataModel/Ship.cs:11)
GameDatabase.DataModel.Ship:.ctor (GameDatabase.Serializable.ShipSerializable,GameDatabase.Database/Loader) (at Assets/Modules/Database/Scripts/GeneratedGameCode/DataModel/Ship.cs:49)
GameDatabase.DataModel.Ship:Create (GameDatabase.Serializable.ShipSerializable,GameDatabase.Database/Loader) (at Assets/Modules/Database/Scripts/GeneratedGameCode/DataModel/Ship.cs:22)
GameDatabase.Database/Loader:Load () (at Assets/Modules/Database/Scripts/GeneratedGameCode/Database.cs:320)
GameDatabase.Database/Loader:Load (GameDatabase.Database,GameDatabase.Storage.DatabaseContent) (at Assets/Modules/Database/Scripts/GeneratedGameCode/Database.cs:271)
GameDatabase.Database:Load (GameDatabase.Storage.IDataStorage) (at Assets/Modules/Database/Scripts/Database.cs:153)
GameDatabase.Database:LoadDefault () (at Assets/Modules/Database/Scripts/Database.cs:94)
ReUI.Editor.ReUIValidation:ValidateBeta81 () (at Assets/ReUI/Editor/ReUIValidation.cs:667)
ReUI.Editor.ReUIValidation:ValidateBeta82 () (at Assets/ReUI/Editor/ReUIValidation.cs:783)
ReUI.Editor.ReUIValidation:ValidateBeta83 () (at Assets/ReUI/Editor/ReUIValidation.cs:811)
ReUI.Editor.ReUIQuickAndroidBuild:Build () (at Assets/ReUI/Editor/ReUIQuickAndroidBuild.cs:43)

(Filename: Assets/ModulesShared/Diagnostics/Scripts/Debug.cs Line: 35)

[Beta8.1 Validation] silentCore=high-visibility-charge, beautifulProminence=nearest-hive-single-completion, defense=observe-normal-battle, dialogue=no-empty-fleet-preview, hiveBackground=stable-world-space-uv, advanceFour=45-to-55ly, mothersTears=nearby-stations, wanNianFengXue=smaller, craftingLevel=50
[Beta8.2 Validation] wanNianFengXue=slightly-smaller, externalModPainting=logical-rect-pivot-preserved-pixel-signature-isolated
[Beta8.3 Validation] capturedStarbases=50-level-tiers-max10, default=trade, dailyRewards=trade-and-research, borderSupport=level-plus-battleship-max10, selector=owned-stations, mapRings=green-red-blue-around-star
[ServicesCore]: To use Unity's dashboard services, you need to link your Unity project to a project ID. To do this, go to Project Settings to select your organization, select your project and then link a project ID. You also need to make sure your organization has access to the required products. Visit https://dashboard.unity3d.com to sign up.
Start importing ProjectSettings/ProjectSettings.asset using Guid(00000000000000004000000000000000) (LibraryAssetImporter) -> (artifact id: '6060297036a9b3e428c2c719ca229a1c') in 0.0045762 seconds
Refreshing native plugins compatible for Editor in 7.88 ms, found 0 plugins.
Preloading 0 native plugins for Editor in 0.00 ms.
Asset Pipeline Refresh (id=585600086cbc6ac479c6dd8b888026e0): Total: 0.130 seconds - Initiated by StopAssetImportingV2(NoUpdateAssetOptions)
The Unity Cloud Diagnostics service is enabled, and it requires Debug Symbols to be either SymbolTable or Full to resolve stacktraces in crash reports. Consider selecting Full to receive fully-detailed crash reports.
DisplayProgressbar: Checking prerequisites
Android PostProcess task "Checking prerequisites" took 12.4685 ms
DisplayProgressbar: Detect Java Development Kit (JDK)
Android PostProcess task "Detect Java Development Kit (JDK)" took 105.8131 ms
DisplayProgressbar: Detecting Android SDK
AndroidSDKTools:

	root          : C:\Program Files\Unity\Hub\Editor\6000.0.75f1\Editor\Data\PlaybackEngines\AndroidPlayer\SDK
	cmdline-tools : C:\Program Files\Unity\Hub\Editor\6000.0.75f1\Editor\Data\PlaybackEngines\AndroidPlayer\SDK\cmdline-tools\16.0
	platform-tools: C:\Program Files\Unity\Hub\Editor\6000.0.75f1\Editor\Data\PlaybackEngines\AndroidPlayer\SDK\platform-tools
	build-tools   : C:\Program Files\Unity\Hub\Editor\6000.0.75f1\Editor\Data\PlaybackEngines\AndroidPlayer\SDK\build-tools\36.0.0

	adb           : C:\Program Files\Unity\Hub\Editor\6000.0.75f1\Editor\Data\PlaybackEngines\AndroidPlayer\SDK\platform-tools\adb.exe

Android PostProcess task "Detecting Android SDK" took 8680.8888 ms
DisplayProgressbar: Detect Android NDK
Android PostProcess task "Detect Android NDK" took 1.467 ms
Android PostProcess task "Trying to find a suitable Android device" took 0.2612 ms
DisplayProgressbar: Check resources
Android PostProcess task "Check resources" took 0.1494 ms
DisplayProgressbar: Check Android Player Settings
Android PostProcess task "Check Android Player Settings" took 0.3367 ms
Launched and connected shader compiler UnityShaderCompiler.exe after 0.02 seconds
Starting: C:\Program Files\Unity\Hub\Editor\6000.0.75f1\Editor\Data\bee_backend.exe --ipc --defer-dag-verification --dagfile="Library/Bee/1300b0aESkipCompile.dag" --continue-on-failure --profile="Library/Bee/backend1.traceevents" ScriptAssembliesAndTypeDB
WorkingDir: C:/Users/wjy25/Documents/Re-Threebody/upstream/ReUI
ExitCode: 4 Duration: 0s30ms
[             ] Require frontend run.  Library/Bee/1300b0aESkipCompile.dag couldn't be loaded
DisplayProgressbar: Compiling Scripts
Starting: C:\Program Files\Unity\Hub\Editor\6000.0.75f1\Editor\Data\Tools\netcorerun\netcorerun.exe "C:\Program Files\Unity\Hub\Editor\6000.0.75f1\Editor\Data\Tools\BuildPipeline\ScriptCompilationBuildProgram.exe" "Library/Bee/1300b0aESkipCompile.dag.json" "Library/Bee/1300b0aESkipCompile-inputdata.json" "Library\Bee\buildprogram0.traceevents"
WorkingDir: C:/Users/wjy25/Documents/Re-Threebody/upstream/ReUI
ExitCode: 0 Duration: 0s228ms
Starting: C:\Program Files\Unity\Hub\Editor\6000.0.75f1\Editor\Data\bee_backend.exe --ipc --defer-dag-verification --dagfile="Library/Bee/1300b0aESkipCompile.dag" --continue-on-failure --dagfilejson="Library\Bee\1300b0aESkipCompile.dag.json" --profile="Library/Bee/backend2.traceevents" ScriptAssembliesAndTypeDB
WorkingDir: C:/Users/wjy25/Documents/Re-Threebody/upstream/ReUI
ExitCode: 0 Duration: 1s32ms
Finished compiling graph: 5 nodes, 7 flattened edges (7 ToBuild, 0 ToUse), maximum node priority 5
[1/4        0s] WriteResponseFile Library/Bee/artifacts/rsp/6097564273297756792.rsp
[3/4        0s] BuildPlayerDataGenerator Library/BuildPlayerData/Editor/TypeDb-All.json
*** Tundra build success (1.01 seconds), 2 items updated, 4 evaluated
Asset Pipeline Refresh (id=91c38b29f5ec5e141b5ffcb10358934f): Total: 0.003 seconds - Initiated by RefreshV2(NoUpdateAssetOptions)
[ScriptCompilation] Requested script compilation because: Recompiling scripts for player build.
BuildPlayer: start building target 13
Assembly for Assembly Definition File 'Assets/Modules/GalaxyMap/GalaxyMap.asmdef' will not be compiled, because it has no scripts associated with it.
Total cache size 268135841
Total cache size after purge 268135841, took 00:00:00.1388618
Starting: C:\Program Files\Unity\Hub\Editor\6000.0.75f1\Editor\Data\bee_backend.exe --ipc --defer-dag-verification --dagfile="Library/Bee/1300b0aP.dag" --continue-on-failure --profile="Library/Bee/backend1.traceevents" ScriptAssembliesAndTypeDB
WorkingDir: C:/Users/wjy25/Documents/Re-Threebody/upstream/ReUI
ExitCode: 4 Duration: 0s29ms
[             ] Require frontend run.  Library/Bee/1300b0aP.dag couldn't be loaded
Starting: C:\Program Files\Unity\Hub\Editor\6000.0.75f1\Editor\Data\Tools\netcorerun\netcorerun.exe "C:\Program Files\Unity\Hub\Editor\6000.0.75f1\Editor\Data\Tools\BuildPipeline\ScriptCompilationBuildProgram.exe" "Library/Bee/1300b0aP.dag.json" "Library/Bee/1300b0aP-inputdata.json" "Library\Bee\buildprogram0.traceevents"
WorkingDir: C:/Users/wjy25/Documents/Re-Threebody/upstream/ReUI
ExitCode: 0 Duration: 0s356ms
Starting: C:\Program Files\Unity\Hub\Editor\6000.0.75f1\Editor\Data\bee_backend.exe --ipc --defer-dag-verification --dagfile="Library/Bee/1300b0aP.dag" --continue-on-failure --dagfilejson="Library\Bee\1300b0aP.dag.json" --profile="Library/Bee/backend2.traceevents" ScriptAssembliesAndTypeDB
WorkingDir: C:/Users/wjy25/Documents/Re-Threebody/upstream/ReUI
ExitCode: 0 Duration: 12s
Finished compiling graph: 511 nodes, 5789 flattened edges (5091 ToBuild, 102 ToUse), maximum node priority 305
[  1/510    0s] WriteText Library/Bee/artifacts/1300b0aP.dag/UnityEngine.UI.rsp2
[  2/510    0s] WriteText Library/Bee/artifacts/1300b0aP.dag/UnityEngine.UI.UnityAdditionalFile.txt
[  3/510    0s] MovedFromExtractor Library/Bee/artifacts/mvdfrm/UnityEngine.UnityWebRequestAssetBundleModule.dll_B9E06CE664DE66A8.mvfrm
[  4/510    0s] MovedFromExtractor Library/Bee/artifacts/mvdfrm/UnityEngine.UnityTestProtocolModule.dll_0CC951CB9D3110FD.mvfrm
[  5/510    0s] MovedFromExtractor Library/Bee/artifacts/mvdfrm/UnityEngine.AssetBundleModule.dll_8EECAF2D83843290.mvfrm
[  6/510    0s] MovedFromExtractor Library/Bee/artifacts/mvdfrm/UnityEngine.SubstanceModule.dll_6074E092C290386E.mvfrm
[  7/510    0s] MovedFromExtractor Library/Bee/artifacts/mvdfrm/UnityEngine.TLSModule.dll_411BF776B7880079.mvfrm
[  8/510    0s] MovedFromExtractor Library/Bee/artifacts/mvdfrm/UnityEngine.XRModule.dll_E76CEDC4BEC8ECC0.mvfrm
[  9/510    0s] MovedFromExtractor Library/Bee/artifacts/mvdfrm/UnityEngine.UnityConnectModule.dll_8C548C1FE905CB8B.mvfrm
[ 10/510    0s] MovedFromExtractor Library/Bee/artifacts/mvdfrm/UnityEngine.WindModule.dll_6677800477CB70BE.mvfrm
[ 11/510    0s] MovedFromExtractor Library/Bee/artifacts/mvdfrm/UnityEngine.VideoModule.dll_C9C2BD9AA6806739.mvfrm
[ 12/510    0s] MovedFromExtractor Library/Bee/artifacts/mvdfrm/UnityEngine.CoreModule.dll_F028A4DBE694F255.mvfrm
[ 13/510    0s] MovedFromExtractor Library/Bee/artifacts/mvdfrm/UnityEngine.TerrainModule.dll_3B935E077EF639D3.mvfrm
[ 14/510    0s] MovedFromExtractor Library/Bee/artifacts/mvdfrm/UnityEngine.GraphicsStateCollectionSerializerModule.dll_80723F9D3164A0A4.mvfrm
[ 15/510    0s] MovedFromExtractor Library/Bee/artifacts/mvdfrm/UnityEngine.CrashReportingModule.dll_23EE2AF42F09CD0D.mvfrm
[ 16/510    0s] MovedFromExtractor Library/Bee/artifacts/mvdfrm/UnityEngine.VFXModule.dll_C1FA8FE58DF569E6.mvfrm
[ 17/510    0s] MovedFromExtractor Library/Bee/artifacts/mvdfrm/UnityEngine.SubsystemsModule.dll_37B3BD88B4E0677A.mvfrm
[ 18/510    0s] MovedFromExtractor Library/Bee/artifacts/mvdfrm/UnityEngine.UnityWebRequestWWWModule.dll_DB138B9835DB35BD.mvfrm
[ 19/510    0s] MovedFromExtractor Library/Bee/artifacts/mvdfrm/UnityEngine.UnityCurlModule.dll_0251802A97C9750F.mvfrm
[ 20/510    0s] MovedFromExtractor Library/Bee/artifacts/mvdfrm/UnityEngine.VRModule.dll_B4AE2AC0358E9F62.mvfrm
[ 21/510    0s] MovedFromExtractor Library/Bee/artifacts/mvdfrm/UnityEngine.Physics2DModule.dll_1BDACEE9C8B27AB7.mvfrm
[ 22/510    0s] MovedFromExtractor Library/Bee/artifacts/mvdfrm/UnityEngine.AudioModule.dll_A4B9392FE3EE4B94.mvfrm
[ 23/510    0s] MovedFromExtractor Library/Bee/artifacts/mvdfrm/UnityEngine.ContentLoadModule.dll_2803086E5206DA7D.mvfrm
[ 24/510    0s] MovedFromExtractor Library/Bee/artifacts/mvdfrm/UnityEngine.UnityConsentModule.dll_5DFA234BF61061DB.mvfrm
[ 25/510    0s] MovedFromExtractor Library/Bee/artifacts/mvdfrm/UnityEngine.RuntimeInitializeOnLoadManagerInitializerModule.dll_B15582B1EB13D980.mvfrm
[ 26/510    0s] MovedFromExtractor Library/Bee/artifacts/mvdfrm/UnityEngine.TerrainPhysicsModule.dll_777B1D13B65E5328.mvfrm
[ 27/510    0s] MovedFromExtractor Library/Bee/artifacts/mvdfrm/UnityEngine.InputForUIModule.dll_E68C3EB0254986A9.mvfrm
[ 28/510    0s] MovedFromExtractor Library/Bee/artifacts/mvdfrm/UnityEngine.VehiclesModule.dll_72E9C7C98C5E7D4D.mvfrm
[ 29/510    0s] MovedFromExtractor Library/Bee/artifacts/mvdfrm/UnityEngine.UnityWebRequestModule.dll_14E6927651A534AE.mvfrm
[ 30/510    0s] MovedFromExtractor Library/Bee/artifacts/mvdfrm/UnityEngine.UnityWebRequestAudioModule.dll_FBD51FD498C4E6AC.mvfrm
[ 31/510    0s] MovedFromExtractor Library/Bee/artifacts/mvdfrm/UnityEngine.dll_8CEFCC43F9084730.mvfrm
[ 32/510    0s] MovedFromExtractor Library/Bee/artifacts/mvdfrm/UnityEngine.UnityWebRequestTextureModule.dll_9147332AA53E4A01.mvfrm
[ 33/510    0s] MovedFromExtractor Library/Bee/artifacts/mvdfrm/UnityEngine.ClothModule.dll_0BA1962ABE0B2A78.mvfrm
[ 34/510    0s] MovedFromExtractor Library/Bee/artifacts/mvdfrm/UnityEngine.PhysicsModule.dll_214CE298A937F0E5.mvfrm
[ 35/510    0s] MovedFromExtractor Library/Bee/artifacts/mvdfrm/UnityEngine.AndroidJNIModule.dll_B98C9A7BFEE7F8FC.mvfrm
[ 36/510    0s] MovedFromExtractor Library/Bee/artifacts/mvdfrm/UnityEngine.AnimationModule.dll_CF34DEF927B58322.mvfrm
[ 37/510    0s] MovedFromExtractor Library/Bee/artifacts/mvdfrm/UnityEngine.TextCoreTextEngineModule.dll_1051463C461B7951.mvfrm
[ 38/510    0s] MovedFromExtractor Library/Bee/artifacts/mvdfrm/UnityEngine.AccessibilityModule.dll_88650335ACBFE37C.mvfrm
[ 39/510    0s] MovedFromExtractor Library/Bee/artifacts/mvdfrm/UnityEngine.UmbraModule.dll_1F8DE5487114F707.mvfrm
[ 40/510    0s] MovedFromExtractor Library/Bee/artifacts/mvdfrm/UnityEngine.ARModule.dll_1FDB2B1094AA7307.mvfrm
[ 41/510    0s] MovedFromExtractor Library/Bee/artifacts/mvdfrm/UnityEngine.TextCoreFontEngineModule.dll_C8690FCAB697C033.mvfrm
[ 42/510    0s] MovedFromExtractor Library/Bee/artifacts/mvdfrm/UnityEngine.AIModule.dll_6668660D378D143E.mvfrm
[ 43/510    0s] MovedFromExtractor Library/Bee/artifacts/mvdfrm/UnityEngine.PropertiesModule.dll_111523D538144E29.mvfrm
[ 44/510    0s] MovedFromExtractor Library/Bee/artifacts/mvdfrm/UnityEngine.TilemapModule.dll_DA8FC58896B31ADC.mvfrm
[ 45/510    0s] WriteText Library/Bee/artifacts/1300b0aP.dag/UnityEngine.UI.dll.mvfrm.rsp
[ 46/510    0s] MovedFromExtractor Library/Bee/artifacts/mvdfrm/UnityEngine.ScreenCaptureModule.dll_026439F6C0677068.mvfrm
[ 47/510    0s] MovedFromExtractor Library/Bee/artifacts/mvdfrm/UnityEngine.SpriteMaskModule.dll_CD065726E6987F67.mvfrm
[ 48/510    0s] WriteText Library/Bee/artifacts/1300b0aP.dag/Unity.Services.Core.UnityAdditionalFile.txt
[ 49/510    0s] WriteText Library/Bee/artifacts/1300b0aP.dag/UnityEngine.UI.rsp
[ 50/510    0s] WriteText Library/Bee/artifacts/1300b0aP.dag/Unity.Services.Core.rsp2
[ 51/510    0s] WriteText Library/Bee/artifacts/1300b0aP.dag/Unity.Services.Core.dll.mvfrm.rsp
[ 52/510    0s] WriteText Library/Bee/artifacts/1300b0aP.dag/Unity.Services.Core.rsp
[ 53/510    0s] WriteText Library/Bee/artifacts/1300b0aP.dag/Unity.Services.Core.Internal.rsp2
[ 54/510    0s] MovedFromExtractor Library/Bee/artifacts/mvdfrm/UnityEngine.UnityAnalyticsModule.dll_969FE50A4942AA97.mvfrm
[ 55/510    0s] WriteText Library/Bee/artifacts/1300b0aP.dag/Unity.Services.Core.Internal.UnityAdditionalFile.txt
[ 56/510    0s] WriteText Library/Bee/artifacts/1300b0aP.dag/Unity.Services.Core.Internal.dll.mvfrm.rsp
[ 57/510    0s] WriteText Library/Bee/artifacts/1300b0aP.dag/Unity.Services.Core.Internal.rsp
[ 58/510    0s] WriteText Library/Bee/artifacts/1300b0aP.dag/Unity.Purchasing.Utilities.UnityAdditionalFile.txt
[ 59/510    0s] WriteText Library/Bee/artifacts/1300b0aP.dag/Unity.Purchasing.Utilities.rsp2
[ 60/510    0s] WriteText Library/Bee/artifacts/1300b0aP.dag/Unity.Purchasing.SecurityCore.UnityAdditionalFile.txt
[ 61/510    0s] WriteText Library/Bee/artifacts/1300b0aP.dag/Unity.Purchasing.Utilities.dll.mvfrm.rsp
[ 62/510    0s] WriteText Library/Bee/artifacts/1300b0aP.dag/Unity.Purchasing.SecurityCore.rsp2
[ 63/510    0s] WriteText Library/Bee/artifacts/1300b0aP.dag/Unity.Purchasing.Utilities.rsp
[ 64/510    0s] WriteText Library/Bee/artifacts/1300b0aP.dag/Zenject.rsp2
[ 65/510    0s] WriteText Library/Bee/artifacts/1300b0aP.dag/Zenject.UnityAdditionalFile.txt
[ 66/510    0s] WriteText Library/Bee/artifacts/1300b0aP.dag/Unity.Purchasing.SecurityCore.dll.mvfrm.rsp
[ 67/510    0s] WriteText Library/Bee/artifacts/1300b0aP.dag/Unity.Purchasing.SecurityCore.rsp
[ 68/510    0s] WriteText Library/Bee/artifacts/1300b0aP.dag/Utilites.rsp2
[ 69/510    0s] WriteText Library/Bee/artifacts/1300b0aP.dag/Utilites.UnityAdditionalFile.txt
[ 70/510    0s] WriteText Library/Bee/artifacts/1300b0aP.dag/Unity.Services.Core.Environments.UnityAdditionalFile.txt
[ 71/510    0s] WriteText Library/Bee/artifacts/1300b0aP.dag/Unity.Services.Core.Environments.rsp2
[ 72/510    0s] WriteText Library/Bee/artifacts/1300b0aP.dag/Zenject.dll.mvfrm.rsp
[ 73/510    0s] WriteText Library/Bee/artifacts/1300b0aP.dag/Unity.Purchasing.Security.UnityAdditionalFile.txt
[ 74/510    0s] WriteText Library/Bee/artifacts/1300b0aP.dag/CommonComponents.UnityAdditionalFile.txt
[ 75/510    0s] WriteText Library/Bee/artifacts/1300b0aP.dag/AppConfiguration.rsp2
[ 76/510    0s] WriteText Library/Bee/artifacts/1300b0aP.dag/Unity.Purchasing.Security.rsp2
[ 77/510    0s] WriteText Library/Bee/artifacts/1300b0aP.dag/CommonComponents.rsp2
[ 78/510    0s] WriteText Library/Bee/artifacts/1300b0aP.dag/AppConfiguration.UnityAdditionalFile.txt
[ 79/510    0s] WriteText Library/Bee/artifacts/1300b0aP.dag/Zenject.rsp
[ 80/510    0s] MovedFromExtractor Library/Bee/artifacts/mvdfrm/UnityEngine.UIModule.dll_61DC043A93D419EA.mvfrm
[ 81/510    0s] WriteText Library/Bee/artifacts/1300b0aP.dag/Unity.Services.Core.Environments.dll.mvfrm.rsp
[ 82/510    0s] WriteText Library/Bee/artifacts/1300b0aP.dag/Utilites.dll.mvfrm.rsp
[ 83/510    0s] WriteText Library/Bee/artifacts/1300b0aP.dag/Unity.Purchasing.Security.dll.mvfrm.rsp
[ 84/510    0s] WriteText Library/Bee/artifacts/1300b0aP.dag/Unity.Services.Core.Environments.rsp
[ 85/510    0s] MovedFromExtractor Library/Bee/artifacts/mvdfrm/UnityEngine.UnityAnalyticsCommonModule.dll_1F17893A2C42BA72.mvfrm
[ 86/510    0s] MovedFromExtractor Library/Bee/artifacts/mvdfrm/UnityEngine.SpriteShapeModule.dll_A84DDC8839266A9A.mvfrm
[ 87/510    0s] WriteText Library/Bee/artifacts/1300b0aP.dag/Utilites.rsp
[ 88/510    0s] WriteText Library/Bee/artifacts/1300b0aP.dag/AppConfiguration.dll.mvfrm.rsp
[ 89/510    0s] WriteText Library/Bee/artifacts/1300b0aP.dag/Unity.Purchasing.Security.rsp
[ 90/510    0s] WriteText Library/Bee/artifacts/1300b0aP.dag/AppConfiguration.rsp
[ 91/510    0s] WriteText Library/Bee/artifacts/1300b0aP.dag/Diagnostics.UnityAdditionalFile.txt
[ 92/510    0s] WriteText Library/Bee/artifacts/1300b0aP.dag/Diagnostics.rsp2
[ 93/510    0s] WriteText Library/Bee/artifacts/1300b0aP.dag/Unity.Purchasing.UnityAdditionalFile.txt
[ 94/510    0s] WriteText Library/Bee/artifacts/1300b0aP.dag/CommonComponents.dll.mvfrm.rsp
[ 95/510    0s] WriteText Library/Bee/artifacts/1300b0aP.dag/Unity.Purchasing.rsp2
[ 96/510    0s] WriteText Library/Bee/artifacts/1300b0aP.dag/UniRx.rsp2
[ 97/510    0s] WriteText Library/Bee/artifacts/1300b0aP.dag/UniRx.UnityAdditionalFile.txt
[ 98/510    0s] WriteText Library/Bee/artifacts/1300b0aP.dag/Unity.InputSystem.UnityAdditionalFile.txt
[ 99/510    0s] WriteText Library/Bee/artifacts/1300b0aP.dag/Unity.InputSystem.rsp2
[100/510    0s] WriteText Library/Bee/artifacts/1300b0aP.dag/CommonComponents.rsp
[101/510    0s] WriteText Library/Bee/artifacts/1300b0aP.dag/Diagnostics.dll.mvfrm.rsp
[102/510    0s] MovedFromExtractor Library/Bee/artifacts/mvdfrm/UnityEngine.TextRenderingModule.dll_2BA3AC01779EF05D.mvfrm
[103/510    0s] WriteText Library/Bee/artifacts/1300b0aP.dag/UniRx.dll.mvfrm.rsp
[104/510    0s] WriteText Library/Bee/artifacts/1300b0aP.dag/Unity.Purchasing.dll.mvfrm.rsp
[105/510    0s] WriteText Library/Bee/artifacts/1300b0aP.dag/Diagnostics.rsp
[106/510    0s] WriteText Library/Bee/artifacts/1300b0aP.dag/Unity.Purchasing.rsp
[107/510    0s] WriteText Library/Bee/artifacts/1300b0aP.dag/UniRx.rsp
[108/510    0s] WriteText Library/Bee/artifacts/1300b0aP.dag/Database.rsp2
[109/510    0s] MovedFromExtractor Library/Bee/artifacts/mvdfrm/UnityEngine.UIElementsModule.dll_3BF21EF0B80CA371.mvfrm
[110/510    0s] WriteText Library/Bee/artifacts/1300b0aP.dag/Database.UnityAdditionalFile.txt
[111/510    0s] MovedFromExtractor Library/Bee/artifacts/mvdfrm/UnityEngine.ShaderVariantAnalyticsModule.dll_520150DB510A857C.mvfrm
[112/510    0s] WriteText Library/Bee/artifacts/1300b0aP.dag/SecurityStub.UnityAdditionalFile.txt
[113/510    0s] WriteText Library/Bee/artifacts/1300b0aP.dag/CodeWriter.ExpressionParser.rsp2
[114/510    0s] WriteText Library/Bee/artifacts/1300b0aP.dag/Unity.InputSystem.dll.mvfrm.rsp
[115/510    0s] WriteText Library/Bee/artifacts/1300b0aP.dag/SecurityStub.rsp2
[116/510    0s] WriteText Library/Bee/artifacts/1300b0aP.dag/CodeWriter.ExpressionParser.UnityAdditionalFile.txt
[117/510    0s] WriteText Library/Bee/artifacts/1300b0aP.dag/NVorbis.rsp2
[118/510    0s] WriteText Library/Bee/artifacts/1300b0aP.dag/NVorbis.UnityAdditionalFile.txt
[119/510    0s] WriteText Library/Bee/artifacts/1300b0aP.dag/Unity.InputSystem.rsp
[120/510    0s] MovedFromExtractor Library/Bee/artifacts/mvdfrm/UnityEngine.PerformanceReportingModule.dll_83D8CBF6125A1C14.mvfrm
[121/510    0s] WriteText Library/Bee/artifacts/1300b0aP.dag/CodeWriter.ExpressionParser.dll.mvfrm.rsp
[122/510    0s] WriteText Library/Bee/artifacts/1300b0aP.dag/NVorbis.dll.mvfrm.rsp
[123/510    0s] WriteText Library/Bee/artifacts/1300b0aP.dag/SecurityStub.dll.mvfrm.rsp
[124/510    0s] WriteText Library/Bee/artifacts/1300b0aP.dag/NVorbis.rsp
[125/510    0s] WriteText Library/Bee/artifacts/1300b0aP.dag/CodeWriter.ExpressionParser.rsp
[126/510    0s] WriteText Library/Bee/artifacts/1300b0aP.dag/SecurityStub.rsp
[127/510    0s] WriteText Library/Bee/artifacts/1300b0aP.dag/Database.dll.mvfrm.rsp
[128/510    0s] WriteText Library/Bee/artifacts/1300b0aP.dag/Unity.Purchasing.Stores.XboxCloudServices.UnityAdditionalFile.txt
[129/510    0s] WriteText Library/Bee/artifacts/1300b0aP.dag/Unity.Purchasing.Stores.XboxCloudServices.rsp2
[130/510    0s] WriteText Library/Bee/artifacts/1300b0aP.dag/Database.rsp
[131/510    0s] WriteText Library/Bee/artifacts/1300b0aP.dag/Unity.Purchasing.AppleMacosStub.rsp2
[132/510    0s] WriteText Library/Bee/artifacts/1300b0aP.dag/Unity.Purchasing.Stores.XboxCloudServices.dll.mvfrm.rsp
[133/510    0s] WriteText Library/Bee/artifacts/1300b0aP.dag/Unity.Purchasing.AppleMacosStub.UnityAdditionalFile.txt
[134/510    0s] WriteText Library/Bee/artifacts/1300b0aP.dag/Unity.Purchasing.AppleStub.UnityAdditionalFile.txt
[135/510    0s] WriteText Library/Bee/artifacts/1300b0aP.dag/Unity.Purchasing.AppleStub.rsp2
[136/510    0s] WriteText Library/Bee/artifacts/1300b0aP.dag/ServicesFacade.UnityAdditionalFile.txt
[137/510    0s] MovedFromExtractor Library/Bee/artifacts/mvdfrm/UnityEngine.SharedInternalsModule.dll_8758C9A1BDDE957F.mvfrm
[138/510    0s] MovedFromExtractor Library/Bee/artifacts/mvdfrm/UnityEngine.StreamingModule.dll_83C9CC49773D3A60.mvfrm
[139/510    0s] WriteText Library/Bee/artifacts/1300b0aP.dag/Unity.Purchasing.AppleStub.dll.mvfrm.rsp
[140/510    0s] WriteText Library/Bee/artifacts/1300b0aP.dag/ServicesFacade.rsp2
[141/510    0s] WriteText Library/Bee/artifacts/1300b0aP.dag/Unity.Purchasing.AppleMacosStub.dll.mvfrm.rsp
[142/510    0s] MovedFromExtractor Library/Bee/artifacts/mvdfrm/UnityEngine.MultiplayerModule.dll_0E94CBBA3C4BC008.mvfrm
[143/510    0s] WriteText Library/Bee/artifacts/1300b0aP.dag/Unity.Purchasing.Stores.XboxCloudServices.rsp
[144/510    0s] MovedFromExtractor Library/Bee/artifacts/mvdfrm/UnityEngine.MarshallingModule.dll_37554DC267AC5FE2.mvfrm
[145/510    0s] WriteText Library/Bee/artifacts/1300b0aP.dag/Localization.UnityAdditionalFile.txt
[146/510    0s] WriteText Library/Bee/artifacts/1300b0aP.dag/Localization.rsp2
[147/510    0s] WriteText Library/Bee/artifacts/1300b0aP.dag/Unity.Purchasing.AppleMacosStub.rsp
[148/510    0s] WriteText Library/Bee/artifacts/1300b0aP.dag/Unity.Purchasing.AppleStub.rsp
[149/510    0s] WriteText Library/Bee/artifacts/1300b0aP.dag/Localization.dll.mvfrm.rsp
[150/510    0s] WriteText Library/Bee/artifacts/1300b0aP.dag/Unity.Purchasing.Stores.rsp2
[151/510    0s] WriteText Library/Bee/artifacts/1300b0aP.dag/Unity.Purchasing.Stores.UnityAdditionalFile.txt
[152/510    0s] WriteText Library/Bee/artifacts/1300b0aP.dag/ServicesFacade.dll.mvfrm.rsp
[153/510    0s] WriteText Library/Bee/artifacts/1300b0aP.dag/Localization.rsp
[154/510    0s] WriteText Library/Bee/artifacts/1300b0aP.dag/Unity.Purchasing.Stores.dll.mvfrm.rsp
[155/510    0s] MovedFromExtractor Library/Bee/artifacts/mvdfrm/UnityEngine.LocalizationModule.dll_5CDE47793781909F.mvfrm
[156/510    0s] WriteText Library/Bee/artifacts/1300b0aP.dag/ServicesFacade.rsp
[157/510    0s] WriteText Library/Bee/artifacts/1300b0aP.dag/ShipConstructor.rsp2
[158/510    0s] WriteText Library/Bee/artifacts/1300b0aP.dag/ShipConstructor.UnityAdditionalFile.txt
[159/510    0s] WriteText Library/Bee/artifacts/1300b0aP.dag/Unity.Purchasing.Stores.rsp
[160/510    0s] WriteText Library/Bee/artifacts/1300b0aP.dag/ResourceLocator.rsp2
[161/510    0s] WriteText Library/Bee/artifacts/1300b0aP.dag/ResourceLocator.UnityAdditionalFile.txt
[162/510    0s] WriteText Library/Bee/artifacts/1300b0aP.dag/ShipConstructor.dll.mvfrm.rsp
[163/510    0s] WriteText Library/Bee/artifacts/1300b0aP.dag/ResourceLocator.dll.mvfrm.rsp
[164/510    0s] WriteText Library/Bee/artifacts/1300b0aP.dag/ShipConstructor.rsp
[165/510    0s] WriteText Library/Bee/artifacts/1300b0aP.dag/ResourceLocator.rsp
[166/510    0s] WriteText Library/Bee/artifacts/1300b0aP.dag/Unity.Services.Core.Components.rsp2
[167/510    0s] MovedFromExtractor Library/Bee/artifacts/mvdfrm/UnityEngine.ParticleSystemModule.dll_770074409D1B589B.mvfrm
[168/510    0s] WriteText Library/Bee/artifacts/1300b0aP.dag/Unity.Services.Core.Components.UnityAdditionalFile.txt
[169/510    0s] WriteText Library/Bee/artifacts/1300b0aP.dag/Unity.Services.Core.Analytics.rsp2
[170/510    0s] WriteText Library/Bee/artifacts/1300b0aP.dag/Unity.Purchasing.Codeless.rsp2
[171/510    0s] WriteText Library/Bee/artifacts/1300b0aP.dag/Unity.Services.Core.Analytics.UnityAdditionalFile.txt
[172/510    0s] WriteText Library/Bee/artifacts/1300b0aP.dag/Unity.Multiplayer.Center.Common.rsp2
[173/510    0s] WriteText Library/Bee/artifacts/1300b0aP.dag/Unity.Purchasing.Codeless.UnityAdditionalFile.txt
[174/510    0s] WriteText Library/Bee/artifacts/1300b0aP.dag/Unity.Multiplayer.Center.Common.UnityAdditionalFile.txt
[175/510    0s] MovedFromExtractor Library/Bee/artifacts/mvdfrm/UnityEngine.JSONSerializeModule.dll_E87C8C71ABFB4406.mvfrm
[176/510    0s] WriteText Library/Bee/artifacts/1300b0aP.dag/Unity.InputSystem.ForUI.rsp2
[177/510    0s] WriteText Library/Bee/artifacts/1300b0aP.dag/Unity.InputSystem.ForUI.UnityAdditionalFile.txt
[178/510    0s] WriteText Library/Bee/artifacts/1300b0aP.dag/UnityEngine.Advertisements.UnityAdditionalFile.txt
[179/510    0s] WriteText Library/Bee/artifacts/1300b0aP.dag/Unity.Services.Core.Threading.rsp2
[180/510    0s] WriteText Library/Bee/artifacts/1300b0aP.dag/Unity.Services.Core.Threading.UnityAdditionalFile.txt
[181/510    0s] WriteText Library/Bee/artifacts/1300b0aP.dag/Unity.Services.Core.Telemetry.rsp2
[182/510    0s] WriteText Library/Bee/artifacts/1300b0aP.dag/Unity.Services.Core.Telemetry.UnityAdditionalFile.txt
[183/510    0s] WriteText Library/Bee/artifacts/1300b0aP.dag/Unity.Services.Core.Scheduler.UnityAdditionalFile.txt
[184/510    0s] WriteText Library/Bee/artifacts/1300b0aP.dag/Unity.Services.Core.Environments.Internal.rsp2
[185/510    0s] WriteText Library/Bee/artifacts/1300b0aP.dag/Unity.Services.Core.Environments.Internal.UnityAdditionalFile.txt
[186/510    0s] WriteText Library/Bee/artifacts/1300b0aP.dag/Unity.Services.Core.Scheduler.rsp2
[187/510    0s] WriteText Library/Bee/artifacts/1300b0aP.dag/Unity.Services.Core.Device.UnityAdditionalFile.txt
[188/510    0s] WriteText Library/Bee/artifacts/1300b0aP.dag/Unity.Services.Core.Device.rsp2
[189/510    0s] WriteText Library/Bee/artifacts/1300b0aP.dag/Unity.Services.Core.Configuration.UnityAdditionalFile.txt
[190/510    0s] WriteText Library/Bee/artifacts/1300b0aP.dag/Unity.Services.Core.Configuration.rsp2
[191/510    0s] WriteText Library/Bee/artifacts/1300b0aP.dag/UnityEngine.Advertisements.rsp2
[192/510    0s] WriteText Library/Bee/artifacts/1300b0aP.dag/Unity.TextMeshPro.UnityAdditionalFile.txt
[193/510    0s] WriteText Library/Bee/artifacts/1300b0aP.dag/Unity.TextMeshPro.rsp2
[194/510    0s] MovedFromExtractor Library/Bee/artifacts/mvdfrm/UnityEngine.InsightsModule.dll_94ED96DA9CB1FD31.mvfrm
[195/510    0s] WriteText Library/Bee/artifacts/1300b0aP.dag/Gui.UnityAdditionalFile.txt
[196/510    0s] WriteText Library/Bee/artifacts/1300b0aP.dag/NativeFilePicker.Runtime.UnityAdditionalFile.txt
[197/510    0s] WriteText Library/Bee/artifacts/1300b0aP.dag/NativeFilePicker.Runtime.rsp2
[198/510    0s] WriteText Library/Bee/artifacts/1300b0aP.dag/Gui.rsp2
[199/510    0s] MovedFromExtractor Library/Bee/artifacts/mvdfrm/UnityEngine.InputModule.dll_0B2F00E05A267038.mvfrm
[200/510    0s] WriteText Library/Bee/artifacts/1300b0aP.dag/GameServices.UnityAdditionalFile.txt
[201/510    0s] WriteText Library/Bee/artifacts/1300b0aP.dag/Unity.InputSystem.ForUI.dll.mvfrm.rsp
[202/510    0s] WriteText Library/Bee/artifacts/1300b0aP.dag/GameServices.rsp2
[203/510    0s] WriteText Library/Bee/artifacts/1300b0aP.dag/Unity.Services.Core.Device.dll.mvfrm.rsp
[204/510    0s] WriteText Library/Bee/artifacts/1300b0aP.dag/Unity.Services.Core.Components.dll.mvfrm.rsp
[205/510    0s] WriteText Library/Bee/artifacts/1300b0aP.dag/Unity.Services.Core.Telemetry.dll.mvfrm.rsp
[206/510    0s] WriteText Library/Bee/artifacts/1300b0aP.dag/Unity.Services.Core.Configuration.dll.mvfrm.rsp
[207/510    0s] WriteText Library/Bee/artifacts/1300b0aP.dag/Unity.Services.Core.Analytics.dll.mvfrm.rsp
[208/510    0s] WriteText Library/Bee/artifacts/1300b0aP.dag/Unity.Services.Core.Threading.dll.mvfrm.rsp
[209/510    0s] WriteText Library/Bee/artifacts/1300b0aP.dag/Unity.Services.Core.Environments.Internal.dll.mvfrm.rsp
[210/510    0s] WriteText Library/Bee/artifacts/1300b0aP.dag/Unity.TextMeshPro.dll.mvfrm.rsp
[211/510    0s] WriteText Library/Bee/artifacts/1300b0aP.dag/UnityEngine.Advertisements.dll.mvfrm.rsp
[212/510    0s] WriteText Library/Bee/artifacts/1300b0aP.dag/Unity.Purchasing.Codeless.dll.mvfrm.rsp
[213/510    0s] WriteText Library/Bee/artifacts/1300b0aP.dag/Unity.Services.Core.Scheduler.dll.mvfrm.rsp
[214/510    0s] WriteText Library/Bee/artifacts/1300b0aP.dag/Unity.Multiplayer.Center.Common.dll.mvfrm.rsp
[215/510    0s] WriteText Library/Bee/artifacts/1300b0aP.dag/NativeFilePicker.Runtime.dll.mvfrm.rsp
[216/510    0s] MovedFromExtractor Library/Bee/artifacts/mvdfrm/UnityEngine.IdentifiersModule.dll_6776372345FD00A8.mvfrm
[217/510    0s] WriteText Library/Bee/artifacts/1300b0aP.dag/Gui.dll.mvfrm.rsp
[218/510    0s] WriteText Library/Bee/artifacts/1300b0aP.dag/Unity.Purchasing.Codeless.rsp
[219/510    0s] MovedFromExtractor Library/Bee/artifacts/mvdfrm/UnityEngine.ImageConversionModule.dll_03478ACC46B09A2F.mvfrm
[220/510    0s] WriteText Library/Bee/artifacts/1300b0aP.dag/GameServices.dll.mvfrm.rsp
[221/510    0s] WriteText Library/Bee/artifacts/1300b0aP.dag/Unity.Services.Core.Scheduler.rsp
[222/510    0s] WriteText Library/Bee/artifacts/1300b0aP.dag/Unity.TextMeshPro.rsp
[223/510    0s] WriteText Library/Bee/artifacts/1300b0aP.dag/UnityEngine.Advertisements.rsp
[224/510    0s] WriteText Library/Bee/artifacts/1300b0aP.dag/Unity.Services.Core.Analytics.rsp
[225/510    0s] WriteText Library/Bee/artifacts/1300b0aP.dag/Unity.Services.Core.Components.rsp
[226/510    0s] WriteText Library/Bee/artifacts/1300b0aP.dag/Unity.Services.Core.Environments.Internal.rsp
[227/510    0s] WriteText Library/Bee/artifacts/1300b0aP.dag/Unity.Services.Core.Configuration.rsp
[228/510    0s] WriteText Library/Bee/artifacts/1300b0aP.dag/Unity.Services.Core.Device.rsp
[229/510    0s] WriteText Library/Bee/artifacts/1300b0aP.dag/Unity.Services.Core.Telemetry.rsp
[230/510    0s] WriteText Library/Bee/artifacts/1300b0aP.dag/Unity.InputSystem.ForUI.rsp
[231/510    0s] WriteText Library/Bee/artifacts/1300b0aP.dag/Unity.Services.Core.Threading.rsp
[232/510    0s] WriteText Library/Bee/artifacts/1300b0aP.dag/Unity.Multiplayer.Center.Common.rsp
[233/510    0s] WriteText Library/Bee/artifacts/1300b0aP.dag/Gui.rsp
[234/510    0s] WriteText Library/Bee/artifacts/1300b0aP.dag/NativeFilePicker.Runtime.rsp
[235/510    0s] MovedFromExtractor Library/Bee/artifacts/mvdfrm/UnityEngine.InputLegacyModule.dll_2031CA4C1B75E881.mvfrm
[236/510    0s] WriteText Library/Bee/artifacts/1300b0aP.dag/GameServices.rsp
[237/510    0s] WriteText Library/Bee/artifacts/1300b0aP.dag/Services.UnityAdditionalFile.txt
[238/510    0s] WriteText Library/Bee/artifacts/1300b0aP.dag/Services.rsp2
[239/510    0s] WriteText Library/Bee/artifacts/1300b0aP.dag/ShipEditor.rsp2
[240/510    0s] WriteText Library/Bee/artifacts/1300b0aP.dag/GameSession.UnityAdditionalFile.txt
[241/510    0s] WriteText Library/Bee/artifacts/1300b0aP.dag/Quests.UnityAdditionalFile.txt
[242/510    0s] WriteText Library/Bee/artifacts/1300b0aP.dag/GameSession.rsp2
[243/510    0s] WriteText Library/Bee/artifacts/1300b0aP.dag/ShipEditor.UnityAdditionalFile.txt
[244/510    0s] WriteText Library/Bee/artifacts/1300b0aP.dag/Quests.rsp2
[245/510    0s] WriteText Library/Bee/artifacts/1300b0aP.dag/BattleSimulator.UnityAdditionalFile.txt
[246/510    0s] WriteText Library/Bee/artifacts/1300b0aP.dag/BattleSimulator.rsp2
[247/510    0s] WriteText Library/Bee/artifacts/1300b0aP.dag/ShipEditor.dll.mvfrm.rsp
[248/510    0s] WriteResponseFile Library/Bee/artifacts/rsp/4785370087603955865.rsp
[249/510    0s] WriteText Library/Bee/artifacts/1300b0aP.dag/GameSession.dll.mvfrm.rsp
[250/510    0s] WriteText Library/Bee/artifacts/1300b0aP.dag/Quests.dll.mvfrm.rsp
[251/510    0s] WriteText Library/Bee/artifacts/1300b0aP.dag/BattleSimulator.dll.mvfrm.rsp
[252/510    0s] WriteText Library/Bee/artifacts/1300b0aP.dag/Services.dll.mvfrm.rsp
[253/510    0s] WriteText Library/Bee/artifacts/1300b0aP.dag/Services.rsp
[254/510    0s] WriteText Library/Bee/artifacts/1300b0aP.dag/GameSession.rsp
[255/510    0s] WriteText Library/Bee/artifacts/1300b0aP.dag/Quests.rsp
[256/510    0s] WriteText Library/Bee/artifacts/1300b0aP.dag/ShipEditor.rsp
[257/510    0s] WriteText Library/Bee/artifacts/1300b0aP.dag/BattleSimulator.rsp
[258/510    0s] WriteText Library/Bee/artifacts/1300b0aP.dag/Unity.Services.Core.Networking.rsp2
[259/510    0s] WriteText Library/Bee/artifacts/1300b0aP.dag/Unity.Services.Core.Networking.dll.mvfrm.rsp
[260/510    0s] WriteText Library/Bee/artifacts/1300b0aP.dag/Assembly-CSharp.rsp2
[261/510    0s] WriteText Library/Bee/artifacts/1300b0aP.dag/Assembly-CSharp.dll.mvfrm.rsp
[262/510    0s] WriteText Library/Bee/artifacts/1300b0aP.dag/Unity.Services.Core.Registration.UnityAdditionalFile.txt
[263/510    0s] WriteText Library/Bee/artifacts/1300b0aP.dag/Unity.Services.Core.Registration.dll.mvfrm.rsp
[264/510    0s] WriteText Library/Bee/artifacts/1300b0aP.dag/Unity.Services.Core.Registration.rsp2
[265/510    0s] WriteText Library/Bee/artifacts/1300b0aP.dag/Assembly-CSharp.UnityAdditionalFile.txt
[266/510    0s] WriteText Library/Bee/artifacts/1300b0aP.dag/Unity.Services.Core.Networking.UnityAdditionalFile.txt
[267/510    0s] WriteText Library/Bee/artifacts/1300b0aP.dag/Unity.Services.Core.Networking.rsp
[268/510    0s] WriteText Library/Bee/artifacts/1300b0aP.dag/Assembly-CSharp.rsp
[269/510    0s] WriteText Library/Bee/artifacts/1300b0aP.dag/Unity.Services.Core.Registration.rsp
[270/510    0s] MovedFromExtractor Library/Bee/artifacts/mvdfrm/UnityEngine.HotReloadModule.dll_507D9CFF02E89EA4.mvfrm
[271/510    0s] MovedFromExtractor Library/Bee/artifacts/mvdfrm/UnityEngine.GridModule.dll_CD99C0C9FEE9884C.mvfrm
[272/510    0s] MovedFromExtractor Library/Bee/artifacts/mvdfrm/UnityEngine.GameCenterModule.dll_E3D9E496C528E9ED.mvfrm
[273/510    0s] MovedFromExtractor Library/Bee/artifacts/mvdfrm/UnityEngine.HierarchyCoreModule.dll_FF7FA0101B6D3C72.mvfrm
[274/510    0s] MovedFromExtractor Library/Bee/artifacts/mvdfrm/UnityEngine.IMGUIModule.dll_DD18D896AA1FDF75.mvfrm
[275/510    0s] MovedFromExtractor Library/Bee/artifacts/mvdfrm/UnityEngine.DirectorModule.dll_FB26CE4A1234ADB2.mvfrm
[276/510    0s] MovedFromExtractor Library/Bee/artifacts/mvdfrm/UnityEngine.DSPGraphModule.dll_00782FB384957ED3.mvfrm
[277/510    0s] MovedFromExtractor Library/Bee/artifacts/mvdfrm/UnityEngine.GIModule.dll_FEA4AF1AD33BFC58.mvfrm
[278/510    0s] MovedFromExtractor-Combine Library/Bee/artifacts/1300b0aP.dag/NVorbis.dll.mvfrm
[279/510    0s] MovedFromExtractor-Combine Library/Bee/artifacts/1300b0aP.dag/UnityEngine.UI.dll.mvfrm
[280/510    1s] Csc Library/Bee/artifacts/1300b0aP.dag/NVorbis.dll (+2 others)
[281/510    0s] CopyFiles Library/Bee/PlayerScriptAssemblies/NVorbis.pdb
[282/510    0s] CopyFiles Library/Bee/PlayerScriptAssemblies/NVorbis.dll
[283/510    1s] Csc Library/Bee/artifacts/1300b0aP.dag/UnityEngine.UI.dll (+2 others)
[           0s] Csc Library/Bee/artifacts/1300b0aP.dag/UnityEngine.UI.dll (+2 others) [CacheWrite 00000000000000000000000000000004]
[284/510    0s] CopyFiles Library/Bee/PlayerScriptAssemblies/UnityEngine.UI.pdb
[285/510    0s] CopyFiles Library/Bee/PlayerScriptAssemblies/UnityEngine.UI.dll
[286/510    0s] MovedFromExtractor Library/Bee/artifacts/mvdfrm/UnityEngine.UI.ref.dll_AFC2E85BC2EDBC0B.mvfrm
[287/510    0s] MovedFromExtractor-Combine Library/Bee/artifacts/1300b0aP.dag/CodeWriter.ExpressionParser.dll.mvfrm
[288/510    0s] MovedFromExtractor-Combine Library/Bee/artifacts/1300b0aP.dag/ServicesFacade.dll.mvfrm
[289/510    0s] MovedFromExtractor-Combine Library/Bee/artifacts/1300b0aP.dag/Unity.Purchasing.SecurityCore.dll.mvfrm
[290/510    0s] MovedFromExtractor-Combine Library/Bee/artifacts/1300b0aP.dag/Unity.Purchasing.Utilities.dll.mvfrm
[291/510    0s] MovedFromExtractor-Combine Library/Bee/artifacts/1300b0aP.dag/UniRx.dll.mvfrm
[292/510    0s] MovedFromExtractor-Combine Library/Bee/artifacts/1300b0aP.dag/Zenject.dll.mvfrm
[293/510    0s] MovedFromExtractor-Combine Library/Bee/artifacts/1300b0aP.dag/ShipEditor.dll.mvfrm
[294/510    0s] MovedFromExtractor-Combine Library/Bee/artifacts/1300b0aP.dag/Database.dll.mvfrm
[295/510    0s] MovedFromExtractor-Combine Library/Bee/artifacts/1300b0aP.dag/GameSession.dll.mvfrm
[296/510    0s] MovedFromExtractor-Combine Library/Bee/artifacts/1300b0aP.dag/Diagnostics.dll.mvfrm
[297/510    0s] MovedFromExtractor-Combine Library/Bee/artifacts/1300b0aP.dag/ShipConstructor.dll.mvfrm
[298/510    0s] MovedFromExtractor-Combine Library/Bee/artifacts/1300b0aP.dag/SecurityStub.dll.mvfrm
[299/510    0s] MovedFromExtractor-Combine Library/Bee/artifacts/1300b0aP.dag/Unity.Services.Core.dll.mvfrm
[300/510    0s] MovedFromExtractor-Combine Library/Bee/artifacts/1300b0aP.dag/Unity.InputSystem.dll.mvfrm
[301/510    0s] MovedFromExtractor-Combine Library/Bee/artifacts/1300b0aP.dag/Unity.Multiplayer.Center.Common.dll.mvfrm
[302/510    0s] MovedFromExtractor-Combine Library/Bee/artifacts/1300b0aP.dag/UnityEngine.Advertisements.dll.mvfrm
[303/510    0s] MovedFromExtractor-Combine Library/Bee/artifacts/1300b0aP.dag/Unity.TextMeshPro.dll.mvfrm
[304/510    0s] MovedFromExtractor-Combine Library/Bee/artifacts/1300b0aP.dag/AppConfiguration.dll.mvfrm
[305/510    0s] MovedFromExtractor-Combine Library/Bee/artifacts/1300b0aP.dag/Services.dll.mvfrm
[306/510    0s] MovedFromExtractor-Combine Library/Bee/artifacts/1300b0aP.dag/NativeFilePicker.Runtime.dll.mvfrm
[307/510    0s] MovedFromExtractor-Combine Library/Bee/artifacts/1300b0aP.dag/CommonComponents.dll.mvfrm
[308/510    0s] MovedFromExtractor-Combine Library/Bee/artifacts/1300b0aP.dag/ResourceLocator.dll.mvfrm
[309/510    0s] MovedFromExtractor-Combine Library/Bee/artifacts/1300b0aP.dag/Quests.dll.mvfrm
[310/510    0s] MovedFromExtractor-Combine Library/Bee/artifacts/1300b0aP.dag/Utilites.dll.mvfrm
[311/510    0s] Csc Library/Bee/artifacts/1300b0aP.dag/Unity.Purchasing.SecurityCore.dll (+2 others)
[312/510    0s] Csc Library/Bee/artifacts/1300b0aP.dag/Diagnostics.dll (+2 others)
[313/510    0s] CopyFiles Library/Bee/PlayerScriptAssemblies/Diagnostics.pdb
[314/510    0s] CopyFiles Library/Bee/PlayerScriptAssemblies/Diagnostics.dll
[315/510    0s] Csc Library/Bee/artifacts/1300b0aP.dag/AppConfiguration.dll (+2 others)
[316/510    0s] Csc Library/Bee/artifacts/1300b0aP.dag/Unity.Multiplayer.Center.Common.dll (+2 others)
[317/510    0s] CopyFiles Library/Bee/PlayerScriptAssemblies/AppConfiguration.dll
[318/510    0s] CopyFiles Library/Bee/PlayerScriptAssemblies/AppConfiguration.pdb
[319/510    0s] Csc Library/Bee/artifacts/1300b0aP.dag/Unity.Purchasing.Utilities.dll (+2 others)
[320/510    0s] Csc Library/Bee/artifacts/1300b0aP.dag/Unity.Services.Core.dll (+2 others)
[321/510    0s] Csc Library/Bee/artifacts/1300b0aP.dag/NativeFilePicker.Runtime.dll (+2 others)
[322/510    0s] CopyFiles Library/Bee/PlayerScriptAssemblies/NativeFilePicker.Runtime.pdb
[323/510    0s] CopyFiles Library/Bee/PlayerScriptAssemblies/NativeFilePicker.Runtime.dll
[324/510    0s] Csc Library/Bee/artifacts/1300b0aP.dag/Utilites.dll (+2 others)
Assets\ModulesShared\Utilites\Serialization\SessionDataReader.cs(103,5): warning CS0642: Possible mistaken empty statement

Assets\ModulesShared\Utilites\Serialization\SessionDataReader.cs(113,5): warning CS0642: Possible mistaken empty statement

Assets\ModulesShared\Utilites\Serialization\SessionDataWriter.cs(118,5): warning CS0642: Possible mistaken empty statement

Assets\ModulesShared\Utilites\Serialization\SessionDataWriter.cs(128,5): warning CS0642: Possible mistaken empty statement
[325/510    0s] CopyFiles Library/Bee/PlayerScriptAssemblies/Utilites.pdb
[326/510    0s] CopyFiles Library/Bee/PlayerScriptAssemblies/Utilites.dll
[327/510    0s] Csc Library/Bee/artifacts/1300b0aP.dag/UnityEngine.Advertisements.dll (+2 others)
[328/510    0s] Csc Library/Bee/artifacts/1300b0aP.dag/CodeWriter.ExpressionParser.dll (+2 others)
Assets\ExpressionParser\Runtime\Variant.cs(7,28): warning CS0660: 'Variant' defines operator == or operator != but does not override Object.Equals(object o)

Assets\ExpressionParser\Runtime\Variant.cs(7,28): warning CS0661: 'Variant' defines operator == or operator != but does not override Object.GetHashCode()
[329/510    0s] CopyFiles Library/Bee/PlayerScriptAssemblies/CodeWriter.ExpressionParser.pdb
[330/510    0s] CopyFiles Library/Bee/PlayerScriptAssemblies/CodeWriter.ExpressionParser.dll
[           0s] Csc Library/Bee/artifacts/1300b0aP.dag/Unity.Purchasing.SecurityCore.dll (+2 others) [CacheWrite 00000000000000000000000000000004]
[331/510    0s] CopyFiles Library/Bee/PlayerScriptAssemblies/Unity.Purchasing.SecurityCore.pdb
[332/510    0s] CopyFiles Library/Bee/PlayerScriptAssemblies/Unity.Purchasing.SecurityCore.dll
[           0s] Csc Library/Bee/artifacts/1300b0aP.dag/Unity.Multiplayer.Center.Common.dll (+2 others) [CacheWrite 00000000000000000000000000000004]
[333/510    0s] CopyFiles Library/Bee/PlayerScriptAssemblies/Unity.Multiplayer.Center.Common.dll
[334/510    0s] CopyFiles Library/Bee/PlayerScriptAssemblies/Unity.Multiplayer.Center.Common.pdb
[           0s] Csc Library/Bee/artifacts/1300b0aP.dag/Unity.Purchasing.Utilities.dll (+2 others) [CacheWrite 00000000000000000000000000000004]
[335/510    0s] CopyFiles Library/Bee/PlayerScriptAssemblies/Unity.Purchasing.Utilities.pdb
[336/510    0s] CopyFiles Library/Bee/PlayerScriptAssemblies/Unity.Purchasing.Utilities.dll
[           0s] Csc Library/Bee/artifacts/1300b0aP.dag/Unity.Services.Core.dll (+2 others) [CacheWrite 00000000000000000000000000000004]
[337/510    0s] CopyFiles Library/Bee/PlayerScriptAssemblies/Unity.Services.Core.pdb
[338/510    0s] CopyFiles Library/Bee/PlayerScriptAssemblies/Unity.Services.Core.dll
[           0s] Csc Library/Bee/artifacts/1300b0aP.dag/UnityEngine.Advertisements.dll (+2 others) [CacheWrite 00000000000000000000000000000004]
[339/510    0s] CopyFiles Library/Bee/PlayerScriptAssemblies/UnityEngine.Advertisements.pdb
[340/510    0s] CopyFiles Library/Bee/PlayerScriptAssemblies/UnityEngine.Advertisements.dll
[341/510    0s] MovedFromExtractor Library/Bee/artifacts/mvdfrm/Unity.Purchasing.SecurityCore.ref.dll_E23BBF2A2B3EABFC.mvfrm
[342/510    0s] MovedFromExtractor Library/Bee/artifacts/mvdfrm/Unity.Multiplayer.Center.Common.ref.dll_A2E97B59907D8CED.mvfrm
[343/510    0s] MovedFromExtractor Library/Bee/artifacts/mvdfrm/Unity.Purchasing.Utilities.ref.dll_8377C4E81142D1E3.mvfrm
[344/510    0s] MovedFromExtractor Library/Bee/artifacts/mvdfrm/Unity.Services.Core.ref.dll_FF91F9BC6398EB7C.mvfrm
[345/510    0s] MovedFromExtractor Library/Bee/artifacts/mvdfrm/UnityEngine.Advertisements.ref.dll_6AC2FB4FD9FB71D5.mvfrm
[346/510    0s] MovedFromExtractor-Combine Library/Bee/artifacts/1300b0aP.dag/Unity.Purchasing.Security.dll.mvfrm
[347/510    0s] MovedFromExtractor-Combine Library/Bee/artifacts/1300b0aP.dag/Unity.Purchasing.Stores.XboxCloudServices.dll.mvfrm
[348/510    0s] MovedFromExtractor-Combine Library/Bee/artifacts/1300b0aP.dag/Unity.Services.Core.Analytics.dll.mvfrm
[349/510    0s] MovedFromExtractor-Combine Library/Bee/artifacts/1300b0aP.dag/Unity.Services.Core.Internal.dll.mvfrm
[350/510    0s] Csc Library/Bee/artifacts/1300b0aP.dag/Unity.Services.Core.Analytics.dll (+2 others)
[351/510    0s] Csc Library/Bee/artifacts/1300b0aP.dag/Unity.Purchasing.Stores.XboxCloudServices.dll (+2 others)
[352/510    0s] Csc Library/Bee/artifacts/1300b0aP.dag/Unity.Purchasing.Security.dll (+2 others)
[353/510    0s] Csc Library/Bee/artifacts/1300b0aP.dag/Unity.Services.Core.Internal.dll (+2 others)
[354/510    2s] Csc Library/Bee/artifacts/1300b0aP.dag/Unity.TextMeshPro.dll (+2 others)
[355/510    2s] Csc Library/Bee/artifacts/1300b0aP.dag/Zenject.dll (+2 others)
Assets\Plugins\Zenject\Source\Util\UnityUtil.cs(130,20): warning CS0618: 'Object.FindObjectsOfType<T>()' is obsolete: 'Object.FindObjectsOfType has been deprecated. Use Object.FindObjectsByType instead which lets you decide whether you need the results sorted or not.  FindObjectsOfType sorts the results by InstanceID but if you do not need this using FindObjectSortMode.None is considerably faster.'

Assets\Plugins\Zenject\Source\Install\Contexts\ProjectContext.cs(104,25): warning CS0618: 'Object.FindObjectsOfType<T>()' is obsolete: 'Object.FindObjectsOfType has been deprecated. Use Object.FindObjectsByType instead which lets you decide whether you need the results sorted or not.  FindObjectsOfType sorts the results by InstanceID but if you do not need this using FindObjectSortMode.None is considerably faster.'
[356/510    0s] CopyFiles Library/Bee/PlayerScriptAssemblies/Zenject.pdb
[357/510    0s] CopyFiles Library/Bee/PlayerScriptAssemblies/Zenject.dll
[           0s] Csc Library/Bee/artifacts/1300b0aP.dag/Unity.Purchasing.Stores.XboxCloudServices.dll (+2 others) [CacheWrite 00000000000000000000000000000004]
[           0s] Csc Library/Bee/artifacts/1300b0aP.dag/Unity.Services.Core.Analytics.dll (+2 others) [CacheWrite 00000000000000000000000000000004]
[358/510    0s] CopyFiles Library/Bee/PlayerScriptAssemblies/Unity.Purchasing.Stores.XboxCloudServices.pdb
[359/510    0s] CopyFiles Library/Bee/PlayerScriptAssemblies/Unity.Purchasing.Stores.XboxCloudServices.dll
[360/510    0s] CopyFiles Library/Bee/PlayerScriptAssemblies/Unity.Services.Core.Analytics.pdb
[361/510    0s] CopyFiles Library/Bee/PlayerScriptAssemblies/Unity.Services.Core.Analytics.dll
[           0s] Csc Library/Bee/artifacts/1300b0aP.dag/Unity.Purchasing.Security.dll (+2 others) [CacheWrite 00000000000000000000000000000004]
[362/510    0s] MovedFromExtractor Library/Bee/artifacts/mvdfrm/Unity.Purchasing.Stores.XboxCloudServices.ref.dll_BB6B7113270AF3C1.mvfrm
[363/510    0s] MovedFromExtractor Library/Bee/artifacts/mvdfrm/Unity.Services.Core.Analytics.ref.dll_B6B3928F42109E44.mvfrm
[364/510    0s] CopyFiles Library/Bee/PlayerScriptAssemblies/Unity.Purchasing.Security.pdb
[365/510    0s] CopyFiles Library/Bee/PlayerScriptAssemblies/Unity.Purchasing.Security.dll
[366/510    2s] Csc Library/Bee/artifacts/1300b0aP.dag/UniRx.dll (+2 others)
Assets\Plugins\UniRx\Scripts\UnityEngineBridge\MainThreadDispatcher.cs(452,34): warning CS0618: 'Object.FindObjectOfType<T>()' is obsolete: 'Object.FindObjectOfType has been deprecated. Use Object.FindFirstObjectByType instead or if finding any instance is acceptable the faster Object.FindAnyObjectByType'

Assets\Plugins\UniRx\Scripts\UnityEngineBridge\MainThreadDispatcher.cs(580,31): warning CS0618: 'Object.FindObjectsOfType<T>()' is obsolete: 'Object.FindObjectsOfType has been deprecated. Use Object.FindObjectsByType instead which lets you decide whether you need the results sorted or not.  FindObjectsOfType sorts the results by InstanceID but if you do not need this using FindObjectSortMode.None is considerably faster.'

Assets\Plugins\UniRx\Scripts\UnityEngineBridge\MainThreadDispatcher.cs(591,28): warning CS0618: 'Object.FindObjectOfType<T>()' is obsolete: 'Object.FindObjectOfType has been deprecated. Use Object.FindFirstObjectByType instead or if finding any instance is acceptable the faster Object.FindAnyObjectByType'
[           0s] Csc Library/Bee/artifacts/1300b0aP.dag/Unity.Services.Core.Internal.dll (+2 others) [CacheWrite 00000000000000000000000000000004]
[367/510    0s] CopyFiles Library/Bee/PlayerScriptAssemblies/UniRx.pdb
[368/510    0s] CopyFiles Library/Bee/PlayerScriptAssemblies/UniRx.dll
[369/510    0s] CopyFiles Library/Bee/PlayerScriptAssemblies/Unity.Services.Core.Internal.pdb
[370/510    0s] CopyFiles Library/Bee/PlayerScriptAssemblies/Unity.Services.Core.Internal.dll
[           0s] Csc Library/Bee/artifacts/1300b0aP.dag/Unity.TextMeshPro.dll (+2 others) [CacheWrite 00000000000000000000000000000004]
[371/510    0s] CopyFiles Library/Bee/PlayerScriptAssemblies/Unity.TextMeshPro.pdb
[372/510    0s] MovedFromExtractor Library/Bee/artifacts/mvdfrm/Unity.Purchasing.Security.ref.dll_74399EB00B2E964D.mvfrm
[373/510    0s] CopyFiles Library/Bee/PlayerScriptAssemblies/Unity.TextMeshPro.dll
[374/510    0s] MovedFromExtractor Library/Bee/artifacts/mvdfrm/Unity.Services.Core.Internal.ref.dll_BF666932C0B27755.mvfrm
[375/510    0s] Csc Library/Bee/artifacts/1300b0aP.dag/CommonComponents.dll (+2 others)
[376/510    0s] Csc Library/Bee/artifacts/1300b0aP.dag/SecurityStub.dll (+2 others)
Assets\Modules\SecurityStub\Scripts\RequestFactory.cs(39,23): warning CS0618: 'WWW' is obsolete: 'Use UnityWebRequest, a fully featured replacement which is more efficient and has additional features'

Assets\Modules\SecurityStub\Scripts\RequestFactory.cs(44,23): warning CS0618: 'WWW' is obsolete: 'Use UnityWebRequest, a fully featured replacement which is more efficient and has additional features'

Assets\Modules\SecurityStub\Scripts\RequestFactory.cs(49,23): warning CS0618: 'WWW' is obsolete: 'Use UnityWebRequest, a fully featured replacement which is more efficient and has additional features'

Assets\Modules\SecurityStub\Scripts\RequestFactory.cs(54,23): warning CS0618: 'WWW' is obsolete: 'Use UnityWebRequest, a fully featured replacement which is more efficient and has additional features'

Assets\Modules\SecurityStub\Scripts\RequestFactory.cs(41,24): warning CS0618: 'WWW' is obsolete: 'Use UnityWebRequest, a fully featured replacement which is more efficient and has additional features'

Assets\Modules\SecurityStub\Scripts\RequestFactory.cs(46,24): warning CS0618: 'WWW' is obsolete: 'Use UnityWebRequest, a fully featured replacement which is more efficient and has additional features'

Assets\Modules\SecurityStub\Scripts\RequestFactory.cs(51,24): warning CS0618: 'WWW' is obsolete: 'Use UnityWebRequest, a fully featured replacement which is more efficient and has additional features'

Assets\Modules\SecurityStub\Scripts\RequestFactory.cs(56,24): warning CS0618: 'WWW' is obsolete: 'Use UnityWebRequest, a fully featured replacement which is more efficient and has additional features'
[377/510    0s] CopyFiles Library/Bee/PlayerScriptAssemblies/CommonComponents.pdb
[378/510    0s] CopyFiles Library/Bee/PlayerScriptAssemblies/CommonComponents.dll
[379/510    0s] MovedFromExtractor Library/Bee/artifacts/mvdfrm/Unity.TextMeshPro.ref.dll_2E746244A5BDAEA0.mvfrm
[380/510    0s] CopyFiles Library/Bee/PlayerScriptAssemblies/SecurityStub.pdb
[381/510    0s] CopyFiles Library/Bee/PlayerScriptAssemblies/SecurityStub.dll
[382/510    0s] MovedFromExtractor-Combine Library/Bee/artifacts/1300b0aP.dag/Unity.Services.Core.Telemetry.dll.mvfrm
[383/510    0s] MovedFromExtractor-Combine Library/Bee/artifacts/1300b0aP.dag/Unity.Services.Core.Device.dll.mvfrm
[384/510    0s] MovedFromExtractor-Combine Library/Bee/artifacts/1300b0aP.dag/Unity.Services.Core.Threading.dll.mvfrm
[385/510    0s] MovedFromExtractor-Combine Library/Bee/artifacts/1300b0aP.dag/Unity.Services.Core.Environments.Internal.dll.mvfrm
[386/510    0s] MovedFromExtractor-Combine Library/Bee/artifacts/1300b0aP.dag/Unity.Services.Core.Configuration.dll.mvfrm
[387/510    0s] MovedFromExtractor-Combine Library/Bee/artifacts/1300b0aP.dag/Unity.Services.Core.Networking.dll.mvfrm
[388/510    0s] MovedFromExtractor-Combine Library/Bee/artifacts/1300b0aP.dag/Unity.Services.Core.Environments.dll.mvfrm
[389/510    0s] MovedFromExtractor-Combine Library/Bee/artifacts/1300b0aP.dag/Unity.Services.Core.Scheduler.dll.mvfrm
[390/510    0s] Csc Library/Bee/artifacts/1300b0aP.dag/Unity.Services.Core.Device.dll (+2 others)
[391/510    0s] Csc Library/Bee/artifacts/1300b0aP.dag/Unity.Services.Core.Environments.dll (+2 others)
[392/510    3s] Csc Library/Bee/artifacts/1300b0aP.dag/Unity.InputSystem.dll (+2 others)
[393/510    0s] Csc Library/Bee/artifacts/1300b0aP.dag/Unity.Services.Core.Environments.Internal.dll (+2 others)
[394/510    0s] Csc Library/Bee/artifacts/1300b0aP.dag/Unity.Services.Core.Telemetry.dll (+2 others)
[395/510    0s] Csc Library/Bee/artifacts/1300b0aP.dag/Unity.Services.Core.Threading.dll (+2 others)
[396/510    0s] Csc Library/Bee/artifacts/1300b0aP.dag/Unity.Services.Core.Networking.dll (+2 others)
[397/510    0s] Csc Library/Bee/artifacts/1300b0aP.dag/Unity.Services.Core.Configuration.dll (+2 others)
[398/510    0s] Csc Library/Bee/artifacts/1300b0aP.dag/Unity.Services.Core.Scheduler.dll (+2 others)
[399/510    0s] Csc Library/Bee/artifacts/1300b0aP.dag/ServicesFacade.dll (+2 others)
[400/510    0s] CopyFiles Library/Bee/PlayerScriptAssemblies/ServicesFacade.pdb
[401/510    0s] CopyFiles Library/Bee/PlayerScriptAssemblies/ServicesFacade.dll
[           0s] Csc Library/Bee/artifacts/1300b0aP.dag/Unity.Services.Core.Device.dll (+2 others) [CacheWrite 00000000000000000000000000000004]
[402/510    0s] Csc Library/Bee/artifacts/1300b0aP.dag/Services.dll (+2 others)
[403/510    0s] CopyFiles Library/Bee/PlayerScriptAssemblies/Unity.Services.Core.Device.pdb
[404/510    0s] CopyFiles Library/Bee/PlayerScriptAssemblies/Unity.Services.Core.Device.dll
[405/510    0s] CopyFiles Library/Bee/PlayerScriptAssemblies/Services.pdb
[406/510    0s] CopyFiles Library/Bee/PlayerScriptAssemblies/Services.dll
[           0s] Csc Library/Bee/artifacts/1300b0aP.dag/Unity.Services.Core.Scheduler.dll (+2 others) [CacheWrite 00000000000000000000000000000004]
[           0s] Csc Library/Bee/artifacts/1300b0aP.dag/Unity.Services.Core.Networking.dll (+2 others) [CacheWrite 00000000000000000000000000000004]
[           0s] Csc Library/Bee/artifacts/1300b0aP.dag/Unity.InputSystem.dll (+2 others) [CacheWrite 00000000000000000000000000000004]
[           0s] Csc Library/Bee/artifacts/1300b0aP.dag/Unity.Services.Core.Environments.dll (+2 others) [CacheWrite 00000000000000000000000000000004]
[           0s] Csc Library/Bee/artifacts/1300b0aP.dag/Unity.Services.Core.Telemetry.dll (+2 others) [CacheWrite 00000000000000000000000000000004]
[           0s] Csc Library/Bee/artifacts/1300b0aP.dag/Unity.Services.Core.Configuration.dll (+2 others) [CacheWrite 00000000000000000000000000000004]
Failure while invoking caching client: Csc Library/Bee/artifacts/1300b0aP.dag/Unity.Services.Core.Environments.Internal.dll (+2 others)
move_path failed: No error



[           0s] Csc Library/Bee/artifacts/1300b0aP.dag/Unity.Services.Core.Environments.Internal.dll (+2 others) [CacheWrite 00000000000000000000000000000004]
[           0s] Csc Library/Bee/artifacts/1300b0aP.dag/Unity.Services.Core.Threading.dll (+2 others) [CacheWrite 00000000000000000000000000000004]
[407/510    0s] CopyFiles Library/Bee/PlayerScriptAssemblies/Unity.Services.Core.Scheduler.pdb
[408/510    0s] CopyFiles Library/Bee/PlayerScriptAssemblies/Unity.Services.Core.Scheduler.dll
[409/510    0s] CopyFiles Library/Bee/PlayerScriptAssemblies/Unity.Services.Core.Networking.pdb
[410/510    0s] CopyFiles Library/Bee/PlayerScriptAssemblies/Unity.Services.Core.Environments.pdb
[411/510    0s] CopyFiles Library/Bee/PlayerScriptAssemblies/Unity.Services.Core.Environments.dll
[412/510    0s] CopyFiles Library/Bee/PlayerScriptAssemblies/Unity.Services.Core.Networking.dll
[413/510    0s] CopyFiles Library/Bee/PlayerScriptAssemblies/Unity.Services.Core.Telemetry.pdb
[414/510    0s] CopyFiles Library/Bee/PlayerScriptAssemblies/Unity.Services.Core.Telemetry.dll
[415/510    0s] CopyFiles Library/Bee/PlayerScriptAssemblies/Unity.Services.Core.Environments.Internal.dll
[416/510    0s] CopyFiles Library/Bee/PlayerScriptAssemblies/Unity.Services.Core.Environments.Internal.pdb
[417/510    0s] CopyFiles Library/Bee/PlayerScriptAssemblies/Unity.Services.Core.Configuration.dll
[418/510    0s] CopyFiles Library/Bee/PlayerScriptAssemblies/Unity.Services.Core.Configuration.pdb
[419/510    0s] CopyFiles Library/Bee/PlayerScriptAssemblies/Unity.Services.Core.Threading.pdb
[420/510    0s] CopyFiles Library/Bee/PlayerScriptAssemblies/Unity.Services.Core.Threading.dll
[421/510    0s] CopyFiles Library/Bee/PlayerScriptAssemblies/Unity.InputSystem.pdb
[422/510    0s] CopyFiles Library/Bee/PlayerScriptAssemblies/Unity.InputSystem.dll
[423/510    0s] MovedFromExtractor Library/Bee/artifacts/mvdfrm/Unity.Services.Core.Device.ref.dll_2500B8AE3957BAFE.mvfrm
[424/510    0s] MovedFromExtractor Library/Bee/artifacts/mvdfrm/Unity.Services.Core.Scheduler.ref.dll_B73D24A010F16869.mvfrm
[425/510    0s] MovedFromExtractor Library/Bee/artifacts/mvdfrm/Unity.Services.Core.Environments.ref.dll_9371070AEE137978.mvfrm
[426/510    0s] MovedFromExtractor Library/Bee/artifacts/mvdfrm/Unity.Services.Core.Telemetry.ref.dll_C3323D92A9E59C57.mvfrm
[427/510    0s] MovedFromExtractor Library/Bee/artifacts/mvdfrm/Unity.Services.Core.Threading.ref.dll_BAE9B3B128749D96.mvfrm
[428/510    0s] MovedFromExtractor Library/Bee/artifacts/mvdfrm/Unity.Services.Core.Configuration.ref.dll_D8CEAF2FC2D64434.mvfrm
[429/510    0s] MovedFromExtractor Library/Bee/artifacts/mvdfrm/Unity.Services.Core.Environments.Internal.ref.dll_53CDD0593CD37D99.mvfrm
[430/510    0s] MovedFromExtractor Library/Bee/artifacts/mvdfrm/Unity.InputSystem.ref.dll_A6FF0182FCD80C46.mvfrm
[431/510    0s] MovedFromExtractor-Combine Library/Bee/artifacts/1300b0aP.dag/Unity.Purchasing.dll.mvfrm
[432/510    0s] MovedFromExtractor-Combine Library/Bee/artifacts/1300b0aP.dag/Unity.Services.Core.Components.dll.mvfrm
[433/510    0s] MovedFromExtractor-Combine Library/Bee/artifacts/1300b0aP.dag/Unity.Services.Core.Registration.dll.mvfrm
[434/510    0s] MovedFromExtractor-Combine Library/Bee/artifacts/1300b0aP.dag/GameServices.dll.mvfrm
[435/510    0s] MovedFromExtractor-Combine Library/Bee/artifacts/1300b0aP.dag/Gui.dll.mvfrm
[436/510    0s] MovedFromExtractor-Combine Library/Bee/artifacts/1300b0aP.dag/BattleSimulator.dll.mvfrm
[437/510    0s] MovedFromExtractor-Combine Library/Bee/artifacts/1300b0aP.dag/Unity.InputSystem.ForUI.dll.mvfrm
[438/510    0s] MovedFromExtractor-Combine Library/Bee/artifacts/1300b0aP.dag/Localization.dll.mvfrm
[439/510    1s] Csc Library/Bee/artifacts/1300b0aP.dag/Database.dll (+2 others)
Assets\Modules\Database\Scripts\Types\ColorData.cs(43,30): warning CS0168: The variable 'e' is declared but never used
[440/510    0s] CopyFiles Library/Bee/PlayerScriptAssemblies/Database.pdb
[441/510    0s] CopyFiles Library/Bee/PlayerScriptAssemblies/Database.dll
[442/510    0s] Csc Library/Bee/artifacts/1300b0aP.dag/Unity.Services.Core.Components.dll (+2 others)
[443/510    0s] Csc Library/Bee/artifacts/1300b0aP.dag/Unity.Services.Core.Registration.dll (+2 others)
[444/510    0s] Csc Library/Bee/artifacts/1300b0aP.dag/Unity.InputSystem.ForUI.dll (+2 others)
[445/510    0s] Csc Library/Bee/artifacts/1300b0aP.dag/ResourceLocator.dll (+2 others)
[446/510    0s] Csc Library/Bee/artifacts/1300b0aP.dag/Localization.dll (+2 others)
Assets\ModulesShared\Localization\Scripts\Localization\SystemFontLocator.cs(12,38): warning CS0414: The field 'SystemFontLocator._fontSize' is assigned but its value is never used
[447/510    0s] CopyFiles Library/Bee/PlayerScriptAssemblies/ResourceLocator.pdb
[448/510    0s] CopyFiles Library/Bee/PlayerScriptAssemblies/ResourceLocator.dll
[449/510    0s] CopyFiles Library/Bee/PlayerScriptAssemblies/Localization.pdb
[450/510    0s] CopyFiles Library/Bee/PlayerScriptAssemblies/Localization.dll
[451/510    0s] Csc Library/Bee/artifacts/1300b0aP.dag/GameServices.dll (+2 others)
Assets\Modules\GameServices\Scripts\Input\Configuration.cs(45,30): warning CS0168: The variable 'e' is declared but never used
[           0s] Csc Library/Bee/artifacts/1300b0aP.dag/Unity.Services.Core.Components.dll (+2 others) [CacheWrite 00000000000000000000000000000004]
[           0s] Csc Library/Bee/artifacts/1300b0aP.dag/Unity.Services.Core.Registration.dll (+2 others) [CacheWrite 00000000000000000000000000000004]
[452/510    0s] CopyFiles Library/Bee/PlayerScriptAssemblies/GameServices.pdb
[453/510    0s] CopyFiles Library/Bee/PlayerScriptAssemblies/GameServices.dll
[454/510    0s] CopyFiles Library/Bee/PlayerScriptAssemblies/Unity.Services.Core.Registration.pdb
[455/510    0s] CopyFiles Library/Bee/PlayerScriptAssemblies/Unity.Services.Core.Components.pdb
[456/510    0s] CopyFiles Library/Bee/PlayerScriptAssemblies/Unity.Services.Core.Registration.dll
[457/510    0s] CopyFiles Library/Bee/PlayerScriptAssemblies/Unity.Services.Core.Components.dll
[           0s] Csc Library/Bee/artifacts/1300b0aP.dag/Unity.InputSystem.ForUI.dll (+2 others) [CacheWrite 00000000000000000000000000000004]
[458/510    0s] CopyFiles Library/Bee/PlayerScriptAssemblies/Unity.InputSystem.ForUI.pdb
[459/510    0s] CopyFiles Library/Bee/PlayerScriptAssemblies/Unity.InputSystem.ForUI.dll
[460/510    0s] Csc Library/Bee/artifacts/1300b0aP.dag/Quests.dll (+2 others)
[461/510    0s] Csc Library/Bee/artifacts/1300b0aP.dag/ShipConstructor.dll (+2 others)
Assets\Modules\ShipConstructor\Scripts\IntegratedComponent.cs(43,53): warning CS0612: 'ComponentInfo.SerializeToInt64()' is obsolete

Assets\Modules\ShipConstructor\Scripts\IntegratedComponent.cs(58,29): warning CS0612: 'ComponentInfo.FromInt64(IDatabase, long)' is obsolete

Assets\Modules\ShipConstructor\Scripts\ShipLayoutObsolete.cs(16,14): warning CS0612: 'IShipLayout.Size' is obsolete

Assets\Modules\ShipConstructor\Scripts\ShipLayoutObsolete.cs(54,24): warning CS0612: 'IShipLayout.Size' is obsolete

Assets\Modules\ShipConstructor\Scripts\IntegratedComponent.cs(72,53): warning CS0612: 'ComponentInfo.SerializeToInt32Obsolete()' is obsolete

Assets\Modules\ShipConstructor\Scripts\IntegratedComponent.cs(87,29): warning CS0612: 'ComponentInfo.FromInt32Obsolete(IDatabase, int)' is obsolete

Assets\Modules\ShipConstructor\Scripts\IntegratedComponent.cs(101,26): warning CS0612: 'ComponentInfo.SerializeToInt32Obsolete()' is obsolete

Assets\Modules\ShipConstructor\Scripts\IntegratedComponent.cs(127,29): warning CS0612: 'ComponentInfo.FromInt32Obsolete(IDatabase, int)' is obsolete
[462/510    0s] Csc Library/Bee/artifacts/1300b0aP.dag/Unity.Purchasing.dll (+2 others)
[463/510    0s] CopyFiles Library/Bee/PlayerScriptAssemblies/ShipConstructor.pdb
[464/510    0s] CopyFiles Library/Bee/PlayerScriptAssemblies/Quests.pdb
[465/510    0s] CopyFiles Library/Bee/PlayerScriptAssemblies/ShipConstructor.dll
[466/510    0s] CopyFiles Library/Bee/PlayerScriptAssemblies/Quests.dll
[467/510    0s] MovedFromExtractor Library/Bee/artifacts/mvdfrm/Unity.Services.Core.Components.ref.dll_10B1596220419C8E.mvfrm
[468/510    0s] MovedFromExtractor Library/Bee/artifacts/mvdfrm/Unity.InputSystem.ForUI.ref.dll_F2CC0B57F8094615.mvfrm
[469/510    0s] Csc Library/Bee/artifacts/1300b0aP.dag/Gui.dll (+2 others)
Assets\ModulesShared\Gui\Scripts\Theme\Wrappers\ThemedText.cs(16,38): warning CS0414: The field 'ThemedText._themeManaged' is assigned but its value is never used

Assets\ModulesShared\Gui\Scripts\Theme\Wrappers\ThemedImage.cs(14,38): warning CS0414: The field 'ThemedImage._themeManaged' is assigned but its value is never used
[470/510    0s] CopyFiles Library/Bee/PlayerScriptAssemblies/Gui.pdb
[471/510    0s] CopyFiles Library/Bee/PlayerScriptAssemblies/Gui.dll
[           0s] Csc Library/Bee/artifacts/1300b0aP.dag/Unity.Purchasing.dll (+2 others) [CacheWrite 00000000000000000000000000000004]
[472/510    0s] CopyFiles Library/Bee/PlayerScriptAssemblies/Unity.Purchasing.pdb
[473/510    0s] CopyFiles Library/Bee/PlayerScriptAssemblies/Unity.Purchasing.dll
[474/510    0s] Csc Library/Bee/artifacts/1300b0aP.dag/GameSession.dll (+2 others)
Assets\Modules\GameSession\Scripts\Obsolete\Content\StatisticsData.cs(102,8): warning CS0219: The variable 'index' is assigned but its value is never used
[475/510    0s] CopyFiles Library/Bee/PlayerScriptAssemblies/GameSession.pdb
[476/510    0s] CopyFiles Library/Bee/PlayerScriptAssemblies/GameSession.dll
[477/510    0s] MovedFromExtractor Library/Bee/artifacts/mvdfrm/Unity.Purchasing.ref.dll_1DF0A33BFE1B6F77.mvfrm
[478/510    0s] MovedFromExtractor-Combine Library/Bee/artifacts/1300b0aP.dag/Unity.Purchasing.AppleStub.dll.mvfrm
[479/510    0s] MovedFromExtractor-Combine Library/Bee/artifacts/1300b0aP.dag/Unity.Purchasing.AppleMacosStub.dll.mvfrm
[480/510    0s] Csc Library/Bee/artifacts/1300b0aP.dag/ShipEditor.dll (+2 others)
Assets\ModulesShared\ShipEditor\Scripts\Model\ShipLayoutModel.cs(34,36): warning CS0612: 'IShipLayout.Size' is obsolete

Assets\ModulesShared\ShipEditor\Scripts\UI\BuildsPanel.cs(368,33): warning CS0612: 'ComponentInfo.SerializeToInt64()' is obsolete

Assets\ModulesShared\ShipEditor\Scripts\UI\BuildsPanel.cs(381,28): warning CS0612: 'ComponentInfo.FromInt64(IDatabase, long)' is obsolete

Assets\ModulesShared\ShipEditor\Scripts\UI\ComponentPanel.cs(287,51): warning CS0618: 'Object.FindObjectOfType<T>()' is obsolete: 'Object.FindObjectOfType has been deprecated. Use Object.FindFirstObjectByType instead or if finding any instance is acceptable the faster Object.FindAnyObjectByType'

Assets\ModulesShared\ShipEditor\Scripts\UI\ShipEditorWindow.cs(412,59): warning CS0612: 'IShipLayout.Size' is obsolete

Assets\ModulesShared\ShipEditor\Scripts\UI\ComponentPanel.cs(455,51): warning CS0618: 'Object.FindObjectOfType<T>()' is obsolete: 'Object.FindObjectOfType has been deprecated. Use Object.FindFirstObjectByType instead or if finding any instance is acceptable the faster Object.FindAnyObjectByType'
[481/510    0s] CopyFiles Library/Bee/PlayerScriptAssemblies/ShipEditor.pdb
[482/510    0s] CopyFiles Library/Bee/PlayerScriptAssemblies/ShipEditor.dll
[483/510    0s] Csc Library/Bee/artifacts/1300b0aP.dag/Unity.Purchasing.AppleStub.dll (+2 others)
[484/510    0s] Csc Library/Bee/artifacts/1300b0aP.dag/Unity.Purchasing.AppleMacosStub.dll (+2 others)
[485/510    0s] Csc Library/Bee/artifacts/1300b0aP.dag/BattleSimulator.dll (+2 others)
Assets\Modules\BattleSimulator\Scripts\Combat\Factory\Bullets\BulletStats.cs(85,16): warning CS0612: 'BulletEffectType' is obsolete

Assets\Modules\BattleSimulator\Scripts\Combat\Factory\Bullets\BulletStats.cs(202,16): warning CS0612: 'BulletEffectType' is obsolete

Assets\Modules\BattleSimulator\Scripts\Combat\Factory\Bullets\AmmunitionClassExtensions.cs(53,23): warning CS0612: 'BulletEffectType' is obsolete

Assets\Modules\BattleSimulator\Scripts\Combat\Component\Systems\Devices\RetributionDevice.cs(61,22): warning CS0114: 'RetributionDevice.Cooldown' hides inherited member 'SystemBase.Cooldown'. To make the current member override that implementation, add the override keyword. Otherwise add the new keyword.

Assets\Modules\BattleSimulator\Scripts\Combat\Component\Systems\Devices\SophonJammerDevice.cs(92,22): warning CS0114: 'SophonJammerDevice.Cooldown' hides inherited member 'SystemBase.Cooldown'. To make the current member override that implementation, add the override keyword. Otherwise add the new keyword.

Assets\Modules\BattleSimulator\Scripts\Combat\AI\Actions\AttackAction.cs(54,25): warning CS0612: 'WeaponInfo.BulletEffectType' is obsolete

Assets\Modules\BattleSimulator\Scripts\Combat\AI\Actions\AttackAction.cs(54,84): warning CS0612: 'WeaponInfo.BulletEffectType' is obsolete

Assets\Modules\BattleSimulator\Scripts\Combat\AI\Actions\AttackAction.cs(54,151): warning CS0612: 'WeaponInfo.BulletEffectType' is obsolete

Assets\Modules\BattleSimulator\Scripts\Combat\AI\Actions\AttackAction.cs(99,21): warning CS0612: 'WeaponInfo.BulletEffectType' is obsolete

Assets\Modules\BattleSimulator\Scripts\Combat\Factory\Bullets\BulletFactoryObsolete.cs(49,50): warning CS0612: 'PrefabCache.LoadBulletPrefabObsolete(PrefabId, string, IGameServicesProvider)' is obsolete

Assets\Modules\BattleSimulator\Scripts\Combat\Component\Collider\CircleCollider.cs(45,25): warning CS0618: 'Physics2D.OverlapCircleNonAlloc(Vector2, float, Collider2D[], int)' is obsolete: 'Physics2D.OverlapCircleNonAlloc is deprecated. Use Physics2D.OverlapCircle instead.'

Assets\Modules\BattleSimulator\Scripts\Combat\Component\Body\RigidBodyAdapter.cs(21,17): warning CS0618: 'Rigidbody2D.isKinematic' is obsolete: 'Please use Rigidbody2D.bodyType instead.'

Assets\Modules\BattleSimulator\Scripts\Combat\Component\Body\RigidBodyAdapter.cs(26,17): warning CS0618: 'Rigidbody2D.isKinematic' is obsolete: 'Please use Rigidbody2D.bodyType instead.'

Assets\Modules\BattleSimulator\Scripts\Combat\Factory\Bullets\BulletStats.cs(210,11): warning CS0612: 'BulletEffectType' is obsolete

Assets\Modules\BattleSimulator\Scripts\Combat\Factory\Bullets\BulletStats.cs(211,11): warning CS0612: 'BulletEffectType' is obsolete

Assets\Modules\BattleSimulator\Scripts\Combat\Factory\Bullets\BulletStats.cs(213,11): warning CS0612: 'BulletEffectType' is obsolete

Assets\Modules\BattleSimulator\Scripts\Combat\Factory\Bullets\BulletStats.cs(215,11): warning CS0612: 'BulletEffectType' is obsolete

Assets\Modules\BattleSimulator\Scripts\Combat\Factory\Bullets\BulletStats.cs(93,32): warning CS0612: 'BulletEffectType' is obsolete

Assets\Modules\BattleSimulator\Scripts\Combat\Factory\Bullets\BulletStats.cs(95,32): warning CS0612: 'BulletEffectType' is obsolete

Assets\Modules\BattleSimulator\Scripts\Combat\Factory\Bullets\BulletStats.cs(97,32): warning CS0612: 'BulletEffectType' is obsolete

Assets\Modules\BattleSimulator\Scripts\Combat\AI\Computer.cs(55,4): warning CS0612: 'ThreatList.Update(float, IShip, IThreatAnalyzer)' is obsolete

Assets\Modules\BattleSimulator\Scripts\Combat\Factory\Bullets\BulletFactoryObsolete.cs(230,111): warning CS0612: 'IWeaponPlatform.Type' is obsolete

Assets\Modules\BattleSimulator\Scripts\Combat\AI\BehaviorTree\Utils\ShipSystemExtensions.cs(98,8): warning CS0219: The variable 'systems' is assigned but its value is never used

Assets\Modules\BattleSimulator\Scripts\Combat\AI\Drone.cs(39,17): warning CS0612: 'ThreatList.Update(float, IShip, IThreatAnalyzer)' is obsolete

Assets\Modules\BattleSimulator\Scripts\Combat\AI\Helpers.cs(21,21): warning CS0612: 'WeaponInfo.BulletEffectType' is obsolete

Assets\Modules\BattleSimulator\Scripts\Combat\AI\Helpers.cs(21,53): warning CS0612: 'BulletEffectType' is obsolete

Assets\Modules\BattleSimulator\Scripts\Combat\AI\Helpers.cs(35,21): warning CS0612: 'WeaponInfo.BulletEffectType' is obsolete

Assets\Modules\BattleSimulator\Scripts\Combat\AI\Helpers.cs(35,53): warning CS0612: 'BulletEffectType' is obsolete

Assets\Modules\BattleSimulator\Scripts\Combat\AI\Helpers.cs(50,21): warning CS0612: 'WeaponInfo.BulletEffectType' is obsolete

Assets\Modules\BattleSimulator\Scripts\Combat\AI\Helpers.cs(50,53): warning CS0612: 'BulletEffectType' is obsolete

Assets\Modules\BattleSimulator\Scripts\Combat\AI\Keyboard.cs(41,30): warning CS0168: The variable 'e' is declared but never used

Assets\Modules\BattleSimulator\Scripts\Combat\AI\Strategy\Factories\AttackRules.cs(29,12): warning CS0612: 'WeaponInfo.BulletEffectType' is obsolete

Assets\Modules\BattleSimulator\Scripts\Combat\AI\Strategy\Factories\AttackRules.cs(29,44): warning CS0612: 'BulletEffectType' is obsolete

Assets\Modules\BattleSimulator\Scripts\Combat\AI\Strategy\Factories\AttackRules.cs(32,21): warning CS0612: 'WeaponInfo.BulletEffectType' is obsolete

Assets\Modules\BattleSimulator\Scripts\Combat\AI\Strategy\Factories\AttackRules.cs(32,53): warning CS0612: 'BulletEffectType' is obsolete

Assets\Modules\BattleSimulator\Scripts\Combat\AI\Strategy\Factories\AttackRules.cs(32,81): warning CS0612: 'WeaponInfo.BulletEffectType' is obsolete

Assets\Modules\BattleSimulator\Scripts\Combat\AI\Strategy\Factories\AttackRules.cs(32,113): warning CS0612: 'BulletEffectType' is obsolete

Assets\Modules\BattleSimulator\Scripts\Combat\AI\Starbase.cs(57,21): warning CS0612: 'WeaponInfo.BulletEffectType' is obsolete

Assets\Modules\BattleSimulator\Scripts\Combat\AI\Starbase.cs(57,53): warning CS0612: 'BulletEffectType' is obsolete

Assets\Modules\BattleSimulator\Scripts\Combat\AI\Starbase.cs(57,81): warning CS0612: 'WeaponInfo.BulletEffectType' is obsolete

Assets\Modules\BattleSimulator\Scripts\Combat\AI\Starbase.cs(57,113): warning CS0612: 'BulletEffectType' is obsolete

Assets\Modules\BattleSimulator\Scripts\Combat\AI\Strategy\Factories\AttackRules.cs(72,21): warning CS0612: 'WeaponInfo.BulletEffectType' is obsolete

Assets\Modules\BattleSimulator\Scripts\Combat\AI\Strategy\Factories\AttackRules.cs(72,53): warning CS0612: 'BulletEffectType' is obsolete

Assets\Modules\BattleSimulator\Scripts\Combat\AI\Strategy\Factories\AttackRules.cs(97,21): warning CS0612: 'WeaponInfo.BulletEffectType' is obsolete

Assets\Modules\BattleSimulator\Scripts\Combat\AI\Strategy\Factories\AttackRules.cs(97,53): warning CS0612: 'BulletEffectType' is obsolete

Assets\Modules\BattleSimulator\Scripts\Combat\AI\Strategy\Factories\AttackRules.cs(97,81): warning CS0612: 'WeaponInfo.BulletEffectType' is obsolete

Assets\Modules\BattleSimulator\Scripts\Combat\AI\Strategy\Factories\AttackRules.cs(97,113): warning CS0612: 'BulletEffectType' is obsolete

Assets\Modules\BattleSimulator\Scripts\Combat\Factory\ShipFactory.cs(59,21): warning CS0414: The field 'ShipFactory._droneBayUniqueId' is assigned but its value is never used
[486/510    0s] CopyFiles Library/Bee/PlayerScriptAssemblies/BattleSimulator.pdb
[487/510    0s] CopyFiles Library/Bee/PlayerScriptAssemblies/BattleSimulator.dll
[           0s] Csc Library/Bee/artifacts/1300b0aP.dag/Unity.Purchasing.AppleStub.dll (+2 others) [CacheWrite 00000000000000000000000000000004]
[           0s] Csc Library/Bee/artifacts/1300b0aP.dag/Unity.Purchasing.AppleMacosStub.dll (+2 others) [CacheWrite 00000000000000000000000000000004]
[488/510    0s] CopyFiles Library/Bee/PlayerScriptAssemblies/Unity.Purchasing.AppleStub.pdb
[489/510    0s] CopyFiles Library/Bee/PlayerScriptAssemblies/Unity.Purchasing.AppleStub.dll
[490/510    0s] CopyFiles Library/Bee/PlayerScriptAssemblies/Unity.Purchasing.AppleMacosStub.pdb
[491/510    0s] CopyFiles Library/Bee/PlayerScriptAssemblies/Unity.Purchasing.AppleMacosStub.dll
[492/510    0s] MovedFromExtractor Library/Bee/artifacts/mvdfrm/Unity.Purchasing.AppleStub.ref.dll_DEE95C51C2703111.mvfrm
[493/510    0s] MovedFromExtractor Library/Bee/artifacts/mvdfrm/Unity.Purchasing.AppleMacosStub.ref.dll_F8EC5596205BB1D4.mvfrm
[494/510    0s] MovedFromExtractor-Combine Library/Bee/artifacts/1300b0aP.dag/Unity.Purchasing.Stores.dll.mvfrm
[495/510    0s] Csc Library/Bee/artifacts/1300b0aP.dag/Unity.Purchasing.Stores.dll (+2 others)
[           0s] Csc Library/Bee/artifacts/1300b0aP.dag/Unity.Purchasing.Stores.dll (+2 others) [CacheWrite 00000000000000000000000000000004]
[496/510    0s] CopyFiles Library/Bee/PlayerScriptAssemblies/Unity.Purchasing.Stores.pdb
[497/510    0s] CopyFiles Library/Bee/PlayerScriptAssemblies/Unity.Purchasing.Stores.dll
[498/510    0s] MovedFromExtractor Library/Bee/artifacts/mvdfrm/Unity.Purchasing.Stores.ref.dll_832994C5143C2BAF.mvfrm
[499/510    0s] MovedFromExtractor-Combine Library/Bee/artifacts/1300b0aP.dag/Unity.Purchasing.Codeless.dll.mvfrm
[500/510    0s] Csc Library/Bee/artifacts/1300b0aP.dag/Unity.Purchasing.Codeless.dll (+2 others)
[           0s] Csc Library/Bee/artifacts/1300b0aP.dag/Unity.Purchasing.Codeless.dll (+2 others) [CacheWrite 00000000000000000000000000000004]
[501/510    0s] CopyFiles Library/Bee/PlayerScriptAssemblies/Unity.Purchasing.Codeless.dll
[502/510    0s] CopyFiles Library/Bee/PlayerScriptAssemblies/Unity.Purchasing.Codeless.pdb
[503/510    0s] MovedFromExtractor Library/Bee/artifacts/mvdfrm/Unity.Purchasing.Codeless.ref.dll_80F937F66967FC33.mvfrm
[504/510    0s] MovedFromExtractor-Combine Library/Bee/artifacts/1300b0aP.dag/Assembly-CSharp.dll.mvfrm
[505/510    0s] Csc Library/Bee/artifacts/1300b0aP.dag/Assembly-CSharp.dll (+2 others)
Assets\Scripts\Combat\Domain\CombatModelBuilder.cs(95,32): warning CS0618: 'Factory<CombatModelBuilder>' is obsolete: 'Zenject.Factory has been renamed to PlaceholderFactory.  Zenject.Factory will be removed in future versions'

Assets\Scripts\GameStateMachine\States\AnnouncementState.cs(47,32): warning CS0618: 'Factory<AnnouncementState>' is obsolete: 'Zenject.Factory has been renamed to PlaceholderFactory.  Zenject.Factory will be removed in future versions'

Assets\Scripts\GameStateMachine\States\CombatRewardState.cs(41,32): warning CS0618: 'Factory<IReward, CombatRewardState>' is obsolete: 'Zenject.Factory has been renamed to PlaceholderFactory.  Zenject.Factory will be removed in future versions'

Assets\Scripts\GameStateMachine\States\CombatState.cs(128,32): warning CS0618: 'Factory<ICombatModel, Action<ICombatModel>, CombatState>' is obsolete: 'Zenject.Factory has been renamed to PlaceholderFactory.  Zenject.Factory will be removed in future versions'

Assets\Scripts\GameStateMachine\States\DailyRewardState.cs(57,32): warning CS0618: 'Factory<DailyRewardState>' is obsolete: 'Zenject.Factory has been renamed to PlaceholderFactory.  Zenject.Factory will be removed in future versions'

Assets\Scripts\GameStateMachine\States\EditorInitializationState.cs(49,32): warning CS0618: 'Factory<EditorInitializationState>' is obsolete: 'Zenject.Factory has been renamed to PlaceholderFactory.  Zenject.Factory will be removed in future versions'

Assets\Scripts\GameStateMachine\States\DialogState.cs(59,32): warning CS0618: 'Factory<string, WindowArgs, Action<WindowExitCode>, DialogState>' is obsolete: 'Zenject.Factory has been renamed to PlaceholderFactory.  Zenject.Factory will be removed in future versions'

Assets\Scripts\GameStateMachine\States\ExplorationState.cs(85,32): warning CS0618: 'Factory<Planet, ExplorationState>' is obsolete: 'Zenject.Factory has been renamed to PlaceholderFactory.  Zenject.Factory will be removed in future versions'

Assets\Scripts\GameStateMachine\States\InitializationState.cs(194,32): warning CS0618: 'Factory<InitializationState>' is obsolete: 'Zenject.Factory has been renamed to PlaceholderFactory.  Zenject.Factory will be removed in future versions'

Assets\Scripts\GameStateMachine\States\MainMenuState.cs(152,26): warning CS0618: 'Factory<MainMenuState>' is obsolete: 'Zenject.Factory has been renamed to PlaceholderFactory.  Zenject.Factory will be removed in future versions'

Assets\Scripts\GameStateMachine\States\ModalDialogState.cs(53,32): warning CS0618: 'Factory<string, IEnumerable<GameScene>, ModalDialogState>' is obsolete: 'Zenject.Factory has been renamed to PlaceholderFactory.  Zenject.Factory will be removed in future versions'

Assets\Scripts\GameStateMachine\States\QuestState.cs(63,26): warning CS0618: 'Factory<IUserInteraction, QuestState>' is obsolete: 'Zenject.Factory has been renamed to PlaceholderFactory.  Zenject.Factory will be removed in future versions'

Assets\Scripts\GameStateMachine\States\QuickCombatState.cs(218,32): warning CS0618: 'Factory<QuickCombatState.Settings, QuickCombatState>' is obsolete: 'Zenject.Factory has been renamed to PlaceholderFactory.  Zenject.Factory will be removed in future versions'

Assets\Scripts\GameStateMachine\States\StartingNewGameState.cs(91,32): warning CS0618: 'Factory<StartingNewGameState>' is obsolete: 'Zenject.Factory has been renamed to PlaceholderFactory.  Zenject.Factory will be removed in future versions'

Assets\Scripts\GameStateMachine\States\TestingState.cs(31,32): warning CS0618: 'Factory<TestingState>' is obsolete: 'Zenject.Factory has been renamed to PlaceholderFactory.  Zenject.Factory will be removed in future versions'

Assets\Scripts\GameStateMachine\States\SkillTreeState.cs(31,32): warning CS0618: 'Factory<SkillTreeState>' is obsolete: 'Zenject.Factory has been renamed to PlaceholderFactory.  Zenject.Factory will be removed in future versions'

Assets\Scripts\GameStateMachine\States\TravelState.cs(89,32): warning CS0618: 'Factory<int, TravelState>' is obsolete: 'Zenject.Factory has been renamed to PlaceholderFactory.  Zenject.Factory will be removed in future versions'

Assets\Scripts\GameStateMachine\States\StarMapState.cs(360,32): warning CS0618: 'Factory<StarMapState>' is obsolete: 'Zenject.Factory has been renamed to PlaceholderFactory.  Zenject.Factory will be removed in future versions'

Assets\Scripts\GameStateMachine\States\RetreatState.cs(81,32): warning CS0618: 'Factory<RetreatState>' is obsolete: 'Zenject.Factory has been renamed to PlaceholderFactory.  Zenject.Factory will be removed in future versions'

Assets\Scripts\GameStateMachine\States\EhopediaState.cs(31,32): warning CS0618: 'Factory<EhopediaState>' is obsolete: 'Zenject.Factory has been renamed to PlaceholderFactory.  Zenject.Factory will be removed in future versions'

Assets\Scripts\Legacy\GUI\Layout\RandomLayoutGroup.cs(29,4): warning CS0618: 'Random.seed' is obsolete: 'Deprecated. Use InitState() function or Random.state property instead.'

Assets\Scripts\Legacy\GUI\Layout\RandomLayoutGroup.cs(42,4): warning CS0618: 'Random.seed' is obsolete: 'Deprecated. Use InitState() function or Random.state property instead.'

Assets\Scripts\Legacy\GUI\Console.cs(24,17): warning CS0618: 'Object.FindObjectsOfType<T>()' is obsolete: 'Object.FindObjectsOfType has been deprecated. Use Object.FindObjectsByType instead which lets you decide whether you need the results sorted or not.  FindObjectsOfType sorts the results by InstanceID but if you do not need this using FindObjectSortMode.None is considerably faster.'

Assets\Scripts\Legacy\GUI\ViewModel\CargoHold\ScrapPanelViewModel.cs(133,84): warning CS0612: 'ComponentInfo.SerializeToInt64()' is obsolete

Assets\Scripts\Domain\Economy\ItemType\ComponentItem.cs(21,47): warning CS0612: 'ComponentInfo.SerializeToInt64()' is obsolete

Assets\Scripts\Legacy\Map\Star.cs(411,3): warning CS0618: 'Random.seed' is obsolete: 'Deprecated. Use InitState() function or Random.state property instead.'

Assets\Scripts\GameServices\OfflineMultiplayer\EnemyPlayerInfo.cs(61,30): warning CS0168: The variable 'e' is declared but never used

Assets\Scripts\Legacy\Debug\Cheats.cs(297,26): warning CS0168: The variable 'e' is declared but never used

Assets\Scripts\GameServices\OfflineMultiplayer\PlayerInfo.cs(108,30): warning CS0168: The variable 'e' is declared but never used

Assets\Scripts\GameServices\OfflineMultiplayer\PlayerInfo.cs(147,30): warning CS0168: The variable 'e' is declared but never used

Assets\Scripts\Legacy\Debug\Cheats.cs(353,41): warning CS0612: 'ComponentInfo.FromInt64(IDatabase, long)' is obsolete

Assets\Scripts\GameServices\OfflineMultiplayer\PlayerInfo.cs(163,30): warning CS0168: The variable 'e' is declared but never used

Assets\Scripts\GameServices\OfflineMultiplayer\PlayerInfo.cs(192,30): warning CS0168: The variable 'e' is declared but never used

Assets\Scripts\Gui\ShipService\ShipLayoutPanel.cs(75,85): warning CS0612: 'IShipLayout.Size' is obsolete

Assets\Scripts\Gui\ShipService\ShipLayoutPanel.cs(76,86): warning CS0612: 'IShipLayout.Size' is obsolete

Assets\Scripts\Legacy\GUI\ViewModel\MainMenu\DevConsoleViewModel.cs(76,5): warning CS0162: Unreachable code detected

Assets\Scripts\Gui\ShipService\ShipLayoutPanel.cs(92,28): warning CS0612: 'IShipLayout.Size' is obsolete

Assets\Scripts\Gui\ShipService\ShipLayoutPanel.cs(146,62): warning CS0612: 'IShipLayout.Size' is obsolete

Assets\Scripts\Gui\ShipService\ShipLayoutPanel.cs(146,91): warning CS0612: 'IShipLayout.Size' is obsolete

Assets\Scripts\Legacy\Debug\Cheats.cs(417,57): warning CS0612: 'ComponentInfo.SerializeToInt64()' is obsolete

Assets\Scripts\Gui\MainMenu\SettingsProgress.cs(176,37): warning CS0618: 'Object.FindObjectsOfType<T>(bool)' is obsolete: 'Object.FindObjectsOfType has been deprecated. Use Object.FindObjectsByType instead which lets you decide whether you need the results sorted or not.  FindObjectsOfType sorts the results by InstanceID but if you do not need this using FindObjectSortMode.None is considerably faster.'

Assets\Scripts\Gui\MainMenu\SettingsProgress.cs(178,38): warning CS0618: 'Object.FindObjectsOfType<T>(bool)' is obsolete: 'Object.FindObjectsOfType has been deprecated. Use Object.FindObjectsByType instead which lets you decide whether you need the results sorted or not.  FindObjectsOfType sorts the results by InstanceID but if you do not need this using FindObjectSortMode.None is considerably faster.'

Assets\Scripts\Gui\Combat\RadarPanel.cs(61,17): warning CS0219: The variable 'simpleRadarIndex' is assigned but its value is never used

Assets\Scripts\GameStateMachine\States\ShipEditorState.cs(159,40): warning CS0612: 'ComponentInfo.FromInt64(IDatabase, long)' is obsolete

Assets\Scripts\Legacy\GUI\ViewModel\StarMap\TechTreePanelViewModel.cs(546,6): warning CS0618: 'Random.seed' is obsolete: 'Deprecated. Use InitState() function or Random.state property instead.'

Assets\Scripts\Gui\MainMenu\SettingsProgress.cs(259,60): warning CS0618: 'Object.FindObjectOfType<T>()' is obsolete: 'Object.FindObjectOfType has been deprecated. Use Object.FindFirstObjectByType instead or if finding any instance is acceptable the faster Object.FindAnyObjectByType'

Assets\Scripts\Gui\MainMenu\MainMenu.cs(427,60): warning CS0618: 'Object.FindObjectOfType<T>()' is obsolete: 'Object.FindObjectOfType has been deprecated. Use Object.FindFirstObjectByType instead or if finding any instance is acceptable the faster Object.FindAnyObjectByType'

Assets\Scripts\Gui\MainMenu\MainMenu.cs(609,60): warning CS0618: 'Object.FindObjectOfType<T>()' is obsolete: 'Object.FindObjectOfType has been deprecated. Use Object.FindFirstObjectByType instead or if finding any instance is acceptable the faster Object.FindAnyObjectByType'

Assets\Scripts\Gui\MainMenu\MainMenu.cs(654,60): warning CS0618: 'Object.FindObjectOfType<T>()' is obsolete: 'Object.FindObjectOfType has been deprecated. Use Object.FindFirstObjectByType instead or if finding any instance is acceptable the faster Object.FindAnyObjectByType'

Assets\Scripts\Legacy\GUI\ViewModel\Skills\SkillListUpdater.cs(13,38): warning CS0414: The field 'SkillListUpdater._step' is assigned but its value is never used

Assets\Scripts\Gui\Utils\BackButtonEvent.cs(12,39): warning CS0414: The field 'BackButtonEvent._ignoreIfStandaloneBuild' is assigned but its value is never used

Assets\Scripts\Legacy\GUI\ViewModel\StarMap\MilitaryPanelViewModel.cs(41,15): warning CS0414: The field 'MilitaryPanelViewModel._money' is assigned but its value is never used

Assets\Scripts\Legacy\GUI\LoadingScreen.cs(20,33): warning CS0414: The field 'LoadingScreen._delay' is assigned but its value is never used

Assets\Scripts\Legacy\GUI\LoadingScreen.cs(28,15): warning CS0414: The field 'LoadingScreen._coroutineRunning' is assigned but its value is never used

Assets\Scripts\Legacy\GUI\LoadingScreen.cs(133,18): warning CS0414: The field 'LoadingScreen._firstTime' is assigned but its value is never used
[506/510    0s] CopyFiles Library/Bee/PlayerScriptAssemblies/Assembly-CSharp.pdb
[507/510    0s] CopyFiles Library/Bee/PlayerScriptAssemblies/Assembly-CSharp.dll
[509/510    0s] BuildPlayerDataGenerator Library/BuildPlayerData/Player/RuntimeInitializeOnLoads.json (+1 other)
*** Tundra build success (12.36 seconds), 508 items updated, 510 evaluated
Total cache size 268135841
Total cache size after purge 268135841, took 00:00:00.1162896
Assets\ModulesShared\Utilites\Serialization\SessionDataReader.cs(103,5): warning CS0642: Possible mistaken empty statement
Assets\ModulesShared\Utilites\Serialization\SessionDataReader.cs(113,5): warning CS0642: Possible mistaken empty statement
Assets\ModulesShared\Utilites\Serialization\SessionDataWriter.cs(118,5): warning CS0642: Possible mistaken empty statement
Assets\ModulesShared\Utilites\Serialization\SessionDataWriter.cs(128,5): warning CS0642: Possible mistaken empty statement
Assets\ExpressionParser\Runtime\Variant.cs(7,28): warning CS0660: 'Variant' defines operator == or operator != but does not override Object.Equals(object o)
Assets\ExpressionParser\Runtime\Variant.cs(7,28): warning CS0661: 'Variant' defines operator == or operator != but does not override Object.GetHashCode()
Assets\Plugins\Zenject\Source\Util\UnityUtil.cs(130,20): warning CS0618: 'Object.FindObjectsOfType<T>()' is obsolete: 'Object.FindObjectsOfType has been deprecated. Use Object.FindObjectsByType instead which lets you decide whether you need the results sorted or not.  FindObjectsOfType sorts the results by InstanceID but if you do not need this using FindObjectSortMode.None is considerably faster.'
Assets\Plugins\Zenject\Source\Install\Contexts\ProjectContext.cs(104,25): warning CS0618: 'Object.FindObjectsOfType<T>()' is obsolete: 'Object.FindObjectsOfType has been deprecated. Use Object.FindObjectsByType instead which lets you decide whether you need the results sorted or not.  FindObjectsOfType sorts the results by InstanceID but if you do not need this using FindObjectSortMode.None is considerably faster.'
Assets\Plugins\UniRx\Scripts\UnityEngineBridge\MainThreadDispatcher.cs(452,34): warning CS0618: 'Object.FindObjectOfType<T>()' is obsolete: 'Object.FindObjectOfType has been deprecated. Use Object.FindFirstObjectByType instead or if finding any instance is acceptable the faster Object.FindAnyObjectByType'
Assets\Plugins\UniRx\Scripts\UnityEngineBridge\MainThreadDispatcher.cs(580,31): warning CS0618: 'Object.FindObjectsOfType<T>()' is obsolete: 'Object.FindObjectsOfType has been deprecated. Use Object.FindObjectsByType instead which lets you decide whether you need the results sorted or not.  FindObjectsOfType sorts the results by InstanceID but if you do not need this using FindObjectSortMode.None is considerably faster.'
Assets\Plugins\UniRx\Scripts\UnityEngineBridge\MainThreadDispatcher.cs(591,28): warning CS0618: 'Object.FindObjectOfType<T>()' is obsolete: 'Object.FindObjectOfType has been deprecated. Use Object.FindFirstObjectByType instead or if finding any instance is acceptable the faster Object.FindAnyObjectByType'
Assets\Modules\SecurityStub\Scripts\RequestFactory.cs(39,23): warning CS0618: 'WWW' is obsolete: 'Use UnityWebRequest, a fully featured replacement which is more efficient and has additional features'
Assets\Modules\SecurityStub\Scripts\RequestFactory.cs(44,23): warning CS0618: 'WWW' is obsolete: 'Use UnityWebRequest, a fully featured replacement which is more efficient and has additional features'
Assets\Modules\SecurityStub\Scripts\RequestFactory.cs(49,23): warning CS0618: 'WWW' is obsolete: 'Use UnityWebRequest, a fully featured replacement which is more efficient and has additional features'
Assets\Modules\SecurityStub\Scripts\RequestFactory.cs(54,23): warning CS0618: 'WWW' is obsolete: 'Use UnityWebRequest, a fully featured replacement which is more efficient and has additional features'
Assets\Modules\SecurityStub\Scripts\RequestFactory.cs(41,24): warning CS0618: 'WWW' is obsolete: 'Use UnityWebRequest, a fully featured replacement which is more efficient and has additional features'
Assets\Modules\SecurityStub\Scripts\RequestFactory.cs(46,24): warning CS0618: 'WWW' is obsolete: 'Use UnityWebRequest, a fully featured replacement which is more efficient and has additional features'
Assets\Modules\SecurityStub\Scripts\RequestFactory.cs(51,24): warning CS0618: 'WWW' is obsolete: 'Use UnityWebRequest, a fully featured replacement which is more efficient and has additional features'
Assets\Modules\SecurityStub\Scripts\RequestFactory.cs(56,24): warning CS0618: 'WWW' is obsolete: 'Use UnityWebRequest, a fully featured replacement which is more efficient and has additional features'
Assets\Modules\Database\Scripts\Types\ColorData.cs(43,30): warning CS0168: The variable 'e' is declared but never used
Assets\ModulesShared\Localization\Scripts\Localization\SystemFontLocator.cs(12,38): warning CS0414: The field 'SystemFontLocator._fontSize' is assigned but its value is never used
Assets\Modules\GameServices\Scripts\Input\Configuration.cs(45,30): warning CS0168: The variable 'e' is declared but never used
Assets\Modules\ShipConstructor\Scripts\IntegratedComponent.cs(43,53): warning CS0612: 'ComponentInfo.SerializeToInt64()' is obsolete
Assets\Modules\ShipConstructor\Scripts\IntegratedComponent.cs(58,29): warning CS0612: 'ComponentInfo.FromInt64(IDatabase, long)' is obsolete
Assets\Modules\ShipConstructor\Scripts\ShipLayoutObsolete.cs(16,14): warning CS0612: 'IShipLayout.Size' is obsolete
Assets\Modules\ShipConstructor\Scripts\ShipLayoutObsolete.cs(54,24): warning CS0612: 'IShipLayout.Size' is obsolete
Assets\Modules\ShipConstructor\Scripts\IntegratedComponent.cs(72,53): warning CS0612: 'ComponentInfo.SerializeToInt32Obsolete()' is obsolete
Assets\Modules\ShipConstructor\Scripts\IntegratedComponent.cs(87,29): warning CS0612: 'ComponentInfo.FromInt32Obsolete(IDatabase, int)' is obsolete
Assets\Modules\ShipConstructor\Scripts\IntegratedComponent.cs(101,26): warning CS0612: 'ComponentInfo.SerializeToInt32Obsolete()' is obsolete
Assets\Modules\ShipConstructor\Scripts\IntegratedComponent.cs(127,29): warning CS0612: 'ComponentInfo.FromInt32Obsolete(IDatabase, int)' is obsolete
Assets\ModulesShared\Gui\Scripts\Theme\Wrappers\ThemedText.cs(16,38): warning CS0414: The field 'ThemedText._themeManaged' is assigned but its value is never used
Assets\ModulesShared\Gui\Scripts\Theme\Wrappers\ThemedImage.cs(14,38): warning CS0414: The field 'ThemedImage._themeManaged' is assigned but its value is never used
Assets\Modules\GameSession\Scripts\Obsolete\Content\StatisticsData.cs(102,8): warning CS0219: The variable 'index' is assigned but its value is never used
Assets\ModulesShared\ShipEditor\Scripts\Model\ShipLayoutModel.cs(34,36): warning CS0612: 'IShipLayout.Size' is obsolete
Assets\ModulesShared\ShipEditor\Scripts\UI\BuildsPanel.cs(368,33): warning CS0612: 'ComponentInfo.SerializeToInt64()' is obsolete
Assets\ModulesShared\ShipEditor\Scripts\UI\BuildsPanel.cs(381,28): warning CS0612: 'ComponentInfo.FromInt64(IDatabase, long)' is obsolete
Assets\ModulesShared\ShipEditor\Scripts\UI\ComponentPanel.cs(287,51): warning CS0618: 'Object.FindObjectOfType<T>()' is obsolete: 'Object.FindObjectOfType has been deprecated. Use Object.FindFirstObjectByType instead or if finding any instance is acceptable the faster Object.FindAnyObjectByType'
Assets\ModulesShared\ShipEditor\Scripts\UI\ShipEditorWindow.cs(412,59): warning CS0612: 'IShipLayout.Size' is obsolete
Assets\ModulesShared\ShipEditor\Scripts\UI\ComponentPanel.cs(455,51): warning CS0618: 'Object.FindObjectOfType<T>()' is obsolete: 'Object.FindObjectOfType has been deprecated. Use Object.FindFirstObjectByType instead or if finding any instance is acceptable the faster Object.FindAnyObjectByType'
Assets\Modules\BattleSimulator\Scripts\Combat\Factory\Bullets\BulletStats.cs(85,16): warning CS0612: 'BulletEffectType' is obsolete
Assets\Modules\BattleSimulator\Scripts\Combat\Factory\Bullets\BulletStats.cs(202,16): warning CS0612: 'BulletEffectType' is obsolete
Assets\Modules\BattleSimulator\Scripts\Combat\Factory\Bullets\AmmunitionClassExtensions.cs(53,23): warning CS0612: 'BulletEffectType' is obsolete
Assets\Modules\BattleSimulator\Scripts\Combat\Component\Systems\Devices\RetributionDevice.cs(61,22): warning CS0114: 'RetributionDevice.Cooldown' hides inherited member 'SystemBase.Cooldown'. To make the current member override that implementation, add the override keyword. Otherwise add the new keyword.
Assets\Modules\BattleSimulator\Scripts\Combat\Component\Systems\Devices\SophonJammerDevice.cs(92,22): warning CS0114: 'SophonJammerDevice.Cooldown' hides inherited member 'SystemBase.Cooldown'. To make the current member override that implementation, add the override keyword. Otherwise add the new keyword.
Assets\Modules\BattleSimulator\Scripts\Combat\AI\Actions\AttackAction.cs(54,25): warning CS0612: 'WeaponInfo.BulletEffectType' is obsolete
Assets\Modules\BattleSimulator\Scripts\Combat\AI\Actions\AttackAction.cs(54,84): warning CS0612: 'WeaponInfo.BulletEffectType' is obsolete
Assets\Modules\BattleSimulator\Scripts\Combat\AI\Actions\AttackAction.cs(54,151): warning CS0612: 'WeaponInfo.BulletEffectType' is obsolete
Assets\Modules\BattleSimulator\Scripts\Combat\AI\Actions\AttackAction.cs(99,21): warning CS0612: 'WeaponInfo.BulletEffectType' is obsolete
Assets\Modules\BattleSimulator\Scripts\Combat\Factory\Bullets\BulletFactoryObsolete.cs(49,50): warning CS0612: 'PrefabCache.LoadBulletPrefabObsolete(PrefabId, string, IGameServicesProvider)' is obsolete
Assets\Modules\BattleSimulator\Scripts\Combat\Component\Collider\CircleCollider.cs(45,25): warning CS0618: 'Physics2D.OverlapCircleNonAlloc(Vector2, float, Collider2D[], int)' is obsolete: 'Physics2D.OverlapCircleNonAlloc is deprecated. Use Physics2D.OverlapCircle instead.'
Assets\Modules\BattleSimulator\Scripts\Combat\Component\Body\RigidBodyAdapter.cs(21,17): warning CS0618: 'Rigidbody2D.isKinematic' is obsolete: 'Please use Rigidbody2D.bodyType instead.'
Assets\Modules\BattleSimulator\Scripts\Combat\Component\Body\RigidBodyAdapter.cs(26,17): warning CS0618: 'Rigidbody2D.isKinematic' is obsolete: 'Please use Rigidbody2D.bodyType instead.'
Assets\Modules\BattleSimulator\Scripts\Combat\Factory\Bullets\BulletStats.cs(210,11): warning CS0612: 'BulletEffectType' is obsolete
Assets\Modules\BattleSimulator\Scripts\Combat\Factory\Bullets\BulletStats.cs(211,11): warning CS0612: 'BulletEffectType' is obsolete
Assets\Modules\BattleSimulator\Scripts\Combat\Factory\Bullets\BulletStats.cs(213,11): warning CS0612: 'BulletEffectType' is obsolete
Assets\Modules\BattleSimulator\Scripts\Combat\Factory\Bullets\BulletStats.cs(215,11): warning CS0612: 'BulletEffectType' is obsolete
Assets\Modules\BattleSimulator\Scripts\Combat\Factory\Bullets\BulletStats.cs(93,32): warning CS0612: 'BulletEffectType' is obsolete
Assets\Modules\BattleSimulator\Scripts\Combat\Factory\Bullets\BulletStats.cs(95,32): warning CS0612: 'BulletEffectType' is obsolete
Assets\Modules\BattleSimulator\Scripts\Combat\Factory\Bullets\BulletStats.cs(97,32): warning CS0612: 'BulletEffectType' is obsolete
Assets\Modules\BattleSimulator\Scripts\Combat\AI\Computer.cs(55,4): warning CS0612: 'ThreatList.Update(float, IShip, IThreatAnalyzer)' is obsolete
Assets\Modules\BattleSimulator\Scripts\Combat\Factory\Bullets\BulletFactoryObsolete.cs(230,111): warning CS0612: 'IWeaponPlatform.Type' is obsolete
Assets\Modules\BattleSimulator\Scripts\Combat\AI\BehaviorTree\Utils\ShipSystemExtensions.cs(98,8): warning CS0219: The variable 'systems' is assigned but its value is never used
Assets\Modules\BattleSimulator\Scripts\Combat\AI\Drone.cs(39,17): warning CS0612: 'ThreatList.Update(float, IShip, IThreatAnalyzer)' is obsolete
Assets\Modules\BattleSimulator\Scripts\Combat\AI\Helpers.cs(21,21): warning CS0612: 'WeaponInfo.BulletEffectType' is obsolete
Assets\Modules\BattleSimulator\Scripts\Combat\AI\Helpers.cs(21,53): warning CS0612: 'BulletEffectType' is obsolete
Assets\Modules\BattleSimulator\Scripts\Combat\AI\Helpers.cs(35,21): warning CS0612: 'WeaponInfo.BulletEffectType' is obsolete
Assets\Modules\BattleSimulator\Scripts\Combat\AI\Helpers.cs(35,53): warning CS0612: 'BulletEffectType' is obsolete
Assets\Modules\BattleSimulator\Scripts\Combat\AI\Helpers.cs(50,21): warning CS0612: 'WeaponInfo.BulletEffectType' is obsolete
Assets\Modules\BattleSimulator\Scripts\Combat\AI\Helpers.cs(50,53): warning CS0612: 'BulletEffectType' is obsolete
Assets\Modules\BattleSimulator\Scripts\Combat\AI\Keyboard.cs(41,30): warning CS0168: The variable 'e' is declared but never used
Assets\Modules\BattleSimulator\Scripts\Combat\AI\Strategy\Factories\AttackRules.cs(29,12): warning CS0612: 'WeaponInfo.BulletEffectType' is obsolete
Assets\Modules\BattleSimulator\Scripts\Combat\AI\Strategy\Factories\AttackRules.cs(29,44): warning CS0612: 'BulletEffectType' is obsolete
Assets\Modules\BattleSimulator\Scripts\Combat\AI\Strategy\Factories\AttackRules.cs(32,21): warning CS0612: 'WeaponInfo.BulletEffectType' is obsolete
Assets\Modules\BattleSimulator\Scripts\Combat\AI\Strategy\Factories\AttackRules.cs(32,53): warning CS0612: 'BulletEffectType' is obsolete
Assets\Modules\BattleSimulator\Scripts\Combat\AI\Strategy\Factories\AttackRules.cs(32,81): warning CS0612: 'WeaponInfo.BulletEffectType' is obsolete
Assets\Modules\BattleSimulator\Scripts\Combat\AI\Strategy\Factories\AttackRules.cs(32,113): warning CS0612: 'BulletEffectType' is obsolete
Assets\Modules\BattleSimulator\Scripts\Combat\AI\Starbase.cs(57,21): warning CS0612: 'WeaponInfo.BulletEffectType' is obsolete
Assets\Modules\BattleSimulator\Scripts\Combat\AI\Starbase.cs(57,53): warning CS0612: 'BulletEffectType' is obsolete
Assets\Modules\BattleSimulator\Scripts\Combat\AI\Starbase.cs(57,81): warning CS0612: 'WeaponInfo.BulletEffectType' is obsolete
Assets\Modules\BattleSimulator\Scripts\Combat\AI\Starbase.cs(57,113): warning CS0612: 'BulletEffectType' is obsolete
Assets\Modules\BattleSimulator\Scripts\Combat\AI\Strategy\Factories\AttackRules.cs(72,21): warning CS0612: 'WeaponInfo.BulletEffectType' is obsolete
Assets\Modules\BattleSimulator\Scripts\Combat\AI\Strategy\Factories\AttackRules.cs(72,53): warning CS0612: 'BulletEffectType' is obsolete
Assets\Modules\BattleSimulator\Scripts\Combat\AI\Strategy\Factories\AttackRules.cs(97,21): warning CS0612: 'WeaponInfo.BulletEffectType' is obsolete
Assets\Modules\BattleSimulator\Scripts\Combat\AI\Strategy\Factories\AttackRules.cs(97,53): warning CS0612: 'BulletEffectType' is obsolete
Assets\Modules\BattleSimulator\Scripts\Combat\AI\Strategy\Factories\AttackRules.cs(97,81): warning CS0612: 'WeaponInfo.BulletEffectType' is obsolete
Assets\Modules\BattleSimulator\Scripts\Combat\AI\Strategy\Factories\AttackRules.cs(97,113): warning CS0612: 'BulletEffectType' is obsolete
Assets\Modules\BattleSimulator\Scripts\Combat\Factory\ShipFactory.cs(59,21): warning CS0414: The field 'ShipFactory._droneBayUniqueId' is assigned but its value is never used
Assets\Scripts\Combat\Domain\CombatModelBuilder.cs(95,32): warning CS0618: 'Factory<CombatModelBuilder>' is obsolete: 'Zenject.Factory has been renamed to PlaceholderFactory.  Zenject.Factory will be removed in future versions'
Assets\Scripts\GameStateMachine\States\AnnouncementState.cs(47,32): warning CS0618: 'Factory<AnnouncementState>' is obsolete: 'Zenject.Factory has been renamed to PlaceholderFactory.  Zenject.Factory will be removed in future versions'
Assets\Scripts\GameStateMachine\States\CombatRewardState.cs(41,32): warning CS0618: 'Factory<IReward, CombatRewardState>' is obsolete: 'Zenject.Factory has been renamed to PlaceholderFactory.  Zenject.Factory will be removed in future versions'
Assets\Scripts\GameStateMachine\States\CombatState.cs(128,32): warning CS0618: 'Factory<ICombatModel, Action<ICombatModel>, CombatState>' is obsolete: 'Zenject.Factory has been renamed to PlaceholderFactory.  Zenject.Factory will be removed in future versions'
Assets\Scripts\GameStateMachine\States\DailyRewardState.cs(57,32): warning CS0618: 'Factory<DailyRewardState>' is obsolete: 'Zenject.Factory has been renamed to PlaceholderFactory.  Zenject.Factory will be removed in future versions'
Assets\Scripts\GameStateMachine\States\EditorInitializationState.cs(49,32): warning CS0618: 'Factory<EditorInitializationState>' is obsolete: 'Zenject.Factory has been renamed to PlaceholderFactory.  Zenject.Factory will be removed in future versions'
Assets\Scripts\GameStateMachine\States\DialogState.cs(59,32): warning CS0618: 'Factory<string, WindowArgs, Action<WindowExitCode>, DialogState>' is obsolete: 'Zenject.Factory has been renamed to PlaceholderFactory.  Zenject.Factory will be removed in future versions'
Assets\Scripts\GameStateMachine\States\ExplorationState.cs(85,32): warning CS0618: 'Factory<Planet, ExplorationState>' is obsolete: 'Zenject.Factory has been renamed to PlaceholderFactory.  Zenject.Factory will be removed in future versions'
Assets\Scripts\GameStateMachine\States\InitializationState.cs(194,32): warning CS0618: 'Factory<InitializationState>' is obsolete: 'Zenject.Factory has been renamed to PlaceholderFactory.  Zenject.Factory will be removed in future versions'
Assets\Scripts\GameStateMachine\States\MainMenuState.cs(152,26): warning CS0618: 'Factory<MainMenuState>' is obsolete: 'Zenject.Factory has been renamed to PlaceholderFactory.  Zenject.Factory will be removed in future versions'
Assets\Scripts\GameStateMachine\States\ModalDialogState.cs(53,32): warning CS0618: 'Factory<string, IEnumerable<GameScene>, ModalDialogState>' is obsolete: 'Zenject.Factory has been renamed to PlaceholderFactory.  Zenject.Factory will be removed in future versions'
Assets\Scripts\GameStateMachine\States\QuestState.cs(63,26): warning CS0618: 'Factory<IUserInteraction, QuestState>' is obsolete: 'Zenject.Factory has been renamed to PlaceholderFactory.  Zenject.Factory will be removed in future versions'
Assets\Scripts\GameStateMachine\States\QuickCombatState.cs(218,32): warning CS0618: 'Factory<QuickCombatState.Settings, QuickCombatState>' is obsolete: 'Zenject.Factory has been renamed to PlaceholderFactory.  Zenject.Factory will be removed in future versions'
Assets\Scripts\GameStateMachine\States\StartingNewGameState.cs(91,32): warning CS0618: 'Factory<StartingNewGameState>' is obsolete: 'Zenject.Factory has been renamed to PlaceholderFactory.  Zenject.Factory will be removed in future versions'
Assets\Scripts\GameStateMachine\States\TestingState.cs(31,32): warning CS0618: 'Factory<TestingState>' is obsolete: 'Zenject.Factory has been renamed to PlaceholderFactory.  Zenject.Factory will be removed in future versions'
Assets\Scripts\GameStateMachine\States\SkillTreeState.cs(31,32): warning CS0618: 'Factory<SkillTreeState>' is obsolete: 'Zenject.Factory has been renamed to PlaceholderFactory.  Zenject.Factory will be removed in future versions'
Assets\Scripts\GameStateMachine\States\TravelState.cs(89,32): warning CS0618: 'Factory<int, TravelState>' is obsolete: 'Zenject.Factory has been renamed to PlaceholderFactory.  Zenject.Factory will be removed in future versions'
Assets\Scripts\GameStateMachine\States\StarMapState.cs(360,32): warning CS0618: 'Factory<StarMapState>' is obsolete: 'Zenject.Factory has been renamed to PlaceholderFactory.  Zenject.Factory will be removed in future versions'
Assets\Scripts\GameStateMachine\States\RetreatState.cs(81,32): warning CS0618: 'Factory<RetreatState>' is obsolete: 'Zenject.Factory has been renamed to PlaceholderFactory.  Zenject.Factory will be removed in future versions'
Assets\Scripts\GameStateMachine\States\EhopediaState.cs(31,32): warning CS0618: 'Factory<EhopediaState>' is obsolete: 'Zenject.Factory has been renamed to PlaceholderFactory.  Zenject.Factory will be removed in future versions'
Assets\Scripts\Legacy\GUI\Layout\RandomLayoutGroup.cs(29,4): warning CS0618: 'Random.seed' is obsolete: 'Deprecated. Use InitState() function or Random.state property instead.'
Assets\Scripts\Legacy\GUI\Layout\RandomLayoutGroup.cs(42,4): warning CS0618: 'Random.seed' is obsolete: 'Deprecated. Use InitState() function or Random.state property instead.'
Assets\Scripts\Legacy\GUI\Console.cs(24,17): warning CS0618: 'Object.FindObjectsOfType<T>()' is obsolete: 'Object.FindObjectsOfType has been deprecated. Use Object.FindObjectsByType instead which lets you decide whether you need the results sorted or not.  FindObjectsOfType sorts the results by InstanceID but if you do not need this using FindObjectSortMode.None is considerably faster.'
Assets\Scripts\Legacy\GUI\ViewModel\CargoHold\ScrapPanelViewModel.cs(133,84): warning CS0612: 'ComponentInfo.SerializeToInt64()' is obsolete
Assets\Scripts\Domain\Economy\ItemType\ComponentItem.cs(21,47): warning CS0612: 'ComponentInfo.SerializeToInt64()' is obsolete
Assets\Scripts\Legacy\Map\Star.cs(411,3): warning CS0618: 'Random.seed' is obsolete: 'Deprecated. Use InitState() function or Random.state property instead.'
Assets\Scripts\GameServices\OfflineMultiplayer\EnemyPlayerInfo.cs(61,30): warning CS0168: The variable 'e' is declared but never used
Assets\Scripts\Legacy\Debug\Cheats.cs(297,26): warning CS0168: The variable 'e' is declared but never used
Assets\Scripts\GameServices\OfflineMultiplayer\PlayerInfo.cs(108,30): warning CS0168: The variable 'e' is declared but never used
Assets\Scripts\GameServices\OfflineMultiplayer\PlayerInfo.cs(147,30): warning CS0168: The variable 'e' is declared but never used
Assets\Scripts\Legacy\Debug\Cheats.cs(353,41): warning CS0612: 'ComponentInfo.FromInt64(IDatabase, long)' is obsolete
Assets\Scripts\GameServices\OfflineMultiplayer\PlayerInfo.cs(163,30): warning CS0168: The variable 'e' is declared but never used
Assets\Scripts\GameServices\OfflineMultiplayer\PlayerInfo.cs(192,30): warning CS0168: The variable 'e' is declared but never used
Assets\Scripts\Gui\ShipService\ShipLayoutPanel.cs(75,85): warning CS0612: 'IShipLayout.Size' is obsolete
Assets\Scripts\Gui\ShipService\ShipLayoutPanel.cs(76,86): warning CS0612: 'IShipLayout.Size' is obsolete
Assets\Scripts\Legacy\GUI\ViewModel\MainMenu\DevConsoleViewModel.cs(76,5): warning CS0162: Unreachable code detected
Assets\Scripts\Gui\ShipService\ShipLayoutPanel.cs(92,28): warning CS0612: 'IShipLayout.Size' is obsolete
Assets\Scripts\Gui\ShipService\ShipLayoutPanel.cs(146,62): warning CS0612: 'IShipLayout.Size' is obsolete
Assets\Scripts\Gui\ShipService\ShipLayoutPanel.cs(146,91): warning CS0612: 'IShipLayout.Size' is obsolete
Assets\Scripts\Legacy\Debug\Cheats.cs(417,57): warning CS0612: 'ComponentInfo.SerializeToInt64()' is obsolete
Assets\Scripts\Gui\MainMenu\SettingsProgress.cs(176,37): warning CS0618: 'Object.FindObjectsOfType<T>(bool)' is obsolete: 'Object.FindObjectsOfType has been deprecated. Use Object.FindObjectsByType instead which lets you decide whether you need the results sorted or not.  FindObjectsOfType sorts the results by InstanceID but if you do not need this using FindObjectSortMode.None is considerably faster.'
Assets\Scripts\Gui\MainMenu\SettingsProgress.cs(178,38): warning CS0618: 'Object.FindObjectsOfType<T>(bool)' is obsolete: 'Object.FindObjectsOfType has been deprecated. Use Object.FindObjectsByType instead which lets you decide whether you need the results sorted or not.  FindObjectsOfType sorts the results by InstanceID but if you do not need this using FindObjectSortMode.None is considerably faster.'
Assets\Scripts\Gui\Combat\RadarPanel.cs(61,17): warning CS0219: The variable 'simpleRadarIndex' is assigned but its value is never used
Assets\Scripts\GameStateMachine\States\ShipEditorState.cs(159,40): warning CS0612: 'ComponentInfo.FromInt64(IDatabase, long)' is obsolete
Assets\Scripts\Legacy\GUI\ViewModel\StarMap\TechTreePanelViewModel.cs(546,6): warning CS0618: 'Random.seed' is obsolete: 'Deprecated. Use InitState() function or Random.state property instead.'
Assets\Scripts\Gui\MainMenu\SettingsProgress.cs(259,60): warning CS0618: 'Object.FindObjectOfType<T>()' is obsolete: 'Object.FindObjectOfType has been deprecated. Use Object.FindFirstObjectByType instead or if finding any instance is acceptable the faster Object.FindAnyObjectByType'
Assets\Scripts\Gui\MainMenu\MainMenu.cs(427,60): warning CS0618: 'Object.FindObjectOfType<T>()' is obsolete: 'Object.FindObjectOfType has been deprecated. Use Object.FindFirstObjectByType instead or if finding any instance is acceptable the faster Object.FindAnyObjectByType'
Assets\Scripts\Gui\MainMenu\MainMenu.cs(609,60): warning CS0618: 'Object.FindObjectOfType<T>()' is obsolete: 'Object.FindObjectOfType has been deprecated. Use Object.FindFirstObjectByType instead or if finding any instance is acceptable the faster Object.FindAnyObjectByType'
Assets\Scripts\Gui\MainMenu\MainMenu.cs(654,60): warning CS0618: 'Object.FindObjectOfType<T>()' is obsolete: 'Object.FindObjectOfType has been deprecated. Use Object.FindFirstObjectByType instead or if finding any instance is acceptable the faster Object.FindAnyObjectByType'
Assets\Scripts\Legacy\GUI\ViewModel\Skills\SkillListUpdater.cs(13,38): warning CS0414: The field 'SkillListUpdater._step' is assigned but its value is never used
Assets\Scripts\Gui\Utils\BackButtonEvent.cs(12,39): warning CS0414: The field 'BackButtonEvent._ignoreIfStandaloneBuild' is assigned but its value is never used
Assets\Scripts\Legacy\GUI\ViewModel\StarMap\MilitaryPanelViewModel.cs(41,15): warning CS0414: The field 'MilitaryPanelViewModel._money' is assigned but its value is never used
Assets\Scripts\Legacy\GUI\LoadingScreen.cs(20,33): warning CS0414: The field 'LoadingScreen._delay' is assigned but its value is never used
Assets\Scripts\Legacy\GUI\LoadingScreen.cs(28,15): warning CS0414: The field 'LoadingScreen._coroutineRunning' is assigned but its value is never used
Assets\Scripts\Legacy\GUI\LoadingScreen.cs(133,18): warning CS0414: The field 'LoadingScreen._firstTime' is assigned but its value is never used
Rebuilding Data files because BuildOptions.CleanBuildCache is set.
Asset Pipeline Refresh (id=2acc9ac385ee82d49bf3f7cb25d59d2e): Total: 0.004 seconds - Initiated by RefreshV2(NoUpdateAssetOptions)
Asset Pipeline Refresh (id=3b8c1d07237921b4da7f68f653595f99): Total: 0.027 seconds - Initiated by RefreshV2(NoUpdateAssetOptions)
SpriteAtlasPacking completed in 0.117563 sec
Opening scene 'Assets/Scenes/LoaderScene.unity'
Unloading 17 Unused Serialized files (Serialized files now loaded: 0)
Loaded scene 'Assets/Scenes/LoaderScene.unity'
	Deserialize:            6.214 ms
	Integration:            97.765 ms
	Integration of assets:  0.066 ms
	Thread Wait Time:       24.293 ms
	Total Operation Time:   128.339 ms
Unloading 9183 unused Assets / (10.2 MB). Loaded Objects now: 6439.
Memory consumption went from 261.2 MB to 251.1 MB.
Total: 7.945200 ms (FindLiveObjects: 0.432100 ms CreateObjectMapping: 0.331200 ms MarkObjects: 3.943100 ms  DeleteObjects: 3.238400 ms)

Created GICache directory at C:/Users/wjy25/AppData/LocalLow/Unity/Caches/GiCache. Took: 0.016s, timestamps: [38.502 - 38.517]
Refreshing native plugins compatible for Editor in 7.70 ms, found 0 plugins.
Preloading 0 native plugins for Editor in 0.00 ms.
SendMessage cannot be called during Awake, CheckConsistency, or OnValidate (Content: OnRectTransformDimensionsChange)
SendMessage cannot be called during Awake, CheckConsistency, or OnValidate (Content: OnRectTransformDimensionsChange)
SendMessage cannot be called during Awake, CheckConsistency, or OnValidate (Content: OnRectTransformDimensionsChange)
SendMessage cannot be called during Awake, CheckConsistency, or OnValidate (Content: OnRectTransformDimensionsChange)
SendMessage cannot be called during Awake, CheckConsistency, or OnValidate (Content: OnRectTransformDimensionsChange)
SendMessage cannot be called during Awake, CheckConsistency, or OnValidate (Content: OnRectTransformDimensionsChange)
SendMessage cannot be called during Awake, CheckConsistency, or OnValidate (Content: OnRectTransformDimensionsChange)
SendMessage cannot be called during Awake, CheckConsistency, or OnValidate (Content: OnRectTransformDimensionsChange)
SendMessage cannot be called during Awake, CheckConsistency, or OnValidate (Content: OnRectTransformDimensionsChange)
SendMessage cannot be called during Awake, CheckConsistency, or OnValidate (Content: OnRectTransformDimensionsChange)
SendMessage cannot be called during Awake, CheckConsistency, or OnValidate (Content: OnRectTransformDimensionsChange)
SendMessage cannot be called during Awake, CheckConsistency, or OnValidate (Content: OnRectTransformDimensionsChange)
SendMessage cannot be called during Awake, CheckConsistency, or OnValidate (Content: OnRectTransformDimensionsChange)
SendMessage cannot be called during Awake, CheckConsistency, or OnValidate (Content: OnRectTransformDimensionsChange)
SendMessage cannot be called during Awake, CheckConsistency, or OnValidate (Content: OnRectTransformDimensionsChange)
SendMessage cannot be called during Awake, CheckConsistency, or OnValidate (Content: OnRectTransformDimensionsChange)
Opening scene 'Assets/Scenes/CommonGuiScene.unity'
Unloading 3724 Unused Serialized files (Serialized files now loaded: 0)
Loaded scene 'Assets/Scenes/CommonGuiScene.unity'
	Deserialize:            10.719 ms
	Integration:            22.755 ms
	Integration of assets:  0.002 ms
	Thread Wait Time:       0.096 ms
	Total Operation Time:   33.571 ms
Unloading 15307 unused Assets / (157.7 MB). Loaded Objects now: 7360.
Memory consumption went from 414.2 MB to 256.6 MB.
Total: 23.268000 ms (FindLiveObjects: 0.563000 ms CreateObjectMapping: 0.319000 ms MarkObjects: 4.109600 ms  DeleteObjects: 18.276000 ms)

[ReUI Build] Removed 1 missing script component(s) from temporary scene copy: Assets/Scenes/CommonGuiScene.unity
Opening scene 'Assets/Scenes/MainMenuScene.unity'
Unloading 6 Unused Serialized files (Serialized files now loaded: 0)
Loaded scene 'Assets/Scenes/MainMenuScene.unity'
	Deserialize:            8.814 ms
	Integration:            13.941 ms
	Integration of assets:  2.561 ms
	Thread Wait Time:       0.114 ms
	Total Operation Time:   25.430 ms
Unloading 34 unused Assets / (17.0 KB). Loaded Objects now: 7221.
Memory consumption went from 234.8 MB to 234.8 MB.
Total: 4.631600 ms (FindLiveObjects: 0.179700 ms CreateObjectMapping: 0.069400 ms MarkObjects: 4.101900 ms  DeleteObjects: 0.280000 ms)

Opening scene 'Assets/Scenes/StarMapScene.unity'
Unloading 43 Unused Serialized files (Serialized files now loaded: 0)
SendMessage cannot be called during Awake, CheckConsistency, or OnValidate (Content: OnRectTransformDimensionsChange)
SendMessage cannot be called during Awake, CheckConsistency, or OnValidate (Content: OnRectTransformDimensionsChange)
SendMessage cannot be called during Awake, CheckConsistency, or OnValidate (Content: OnRectTransformDimensionsChange)
SendMessage cannot be called during Awake, CheckConsistency, or OnValidate (Content: OnRectTransformDimensionsChange)
SendMessage cannot be called during Awake, CheckConsistency, or OnValidate (Content: OnRectTransformDimensionsChange)
SendMessage cannot be called during Awake, CheckConsistency, or OnValidate (Content: OnRectTransformDimensionsChange)
SendMessage cannot be called during Awake, CheckConsistency, or OnValidate (Content: OnRectTransformDimensionsChange)
SendMessage cannot be called during Awake, CheckConsistency, or OnValidate (Content: OnRectTransformDimensionsChange)
SendMessage cannot be called during Awake, CheckConsistency, or OnValidate (Content: OnRectTransformDimensionsChange)
SendMessage cannot be called during Awake, CheckConsistency, or OnValidate (Content: OnRectTransformDimensionsChange)
SendMessage cannot be called during Awake, CheckConsistency, or OnValidate (Content: OnRectTransformDimensionsChange)
SendMessage cannot be called during Awake, CheckConsistency, or OnValidate (Content: OnRectTransformDimensionsChange)
SendMessage cannot be called during Awake, CheckConsistency, or OnValidate (Content: OnRectTransformDimensionsChange)
SendMessage cannot be called during Awake, CheckConsistency, or OnValidate (Content: OnRectTransformDimensionsChange)
SendMessage cannot be called during Awake, CheckConsistency, or OnValidate (Content: OnRectTransformDimensionsChange)
SendMessage cannot be called during Awake, CheckConsistency, or OnValidate (Content: OnRectTransformDimensionsChange)
SendMessage cannot be called during Awake, CheckConsistency, or OnValidate (Content: OnRectTransformDimensionsChange)
SendMessage cannot be called during Awake, CheckConsistency, or OnValidate (Content: OnRectTransformDimensionsChange)
Loaded scene 'Assets/Scenes/StarMapScene.unity'
	Deserialize:            20.316 ms
	Integration:            99.062 ms
	Integration of assets:  0.280 ms
	Thread Wait Time:       0.100 ms
	Total Operation Time:   119.757 ms
Unloading 54 unused Assets / (100.3 KB). Loaded Objects now: 20940.
Memory consumption went from 254.2 MB to 254.1 MB.
Total: 16.238900 ms (FindLiveObjects: 0.499300 ms CreateObjectMapping: 0.219000 ms MarkObjects: 5.235200 ms  DeleteObjects: 10.285000 ms)

